
===========================================================================
report_checks -unconstrained
===========================================================================
======================= max_ff_n40C_1v95 Corner ===================================

Startpoint: wb_rst_i (input port clocked by clk)
Endpoint: _125704_ (rising edge-triggered flip-flop clocked by clk)
Path Group: clk
Path Type: max

Fanout         Cap        Slew       Delay        Time   Description
---------------------------------------------------------------------------------------------
                                  0.000000    0.000000   clock clk (rise edge)
                                  5.570000    5.570000   clock network delay (propagated)
                                 12.500000   18.070000 v input external delay
     2    0.004476    0.000000    0.000000   18.070000 v wb_rst_i (in)
                                                         wb_rst_i (net)
                      0.000231    0.000115   18.070114 v input5/A (sky130_fd_sc_hd__buf_4)
     3    0.047684    0.055692    0.104212   18.174326 v input5/X (sky130_fd_sc_hd__buf_4)
                                                         net5 (net)
                      0.060116    0.012134   18.186460 v wire7353/A (sky130_fd_sc_hd__buf_4)
     3    0.060369    0.067190    0.134898   18.321360 v wire7353/X (sky130_fd_sc_hd__buf_4)
                                                         net7353 (net)
                      0.072730    0.014850   18.336210 v fanout7342/A (sky130_fd_sc_hd__buf_6)
     5    0.054246    0.044940    0.113651   18.449862 v fanout7342/X (sky130_fd_sc_hd__buf_6)
                                                         net7342 (net)
                      0.045127    0.002522   18.452383 v fanout7241/A (sky130_fd_sc_hd__buf_4)
     5    0.060126    0.065755    0.132109   18.584494 v fanout7241/X (sky130_fd_sc_hd__buf_4)
                                                         net7241 (net)
                      0.066340    0.004961   18.589455 v max_length7245/A (sky130_fd_sc_hd__buf_4)
     7    0.062042    0.068559    0.139485   18.728939 v max_length7245/X (sky130_fd_sc_hd__buf_4)
                                                         net7245 (net)
                      0.068721    0.002938   18.731876 v fanout7169/A (sky130_fd_sc_hd__buf_6)
     7    0.048906    0.041458    0.110802   18.842680 v fanout7169/X (sky130_fd_sc_hd__buf_6)
                                                         net7169 (net)
                      0.041647    0.002316   18.844995 v max_length7171/A (sky130_fd_sc_hd__buf_4)
     5    0.068173    0.067568    0.137589   18.982584 v max_length7171/X (sky130_fd_sc_hd__buf_4)
                                                         net7171 (net)
                      0.068393    0.005937   18.988522 v wire7170/A (sky130_fd_sc_hd__clkbuf_4)
     7    0.102680    0.143025    0.196511   19.185032 v wire7170/X (sky130_fd_sc_hd__clkbuf_4)
                                                         net7170 (net)
                      0.143786    0.008718   19.193750 v fanout7168/A (sky130_fd_sc_hd__clkbuf_8)
    21    0.155523    0.115330    0.184347   19.378098 v fanout7168/X (sky130_fd_sc_hd__clkbuf_8)
                                                         net7168 (net)
                      0.115616    0.006168   19.384266 v fanout7167/A (sky130_fd_sc_hd__clkbuf_8)
    21    0.136014    0.105968    0.182414   19.566679 v fanout7167/X (sky130_fd_sc_hd__clkbuf_8)
                                                         net7167 (net)
                      0.120854    0.030305   19.596985 v _061002_/B (sky130_fd_sc_hd__nor2_1)
     1    0.013230    0.177273    0.177934   19.774918 ^ _061002_/Y (sky130_fd_sc_hd__nor2_1)
                                                         _006657_ (net)
                      0.177285    0.001180   19.776098 ^ fanout3029/A (sky130_fd_sc_hd__buf_6)
     2    0.019142    0.038903    0.087628   19.863726 ^ fanout3029/X (sky130_fd_sc_hd__buf_6)
                                                         net3029 (net)
                      0.038953    0.001211   19.864937 ^ wire3034/A (sky130_fd_sc_hd__clkbuf_4)
     5    0.080223    0.183842    0.194522   20.059458 ^ wire3034/X (sky130_fd_sc_hd__clkbuf_4)
                                                         net3034 (net)
                      0.184146    0.006125   20.065584 ^ wire3033/A (sky130_fd_sc_hd__buf_4)
     5    0.078369    0.165628    0.182730   20.248314 ^ wire3033/X (sky130_fd_sc_hd__buf_4)
                                                         net3033 (net)
                      0.170462    0.022389   20.270702 ^ wire3032/A (sky130_fd_sc_hd__clkbuf_2)
     3    0.053742    0.224663    0.221799   20.492502 ^ wire3032/X (sky130_fd_sc_hd__clkbuf_2)
                                                         net3032 (net)
                      0.224977    0.006899   20.499401 ^ wire3031/A (sky130_fd_sc_hd__buf_6)
     7    0.115808    0.175052    0.172840   20.672241 ^ wire3031/X (sky130_fd_sc_hd__buf_6)
                                                         net3031 (net)
                      0.177513    0.016790   20.689032 ^ fanout2938/A (sky130_fd_sc_hd__buf_6)
     5    0.040308    0.067374    0.107816   20.796848 ^ fanout2938/X (sky130_fd_sc_hd__buf_6)
                                                         net2938 (net)
                      0.068019    0.005231   20.802078 ^ wire2941/A (sky130_fd_sc_hd__buf_2)
     5    0.055054    0.203251    0.191747   20.993826 ^ wire2941/X (sky130_fd_sc_hd__buf_2)
                                                         net2941 (net)
                      0.204546    0.013166   21.006992 ^ wire2940/A (sky130_fd_sc_hd__buf_2)
     5    0.057496    0.211709    0.218250   21.225243 ^ wire2940/X (sky130_fd_sc_hd__buf_2)
                                                         net2940 (net)
                      0.212830    0.012539   21.237782 ^ wire2939/A (sky130_fd_sc_hd__buf_4)
     5    0.078994    0.166862    0.187985   21.425766 ^ wire2939/X (sky130_fd_sc_hd__buf_4)
                                                         net2939 (net)
                      0.169473    0.016710   21.442476 ^ fanout2936/A (sky130_fd_sc_hd__clkbuf_2)
     5    0.032507    0.138576    0.165814   21.608292 ^ fanout2936/X (sky130_fd_sc_hd__clkbuf_2)
                                                         net2936 (net)
                      0.138585    0.000931   21.609222 ^ fanout2932/A (sky130_fd_sc_hd__clkbuf_2)
    11    0.051116    0.213819    0.213326   21.822548 ^ fanout2932/X (sky130_fd_sc_hd__clkbuf_2)
                                                         net2932 (net)
                      0.213860    0.002483   21.825031 ^ fanout2929/A (sky130_fd_sc_hd__clkbuf_4)
    21    0.088346    0.202947    0.240775   22.065805 ^ fanout2929/X (sky130_fd_sc_hd__clkbuf_4)
                                                         net2929 (net)
                      0.204578    0.014717   22.080523 ^ _117965_/B1 (sky130_fd_sc_hd__o21ai_1)
     1    0.005411    0.059305    0.043514   22.124037 v _117965_/Y (sky130_fd_sc_hd__o21ai_1)
                                                         _059073_ (net)
                      0.059307    0.000384   22.124420 v hold24478/A (sky130_fd_sc_hd__dlygate4sd3_1)
     1    0.003339    0.040330    0.374049   22.498470 v hold24478/X (sky130_fd_sc_hd__dlygate4sd3_1)
                                                         net32481 (net)
                      0.040330    0.000203   22.498672 v hold9376/A (sky130_fd_sc_hd__dlygate4sd3_1)
     1    0.007051    0.052959    0.383199   22.881872 v hold9376/X (sky130_fd_sc_hd__dlygate4sd3_1)
                                                         net17379 (net)
                      0.052959    0.000719   22.882591 v _117966_/B1 (sky130_fd_sc_hd__a21oi_1)
     1    0.002969    0.080169    0.059249   22.941839 ^ _117966_/Y (sky130_fd_sc_hd__a21oi_1)
                                                         _004515_ (net)
                      0.080169    0.000188   22.942028 ^ hold24479/A (sky130_fd_sc_hd__dlygate4sd3_1)
     1    0.004839    0.051047    0.391660   23.333687 ^ hold24479/X (sky130_fd_sc_hd__dlygate4sd3_1)
                                                         net32482 (net)
                      0.051047    0.000343   23.334030 ^ hold9377/A (sky130_fd_sc_hd__dlygate4sd3_1)
     1    0.003989    0.045505    0.382354   23.716385 ^ hold9377/X (sky130_fd_sc_hd__dlygate4sd3_1)
                                                         net17380 (net)
                      0.045505    0.000243   23.716627 ^ hold24480/A (sky130_fd_sc_hd__dlygate4sd3_1)
     1    0.005422    0.054956    0.388924   24.105553 ^ hold24480/X (sky130_fd_sc_hd__dlygate4sd3_1)
                                                         net32483 (net)
                      0.054956    0.000369   24.105921 ^ _125704_/D (sky130_fd_sc_hd__dfxtp_1)
                                             24.105921   data arrival time

                                 25.000000   25.000000   clock clk (rise edge)
                                  4.650000   29.650000   clock source latency
     2    0.382677    0.610000    0.000000   29.650000 ^ wb_clk_i (in)
                                                         wb_clk_i (net)
                      0.759225    0.074612   29.724611 ^ clkbuf_0_wb_clk_i/A (sky130_fd_sc_hd__clkbuf_16)
     6    0.231419    0.193576    0.246352   29.970963 ^ clkbuf_0_wb_clk_i/X (sky130_fd_sc_hd__clkbuf_16)
                                                         clknet_0_wb_clk_i (net)
                      0.198109    0.023419   29.994383 ^ clkbuf_1_1_0_wb_clk_i/A (sky130_fd_sc_hd__clkbuf_8)
     5    0.125040    0.167889    0.209031   30.203413 ^ clkbuf_1_1_0_wb_clk_i/X (sky130_fd_sc_hd__clkbuf_8)
                                                         clknet_1_1_0_wb_clk_i (net)
                      0.170144    0.015593   30.219007 ^ clkbuf_2_2_0_wb_clk_i/A (sky130_fd_sc_hd__clkbuf_8)
     5    0.069495    0.099821    0.155641   30.374647 ^ clkbuf_2_2_0_wb_clk_i/X (sky130_fd_sc_hd__clkbuf_8)
                                                         clknet_2_2_0_wb_clk_i (net)
                      0.105575    0.018638   30.393286 ^ clkbuf_3_5_0_wb_clk_i/A (sky130_fd_sc_hd__clkbuf_8)
     5    0.100824    0.137117    0.163286   30.556572 ^ clkbuf_3_5_0_wb_clk_i/X (sky130_fd_sc_hd__clkbuf_8)
                                                         clknet_3_5_0_wb_clk_i (net)
                      0.149363    0.031473   30.588045 ^ clkbuf_4_11_0_wb_clk_i/A (sky130_fd_sc_hd__clkbuf_8)
     9    0.080777    0.112919    0.166043   30.754087 ^ clkbuf_4_11_0_wb_clk_i/X (sky130_fd_sc_hd__clkbuf_8)
                                                         clknet_4_11_0_wb_clk_i (net)
                      0.113072    0.003539   30.757627 ^ clkbuf_6_45_0_wb_clk_i/A (sky130_fd_sc_hd__clkbuf_8)
     5    0.053062    0.077776    0.137913   30.895540 ^ clkbuf_6_45_0_wb_clk_i/X (sky130_fd_sc_hd__clkbuf_8)
                                                         clknet_6_45_0_wb_clk_i (net)
                      0.078877    0.007326   30.902864 ^ clkbuf_7_90__f_wb_clk_i/A (sky130_fd_sc_hd__clkbuf_16)
    27    0.166085    0.138297    0.168786   31.071651 ^ clkbuf_7_90__f_wb_clk_i/X (sky130_fd_sc_hd__clkbuf_16)
                                                         clknet_7_90__leaf_wb_clk_i (net)
                      0.138505    0.004583   31.076235 ^ clkbuf_leaf_476_wb_clk_i/A (sky130_fd_sc_hd__clkbuf_8)
     4    0.022751    0.042354    0.117879   31.194113 ^ clkbuf_leaf_476_wb_clk_i/X (sky130_fd_sc_hd__clkbuf_8)
                                                         clknet_leaf_476_wb_clk_i (net)
                      0.042382    0.000995   31.195108 ^ _125704_/CLK (sky130_fd_sc_hd__dfxtp_1)
                                 -0.250000   30.945107   clock uncertainty
                                  0.000000   30.945107   clock reconvergence pessimism
                                 -0.030743   30.914366   library setup time
                                             30.914366   data required time
---------------------------------------------------------------------------------------------
                                             30.914366   data required time
                                            -24.105921   data arrival time
---------------------------------------------------------------------------------------------
                                              6.808444   slack (MET)




===========================================================================
report_checks --slack_max -0.01
============================================================================
======================= max_ff_n40C_1v95 Corner ===================================

No paths found.


===========================================================================
 report_check_types -max_slew -max_cap -max_fanout -violators
============================================================================
======================= max_ff_n40C_1v95 Corner ===================================

max fanout

Pin                                   Limit Fanout  Slack
---------------------------------------------------------
hold31890/X                              10     59    -49 (VIOLATED)
clkbuf_7_115__f_wb_clk_i/X               10     35    -25 (VIOLATED)
clkbuf_7_53__f_wb_clk_i/X                10     35    -25 (VIOLATED)
clkbuf_7_75__f_wb_clk_i/X                10     35    -25 (VIOLATED)
clkbuf_7_40__f_wb_clk_i/X                10     33    -23 (VIOLATED)
clkbuf_7_52__f_wb_clk_i/X                10     33    -23 (VIOLATED)
clkbuf_7_67__f_wb_clk_i/X                10     33    -23 (VIOLATED)
clkbuf_7_74__f_wb_clk_i/X                10     33    -23 (VIOLATED)
clkbuf_7_76__f_wb_clk_i/X                10     33    -23 (VIOLATED)
clkbuf_7_77__f_wb_clk_i/X                10     33    -23 (VIOLATED)
clkbuf_7_8__f_wb_clk_i/X                 10     33    -23 (VIOLATED)
clkbuf_7_114__f_wb_clk_i/X               10     31    -21 (VIOLATED)
clkbuf_7_26__f_wb_clk_i/X                10     31    -21 (VIOLATED)
clkbuf_7_27__f_wb_clk_i/X                10     31    -21 (VIOLATED)
clkbuf_7_28__f_wb_clk_i/X                10     31    -21 (VIOLATED)
clkbuf_7_30__f_wb_clk_i/X                10     31    -21 (VIOLATED)
clkbuf_7_31__f_wb_clk_i/X                10     31    -21 (VIOLATED)
clkbuf_7_48__f_wb_clk_i/X                10     31    -21 (VIOLATED)
clkbuf_7_66__f_wb_clk_i/X                10     31    -21 (VIOLATED)
clkbuf_7_70__f_wb_clk_i/X                10     31    -21 (VIOLATED)
clkbuf_7_78__f_wb_clk_i/X                10     31    -21 (VIOLATED)
clkbuf_7_79__f_wb_clk_i/X                10     31    -21 (VIOLATED)
clkbuf_7_83__f_wb_clk_i/X                10     31    -21 (VIOLATED)
clkbuf_7_112__f_wb_clk_i/X               10     29    -19 (VIOLATED)
clkbuf_7_113__f_wb_clk_i/X               10     29    -19 (VIOLATED)
clkbuf_7_24__f_wb_clk_i/X                10     29    -19 (VIOLATED)
clkbuf_7_29__f_wb_clk_i/X                10     29    -19 (VIOLATED)
clkbuf_7_49__f_wb_clk_i/X                10     29    -19 (VIOLATED)
clkbuf_7_60__f_wb_clk_i/X                10     29    -19 (VIOLATED)
clkbuf_7_68__f_wb_clk_i/X                10     29    -19 (VIOLATED)
clkbuf_7_94__f_wb_clk_i/X                10     29    -19 (VIOLATED)
clkbuf_7_116__f_wb_clk_i/X               10     27    -17 (VIOLATED)
clkbuf_7_118__f_wb_clk_i/X               10     27    -17 (VIOLATED)
clkbuf_7_119__f_wb_clk_i/X               10     27    -17 (VIOLATED)
clkbuf_7_25__f_wb_clk_i/X                10     27    -17 (VIOLATED)
clkbuf_7_41__f_wb_clk_i/X                10     27    -17 (VIOLATED)
clkbuf_7_42__f_wb_clk_i/X                10     27    -17 (VIOLATED)
clkbuf_7_54__f_wb_clk_i/X                10     27    -17 (VIOLATED)
clkbuf_7_55__f_wb_clk_i/X                10     27    -17 (VIOLATED)
clkbuf_7_61__f_wb_clk_i/X                10     27    -17 (VIOLATED)
clkbuf_7_64__f_wb_clk_i/X                10     27    -17 (VIOLATED)
clkbuf_7_71__f_wb_clk_i/X                10     27    -17 (VIOLATED)
clkbuf_7_72__f_wb_clk_i/X                10     27    -17 (VIOLATED)
clkbuf_7_73__f_wb_clk_i/X                10     27    -17 (VIOLATED)
clkbuf_7_90__f_wb_clk_i/X                10     27    -17 (VIOLATED)
clkbuf_7_92__f_wb_clk_i/X                10     27    -17 (VIOLATED)
clkbuf_7_101__f_wb_clk_i/X               10     25    -15 (VIOLATED)
clkbuf_7_108__f_wb_clk_i/X               10     25    -15 (VIOLATED)
clkbuf_7_11__f_wb_clk_i/X                10     25    -15 (VIOLATED)
clkbuf_7_22__f_wb_clk_i/X                10     25    -15 (VIOLATED)
clkbuf_7_33__f_wb_clk_i/X                10     25    -15 (VIOLATED)
clkbuf_7_50__f_wb_clk_i/X                10     25    -15 (VIOLATED)
clkbuf_7_51__f_wb_clk_i/X                10     25    -15 (VIOLATED)
clkbuf_7_69__f_wb_clk_i/X                10     25    -15 (VIOLATED)
clkbuf_7_82__f_wb_clk_i/X                10     25    -15 (VIOLATED)
clkbuf_7_109__f_wb_clk_i/X               10     23    -13 (VIOLATED)
clkbuf_7_15__f_wb_clk_i/X                10     23    -13 (VIOLATED)
clkbuf_7_18__f_wb_clk_i/X                10     23    -13 (VIOLATED)
clkbuf_7_19__f_wb_clk_i/X                10     23    -13 (VIOLATED)
clkbuf_7_23__f_wb_clk_i/X                10     23    -13 (VIOLATED)
clkbuf_7_46__f_wb_clk_i/X                10     23    -13 (VIOLATED)
clkbuf_7_91__f_wb_clk_i/X                10     23    -13 (VIOLATED)
clkbuf_7_95__f_wb_clk_i/X                10     23    -13 (VIOLATED)
clkbuf_7_96__f_wb_clk_i/X                10     23    -13 (VIOLATED)
clkbuf_7_97__f_wb_clk_i/X                10     23    -13 (VIOLATED)
clkbuf_7_98__f_wb_clk_i/X                10     23    -13 (VIOLATED)
clkbuf_7_99__f_wb_clk_i/X                10     23    -13 (VIOLATED)
fanout7229/X                             10     23    -13 (VIOLATED)
fanout1324/X                             10     22    -12 (VIOLATED)
_060748_/Y                               10     21    -11 (VIOLATED)
_060760_/Y                               10     21    -11 (VIOLATED)
_060797_/Y                               10     21    -11 (VIOLATED)
_092187_/Y                               10     21    -11 (VIOLATED)
_099138_/X                               10     21    -11 (VIOLATED)
_115177_/Y                               10     21    -11 (VIOLATED)
clkbuf_7_0__f_wb_clk_i/X                 10     21    -11 (VIOLATED)
clkbuf_7_100__f_wb_clk_i/X               10     21    -11 (VIOLATED)
clkbuf_7_102__f_wb_clk_i/X               10     21    -11 (VIOLATED)
clkbuf_7_10__f_wb_clk_i/X                10     21    -11 (VIOLATED)
clkbuf_7_117__f_wb_clk_i/X               10     21    -11 (VIOLATED)
clkbuf_7_120__f_wb_clk_i/X               10     21    -11 (VIOLATED)
clkbuf_7_121__f_wb_clk_i/X               10     21    -11 (VIOLATED)
clkbuf_7_122__f_wb_clk_i/X               10     21    -11 (VIOLATED)
clkbuf_7_123__f_wb_clk_i/X               10     21    -11 (VIOLATED)
clkbuf_7_124__f_wb_clk_i/X               10     21    -11 (VIOLATED)
clkbuf_7_125__f_wb_clk_i/X               10     21    -11 (VIOLATED)
clkbuf_7_1__f_wb_clk_i/X                 10     21    -11 (VIOLATED)
clkbuf_7_43__f_wb_clk_i/X                10     21    -11 (VIOLATED)
clkbuf_7_47__f_wb_clk_i/X                10     21    -11 (VIOLATED)
clkbuf_7_62__f_wb_clk_i/X                10     21    -11 (VIOLATED)
clkbuf_7_65__f_wb_clk_i/X                10     21    -11 (VIOLATED)
clkbuf_7_80__f_wb_clk_i/X                10     21    -11 (VIOLATED)
clkbuf_7_86__f_wb_clk_i/X                10     21    -11 (VIOLATED)
clkbuf_7_9__f_wb_clk_i/X                 10     21    -11 (VIOLATED)
clkbuf_leaf_491_wb_clk_i/X               10     21    -11 (VIOLATED)
clkbuf_leaf_556_wb_clk_i/X               10     21    -11 (VIOLATED)
fanout1032/X                             10     21    -11 (VIOLATED)
fanout1043/X                             10     21    -11 (VIOLATED)
fanout1058/X                             10     21    -11 (VIOLATED)
fanout1085/X                             10     21    -11 (VIOLATED)
fanout1092/X                             10     21    -11 (VIOLATED)
fanout1111/X                             10     21    -11 (VIOLATED)
fanout1114/X                             10     21    -11 (VIOLATED)
fanout1161/X                             10     21    -11 (VIOLATED)
fanout117/X                              10     21    -11 (VIOLATED)
fanout120/X                              10     21    -11 (VIOLATED)
fanout1210/X                             10     21    -11 (VIOLATED)
fanout122/X                              10     21    -11 (VIOLATED)
fanout1221/X                             10     21    -11 (VIOLATED)
fanout1228/X                             10     21    -11 (VIOLATED)
fanout123/X                              10     21    -11 (VIOLATED)
fanout126/X                              10     21    -11 (VIOLATED)
fanout127/X                              10     21    -11 (VIOLATED)
fanout128/X                              10     21    -11 (VIOLATED)
fanout129/X                              10     21    -11 (VIOLATED)
fanout131/X                              10     21    -11 (VIOLATED)
fanout132/X                              10     21    -11 (VIOLATED)
fanout133/X                              10     21    -11 (VIOLATED)
fanout1333/X                             10     21    -11 (VIOLATED)
fanout1336/X                             10     21    -11 (VIOLATED)
fanout1341/X                             10     21    -11 (VIOLATED)
fanout135/X                              10     21    -11 (VIOLATED)
fanout1350/X                             10     21    -11 (VIOLATED)
fanout1369/X                             10     21    -11 (VIOLATED)
fanout137/X                              10     21    -11 (VIOLATED)
fanout1380/X                             10     21    -11 (VIOLATED)
fanout139/X                              10     21    -11 (VIOLATED)
fanout1395/X                             10     21    -11 (VIOLATED)
fanout1408/X                             10     21    -11 (VIOLATED)
fanout141/X                              10     21    -11 (VIOLATED)
fanout1412/X                             10     21    -11 (VIOLATED)
fanout1413/X                             10     21    -11 (VIOLATED)
fanout1414/X                             10     21    -11 (VIOLATED)
fanout1417/X                             10     21    -11 (VIOLATED)
fanout1437/X                             10     21    -11 (VIOLATED)
fanout147/X                              10     21    -11 (VIOLATED)
fanout149/X                              10     21    -11 (VIOLATED)
fanout1521/X                             10     21    -11 (VIOLATED)
fanout1528/X                             10     21    -11 (VIOLATED)
fanout1540/X                             10     21    -11 (VIOLATED)
fanout1547/X                             10     21    -11 (VIOLATED)
fanout1549/X                             10     21    -11 (VIOLATED)
fanout1581/X                             10     21    -11 (VIOLATED)
fanout1583/X                             10     21    -11 (VIOLATED)
fanout1585/X                             10     21    -11 (VIOLATED)
fanout1587/X                             10     21    -11 (VIOLATED)
fanout160/X                              10     21    -11 (VIOLATED)
fanout161/X                              10     21    -11 (VIOLATED)
fanout162/X                              10     21    -11 (VIOLATED)
fanout1642/X                             10     21    -11 (VIOLATED)
fanout165/X                              10     21    -11 (VIOLATED)
fanout1652/X                             10     21    -11 (VIOLATED)
fanout166/X                              10     21    -11 (VIOLATED)
fanout167/X                              10     21    -11 (VIOLATED)
fanout1685/X                             10     21    -11 (VIOLATED)
fanout1688/X                             10     21    -11 (VIOLATED)
fanout1689/X                             10     21    -11 (VIOLATED)
fanout169/X                              10     21    -11 (VIOLATED)
fanout1692/X                             10     21    -11 (VIOLATED)
fanout170/X                              10     21    -11 (VIOLATED)
fanout171/X                              10     21    -11 (VIOLATED)
fanout1717/X                             10     21    -11 (VIOLATED)
fanout1719/X                             10     21    -11 (VIOLATED)
fanout1721/X                             10     21    -11 (VIOLATED)
fanout1723/X                             10     21    -11 (VIOLATED)
fanout1724/X                             10     21    -11 (VIOLATED)
fanout1726/X                             10     21    -11 (VIOLATED)
fanout1728/X                             10     21    -11 (VIOLATED)
fanout173/X                              10     21    -11 (VIOLATED)
fanout1730/X                             10     21    -11 (VIOLATED)
fanout1731/X                             10     21    -11 (VIOLATED)
fanout1732/X                             10     21    -11 (VIOLATED)
fanout1738/X                             10     21    -11 (VIOLATED)
fanout1739/X                             10     21    -11 (VIOLATED)
fanout1740/X                             10     21    -11 (VIOLATED)
fanout1741/X                             10     21    -11 (VIOLATED)
fanout1742/X                             10     21    -11 (VIOLATED)
fanout1743/X                             10     21    -11 (VIOLATED)
fanout1744/X                             10     21    -11 (VIOLATED)
fanout1745/X                             10     21    -11 (VIOLATED)
fanout1746/X                             10     21    -11 (VIOLATED)
fanout1747/X                             10     21    -11 (VIOLATED)
fanout1749/X                             10     21    -11 (VIOLATED)
fanout1750/X                             10     21    -11 (VIOLATED)
fanout1756/X                             10     21    -11 (VIOLATED)
fanout1757/X                             10     21    -11 (VIOLATED)
fanout1759/X                             10     21    -11 (VIOLATED)
fanout1761/X                             10     21    -11 (VIOLATED)
fanout1762/X                             10     21    -11 (VIOLATED)
fanout1763/X                             10     21    -11 (VIOLATED)
fanout1766/X                             10     21    -11 (VIOLATED)
fanout1768/X                             10     21    -11 (VIOLATED)
fanout1770/X                             10     21    -11 (VIOLATED)
fanout1772/X                             10     21    -11 (VIOLATED)
fanout1774/X                             10     21    -11 (VIOLATED)
fanout1776/X                             10     21    -11 (VIOLATED)
fanout1778/X                             10     21    -11 (VIOLATED)
fanout1779/X                             10     21    -11 (VIOLATED)
fanout178/X                              10     21    -11 (VIOLATED)
fanout1780/X                             10     21    -11 (VIOLATED)
fanout1782/X                             10     21    -11 (VIOLATED)
fanout1783/X                             10     21    -11 (VIOLATED)
fanout1784/X                             10     21    -11 (VIOLATED)
fanout1785/X                             10     21    -11 (VIOLATED)
fanout1788/X                             10     21    -11 (VIOLATED)
fanout179/X                              10     21    -11 (VIOLATED)
fanout1790/X                             10     21    -11 (VIOLATED)
fanout1791/X                             10     21    -11 (VIOLATED)
fanout1794/X                             10     21    -11 (VIOLATED)
fanout1797/X                             10     21    -11 (VIOLATED)
fanout1798/X                             10     21    -11 (VIOLATED)
fanout180/X                              10     21    -11 (VIOLATED)
fanout1801/X                             10     21    -11 (VIOLATED)
fanout1802/X                             10     21    -11 (VIOLATED)
fanout1805/X                             10     21    -11 (VIOLATED)
fanout1807/X                             10     21    -11 (VIOLATED)
fanout1810/X                             10     21    -11 (VIOLATED)
fanout1812/X                             10     21    -11 (VIOLATED)
fanout1813/X                             10     21    -11 (VIOLATED)
fanout1814/X                             10     21    -11 (VIOLATED)
fanout1815/X                             10     21    -11 (VIOLATED)
fanout1816/X                             10     21    -11 (VIOLATED)
fanout1818/X                             10     21    -11 (VIOLATED)
fanout1819/X                             10     21    -11 (VIOLATED)
fanout1820/X                             10     21    -11 (VIOLATED)
fanout1822/X                             10     21    -11 (VIOLATED)
fanout1825/X                             10     21    -11 (VIOLATED)
fanout1827/X                             10     21    -11 (VIOLATED)
fanout1828/X                             10     21    -11 (VIOLATED)
fanout1830/X                             10     21    -11 (VIOLATED)
fanout1831/X                             10     21    -11 (VIOLATED)
fanout1832/X                             10     21    -11 (VIOLATED)
fanout1837/X                             10     21    -11 (VIOLATED)
fanout1838/X                             10     21    -11 (VIOLATED)
fanout1840/X                             10     21    -11 (VIOLATED)
fanout1841/X                             10     21    -11 (VIOLATED)
fanout1842/X                             10     21    -11 (VIOLATED)
fanout1844/X                             10     21    -11 (VIOLATED)
fanout1845/X                             10     21    -11 (VIOLATED)
fanout1846/X                             10     21    -11 (VIOLATED)
fanout1847/X                             10     21    -11 (VIOLATED)
fanout1848/X                             10     21    -11 (VIOLATED)
fanout1849/X                             10     21    -11 (VIOLATED)
fanout1850/X                             10     21    -11 (VIOLATED)
fanout1856/X                             10     21    -11 (VIOLATED)
fanout1857/X                             10     21    -11 (VIOLATED)
fanout1860/X                             10     21    -11 (VIOLATED)
fanout1861/X                             10     21    -11 (VIOLATED)
fanout1864/X                             10     21    -11 (VIOLATED)
fanout1866/X                             10     21    -11 (VIOLATED)
fanout1868/X                             10     21    -11 (VIOLATED)
fanout187/X                              10     21    -11 (VIOLATED)
fanout1872/X                             10     21    -11 (VIOLATED)
fanout1873/X                             10     21    -11 (VIOLATED)
fanout1874/X                             10     21    -11 (VIOLATED)
fanout1876/X                             10     21    -11 (VIOLATED)
fanout1881/X                             10     21    -11 (VIOLATED)
fanout1883/X                             10     21    -11 (VIOLATED)
fanout1885/X                             10     21    -11 (VIOLATED)
fanout1887/X                             10     21    -11 (VIOLATED)
fanout1890/X                             10     21    -11 (VIOLATED)
fanout1892/X                             10     21    -11 (VIOLATED)
fanout1894/X                             10     21    -11 (VIOLATED)
fanout1895/X                             10     21    -11 (VIOLATED)
fanout1897/X                             10     21    -11 (VIOLATED)
fanout1898/X                             10     21    -11 (VIOLATED)
fanout1899/X                             10     21    -11 (VIOLATED)
fanout1901/X                             10     21    -11 (VIOLATED)
fanout1902/X                             10     21    -11 (VIOLATED)
fanout1903/X                             10     21    -11 (VIOLATED)
fanout1905/X                             10     21    -11 (VIOLATED)
fanout1907/X                             10     21    -11 (VIOLATED)
fanout1909/X                             10     21    -11 (VIOLATED)
fanout1913/X                             10     21    -11 (VIOLATED)
fanout1916/X                             10     21    -11 (VIOLATED)
fanout1919/X                             10     21    -11 (VIOLATED)
fanout192/X                              10     21    -11 (VIOLATED)
fanout1920/X                             10     21    -11 (VIOLATED)
fanout1922/X                             10     21    -11 (VIOLATED)
fanout1924/X                             10     21    -11 (VIOLATED)
fanout1926/X                             10     21    -11 (VIOLATED)
fanout1928/X                             10     21    -11 (VIOLATED)
fanout193/X                              10     21    -11 (VIOLATED)
fanout1931/X                             10     21    -11 (VIOLATED)
fanout1933/X                             10     21    -11 (VIOLATED)
fanout1935/X                             10     21    -11 (VIOLATED)
fanout1936/X                             10     21    -11 (VIOLATED)
fanout1939/X                             10     21    -11 (VIOLATED)
fanout194/X                              10     21    -11 (VIOLATED)
fanout1941/X                             10     21    -11 (VIOLATED)
fanout1943/X                             10     21    -11 (VIOLATED)
fanout1944/X                             10     21    -11 (VIOLATED)
fanout1948/X                             10     21    -11 (VIOLATED)
fanout1949/X                             10     21    -11 (VIOLATED)
fanout1952/X                             10     21    -11 (VIOLATED)
fanout1953/X                             10     21    -11 (VIOLATED)
fanout1956/X                             10     21    -11 (VIOLATED)
fanout1957/X                             10     21    -11 (VIOLATED)
fanout1958/X                             10     21    -11 (VIOLATED)
fanout1959/X                             10     21    -11 (VIOLATED)
fanout1964/X                             10     21    -11 (VIOLATED)
fanout1966/X                             10     21    -11 (VIOLATED)
fanout1967/X                             10     21    -11 (VIOLATED)
fanout1970/X                             10     21    -11 (VIOLATED)
fanout1974/X                             10     21    -11 (VIOLATED)
fanout1976/X                             10     21    -11 (VIOLATED)
fanout1977/X                             10     21    -11 (VIOLATED)
fanout1980/X                             10     21    -11 (VIOLATED)
fanout1987/X                             10     21    -11 (VIOLATED)
fanout1988/X                             10     21    -11 (VIOLATED)
fanout199/X                              10     21    -11 (VIOLATED)
fanout1991/X                             10     21    -11 (VIOLATED)
fanout1992/X                             10     21    -11 (VIOLATED)
fanout1994/X                             10     21    -11 (VIOLATED)
fanout1995/X                             10     21    -11 (VIOLATED)
fanout1996/X                             10     21    -11 (VIOLATED)
fanout1998/X                             10     21    -11 (VIOLATED)
fanout200/X                              10     21    -11 (VIOLATED)
fanout2001/X                             10     21    -11 (VIOLATED)
fanout2006/X                             10     21    -11 (VIOLATED)
fanout2007/X                             10     21    -11 (VIOLATED)
fanout2008/X                             10     21    -11 (VIOLATED)
fanout2009/X                             10     21    -11 (VIOLATED)
fanout201/X                              10     21    -11 (VIOLATED)
fanout2010/X                             10     21    -11 (VIOLATED)
fanout2019/X                             10     21    -11 (VIOLATED)
fanout202/X                              10     21    -11 (VIOLATED)
fanout2020/X                             10     21    -11 (VIOLATED)
fanout2021/X                             10     21    -11 (VIOLATED)
fanout2022/X                             10     21    -11 (VIOLATED)
fanout2023/X                             10     21    -11 (VIOLATED)
fanout2025/X                             10     21    -11 (VIOLATED)
fanout2029/X                             10     21    -11 (VIOLATED)
fanout203/X                              10     21    -11 (VIOLATED)
fanout2030/X                             10     21    -11 (VIOLATED)
fanout2031/X                             10     21    -11 (VIOLATED)
fanout204/X                              10     21    -11 (VIOLATED)
fanout2040/X                             10     21    -11 (VIOLATED)
fanout2042/X                             10     21    -11 (VIOLATED)
fanout2043/X                             10     21    -11 (VIOLATED)
fanout2044/X                             10     21    -11 (VIOLATED)
fanout2046/X                             10     21    -11 (VIOLATED)
fanout2047/X                             10     21    -11 (VIOLATED)
fanout2049/X                             10     21    -11 (VIOLATED)
fanout2051/X                             10     21    -11 (VIOLATED)
fanout2053/X                             10     21    -11 (VIOLATED)
fanout2054/X                             10     21    -11 (VIOLATED)
fanout2057/X                             10     21    -11 (VIOLATED)
fanout2059/X                             10     21    -11 (VIOLATED)
fanout206/X                              10     21    -11 (VIOLATED)
fanout2065/X                             10     21    -11 (VIOLATED)
fanout2067/X                             10     21    -11 (VIOLATED)
fanout2068/X                             10     21    -11 (VIOLATED)
fanout2069/X                             10     21    -11 (VIOLATED)
fanout2071/X                             10     21    -11 (VIOLATED)
fanout2073/X                             10     21    -11 (VIOLATED)
fanout2075/X                             10     21    -11 (VIOLATED)
fanout2076/X                             10     21    -11 (VIOLATED)
fanout2080/X                             10     21    -11 (VIOLATED)
fanout2082/X                             10     21    -11 (VIOLATED)
fanout2083/X                             10     21    -11 (VIOLATED)
fanout2084/X                             10     21    -11 (VIOLATED)
fanout2086/X                             10     21    -11 (VIOLATED)
fanout2087/X                             10     21    -11 (VIOLATED)
fanout2088/X                             10     21    -11 (VIOLATED)
fanout2091/X                             10     21    -11 (VIOLATED)
fanout2093/X                             10     21    -11 (VIOLATED)
fanout2095/X                             10     21    -11 (VIOLATED)
fanout2097/X                             10     21    -11 (VIOLATED)
fanout2098/X                             10     21    -11 (VIOLATED)
fanout210/X                              10     21    -11 (VIOLATED)
fanout2101/X                             10     21    -11 (VIOLATED)
fanout2103/X                             10     21    -11 (VIOLATED)
fanout2105/X                             10     21    -11 (VIOLATED)
fanout2107/X                             10     21    -11 (VIOLATED)
fanout2109/X                             10     21    -11 (VIOLATED)
fanout2114/X                             10     21    -11 (VIOLATED)
fanout2118/X                             10     21    -11 (VIOLATED)
fanout2120/X                             10     21    -11 (VIOLATED)
fanout2122/X                             10     21    -11 (VIOLATED)
fanout2126/X                             10     21    -11 (VIOLATED)
fanout2128/X                             10     21    -11 (VIOLATED)
fanout2130/X                             10     21    -11 (VIOLATED)
fanout2132/X                             10     21    -11 (VIOLATED)
fanout2133/X                             10     21    -11 (VIOLATED)
fanout2135/X                             10     21    -11 (VIOLATED)
fanout2137/X                             10     21    -11 (VIOLATED)
fanout214/X                              10     21    -11 (VIOLATED)
fanout2140/X                             10     21    -11 (VIOLATED)
fanout2141/X                             10     21    -11 (VIOLATED)
fanout2144/X                             10     21    -11 (VIOLATED)
fanout2145/X                             10     21    -11 (VIOLATED)
fanout2147/X                             10     21    -11 (VIOLATED)
fanout2148/X                             10     21    -11 (VIOLATED)
fanout2150/X                             10     21    -11 (VIOLATED)
fanout2151/X                             10     21    -11 (VIOLATED)
fanout2154/X                             10     21    -11 (VIOLATED)
fanout2156/X                             10     21    -11 (VIOLATED)
fanout2157/X                             10     21    -11 (VIOLATED)
fanout2158/X                             10     21    -11 (VIOLATED)
fanout2159/X                             10     21    -11 (VIOLATED)
fanout2161/X                             10     21    -11 (VIOLATED)
fanout2162/X                             10     21    -11 (VIOLATED)
fanout2163/X                             10     21    -11 (VIOLATED)
fanout2165/X                             10     21    -11 (VIOLATED)
fanout2166/X                             10     21    -11 (VIOLATED)
fanout2167/X                             10     21    -11 (VIOLATED)
fanout2169/X                             10     21    -11 (VIOLATED)
fanout217/X                              10     21    -11 (VIOLATED)
fanout2174/X                             10     21    -11 (VIOLATED)
fanout2176/X                             10     21    -11 (VIOLATED)
fanout218/X                              10     21    -11 (VIOLATED)
fanout2180/X                             10     21    -11 (VIOLATED)
fanout2182/X                             10     21    -11 (VIOLATED)
fanout2184/X                             10     21    -11 (VIOLATED)
fanout2186/X                             10     21    -11 (VIOLATED)
fanout2188/X                             10     21    -11 (VIOLATED)
fanout2189/X                             10     21    -11 (VIOLATED)
fanout2191/X                             10     21    -11 (VIOLATED)
fanout2192/X                             10     21    -11 (VIOLATED)
fanout2193/X                             10     21    -11 (VIOLATED)
fanout2205/X                             10     21    -11 (VIOLATED)
fanout2206/X                             10     21    -11 (VIOLATED)
fanout2207/X                             10     21    -11 (VIOLATED)
fanout2210/X                             10     21    -11 (VIOLATED)
fanout2212/X                             10     21    -11 (VIOLATED)
fanout2213/X                             10     21    -11 (VIOLATED)
fanout2216/X                             10     21    -11 (VIOLATED)
fanout2217/X                             10     21    -11 (VIOLATED)
fanout2218/X                             10     21    -11 (VIOLATED)
fanout2221/X                             10     21    -11 (VIOLATED)
fanout2224/X                             10     21    -11 (VIOLATED)
fanout2226/X                             10     21    -11 (VIOLATED)
fanout2228/X                             10     21    -11 (VIOLATED)
fanout2230/X                             10     21    -11 (VIOLATED)
fanout2233/X                             10     21    -11 (VIOLATED)
fanout2235/X                             10     21    -11 (VIOLATED)
fanout2240/X                             10     21    -11 (VIOLATED)
fanout2242/X                             10     21    -11 (VIOLATED)
fanout2244/X                             10     21    -11 (VIOLATED)
fanout2245/X                             10     21    -11 (VIOLATED)
fanout2246/X                             10     21    -11 (VIOLATED)
fanout2248/X                             10     21    -11 (VIOLATED)
fanout225/X                              10     21    -11 (VIOLATED)
fanout2250/X                             10     21    -11 (VIOLATED)
fanout2252/X                             10     21    -11 (VIOLATED)
fanout2253/X                             10     21    -11 (VIOLATED)
fanout2254/X                             10     21    -11 (VIOLATED)
fanout2256/X                             10     21    -11 (VIOLATED)
fanout2258/X                             10     21    -11 (VIOLATED)
fanout226/X                              10     21    -11 (VIOLATED)
fanout2261/X                             10     21    -11 (VIOLATED)
fanout2262/X                             10     21    -11 (VIOLATED)
fanout2265/X                             10     21    -11 (VIOLATED)
fanout2266/X                             10     21    -11 (VIOLATED)
fanout2268/X                             10     21    -11 (VIOLATED)
fanout227/X                              10     21    -11 (VIOLATED)
fanout2270/X                             10     21    -11 (VIOLATED)
fanout2271/X                             10     21    -11 (VIOLATED)
fanout2272/X                             10     21    -11 (VIOLATED)
fanout2274/X                             10     21    -11 (VIOLATED)
fanout2276/X                             10     21    -11 (VIOLATED)
fanout2277/X                             10     21    -11 (VIOLATED)
fanout2279/X                             10     21    -11 (VIOLATED)
fanout2280/X                             10     21    -11 (VIOLATED)
fanout2286/X                             10     21    -11 (VIOLATED)
fanout2288/X                             10     21    -11 (VIOLATED)
fanout2290/X                             10     21    -11 (VIOLATED)
fanout2292/X                             10     21    -11 (VIOLATED)
fanout2294/X                             10     21    -11 (VIOLATED)
fanout2296/X                             10     21    -11 (VIOLATED)
fanout2297/X                             10     21    -11 (VIOLATED)
fanout2298/X                             10     21    -11 (VIOLATED)
fanout2301/X                             10     21    -11 (VIOLATED)
fanout231/X                              10     21    -11 (VIOLATED)
fanout2312/X                             10     21    -11 (VIOLATED)
fanout2313/X                             10     21    -11 (VIOLATED)
fanout2315/X                             10     21    -11 (VIOLATED)
fanout2316/X                             10     21    -11 (VIOLATED)
fanout2318/X                             10     21    -11 (VIOLATED)
fanout2319/X                             10     21    -11 (VIOLATED)
fanout2320/X                             10     21    -11 (VIOLATED)
fanout2322/X                             10     21    -11 (VIOLATED)
fanout2323/X                             10     21    -11 (VIOLATED)
fanout2324/X                             10     21    -11 (VIOLATED)
fanout2325/X                             10     21    -11 (VIOLATED)
fanout2328/X                             10     21    -11 (VIOLATED)
fanout233/X                              10     21    -11 (VIOLATED)
fanout2330/X                             10     21    -11 (VIOLATED)
fanout2331/X                             10     21    -11 (VIOLATED)
fanout2334/X                             10     21    -11 (VIOLATED)
fanout2336/X                             10     21    -11 (VIOLATED)
fanout2337/X                             10     21    -11 (VIOLATED)
fanout2339/X                             10     21    -11 (VIOLATED)
fanout2342/X                             10     21    -11 (VIOLATED)
fanout2343/X                             10     21    -11 (VIOLATED)
fanout2345/X                             10     21    -11 (VIOLATED)
fanout2347/X                             10     21    -11 (VIOLATED)
fanout2348/X                             10     21    -11 (VIOLATED)
fanout235/X                              10     21    -11 (VIOLATED)
fanout2351/X                             10     21    -11 (VIOLATED)
fanout2352/X                             10     21    -11 (VIOLATED)
fanout2355/X                             10     21    -11 (VIOLATED)
fanout2356/X                             10     21    -11 (VIOLATED)
fanout2357/X                             10     21    -11 (VIOLATED)
fanout2358/X                             10     21    -11 (VIOLATED)
fanout2359/X                             10     21    -11 (VIOLATED)
fanout2360/X                             10     21    -11 (VIOLATED)
fanout2364/X                             10     21    -11 (VIOLATED)
fanout2367/X                             10     21    -11 (VIOLATED)
fanout2368/X                             10     21    -11 (VIOLATED)
fanout237/X                              10     21    -11 (VIOLATED)
fanout2371/X                             10     21    -11 (VIOLATED)
fanout2373/X                             10     21    -11 (VIOLATED)
fanout2374/X                             10     21    -11 (VIOLATED)
fanout238/X                              10     21    -11 (VIOLATED)
fanout2380/X                             10     21    -11 (VIOLATED)
fanout2382/X                             10     21    -11 (VIOLATED)
fanout2385/X                             10     21    -11 (VIOLATED)
fanout2387/X                             10     21    -11 (VIOLATED)
fanout2389/X                             10     21    -11 (VIOLATED)
fanout2391/X                             10     21    -11 (VIOLATED)
fanout2392/X                             10     21    -11 (VIOLATED)
fanout2393/X                             10     21    -11 (VIOLATED)
fanout2395/X                             10     21    -11 (VIOLATED)
fanout2397/X                             10     21    -11 (VIOLATED)
fanout2399/X                             10     21    -11 (VIOLATED)
fanout2400/X                             10     21    -11 (VIOLATED)
fanout2404/X                             10     21    -11 (VIOLATED)
fanout2406/X                             10     21    -11 (VIOLATED)
fanout2408/X                             10     21    -11 (VIOLATED)
fanout241/X                              10     21    -11 (VIOLATED)
fanout2410/X                             10     21    -11 (VIOLATED)
fanout2411/X                             10     21    -11 (VIOLATED)
fanout2426/X                             10     21    -11 (VIOLATED)
fanout2428/X                             10     21    -11 (VIOLATED)
fanout243/X                              10     21    -11 (VIOLATED)
fanout2430/X                             10     21    -11 (VIOLATED)
fanout2431/X                             10     21    -11 (VIOLATED)
fanout2433/X                             10     21    -11 (VIOLATED)
fanout2435/X                             10     21    -11 (VIOLATED)
fanout2437/X                             10     21    -11 (VIOLATED)
fanout2438/X                             10     21    -11 (VIOLATED)
fanout2442/X                             10     21    -11 (VIOLATED)
fanout2443/X                             10     21    -11 (VIOLATED)
fanout2444/X                             10     21    -11 (VIOLATED)
fanout2447/X                             10     21    -11 (VIOLATED)
fanout2448/X                             10     21    -11 (VIOLATED)
fanout2449/X                             10     21    -11 (VIOLATED)
fanout2451/X                             10     21    -11 (VIOLATED)
fanout2456/X                             10     21    -11 (VIOLATED)
fanout2457/X                             10     21    -11 (VIOLATED)
fanout2458/X                             10     21    -11 (VIOLATED)
fanout2459/X                             10     21    -11 (VIOLATED)
fanout2461/X                             10     21    -11 (VIOLATED)
fanout2462/X                             10     21    -11 (VIOLATED)
fanout2463/X                             10     21    -11 (VIOLATED)
fanout2466/X                             10     21    -11 (VIOLATED)
fanout2467/X                             10     21    -11 (VIOLATED)
fanout2468/X                             10     21    -11 (VIOLATED)
fanout2469/X                             10     21    -11 (VIOLATED)
fanout2470/X                             10     21    -11 (VIOLATED)
fanout2471/X                             10     21    -11 (VIOLATED)
fanout2477/X                             10     21    -11 (VIOLATED)
fanout2479/X                             10     21    -11 (VIOLATED)
fanout2482/X                             10     21    -11 (VIOLATED)
fanout2483/X                             10     21    -11 (VIOLATED)
fanout2484/X                             10     21    -11 (VIOLATED)
fanout2487/X                             10     21    -11 (VIOLATED)
fanout2488/X                             10     21    -11 (VIOLATED)
fanout2490/X                             10     21    -11 (VIOLATED)
fanout2492/X                             10     21    -11 (VIOLATED)
fanout2494/X                             10     21    -11 (VIOLATED)
fanout2495/X                             10     21    -11 (VIOLATED)
fanout2496/X                             10     21    -11 (VIOLATED)
fanout2499/X                             10     21    -11 (VIOLATED)
fanout250/X                              10     21    -11 (VIOLATED)
fanout2501/X                             10     21    -11 (VIOLATED)
fanout2502/X                             10     21    -11 (VIOLATED)
fanout2504/X                             10     21    -11 (VIOLATED)
fanout2506/X                             10     21    -11 (VIOLATED)
fanout2507/X                             10     21    -11 (VIOLATED)
fanout2509/X                             10     21    -11 (VIOLATED)
fanout2511/X                             10     21    -11 (VIOLATED)
fanout2514/X                             10     21    -11 (VIOLATED)
fanout2516/X                             10     21    -11 (VIOLATED)
fanout2517/X                             10     21    -11 (VIOLATED)
fanout2518/X                             10     21    -11 (VIOLATED)
fanout2519/X                             10     21    -11 (VIOLATED)
fanout252/X                              10     21    -11 (VIOLATED)
fanout2520/X                             10     21    -11 (VIOLATED)
fanout2529/X                             10     21    -11 (VIOLATED)
fanout2530/X                             10     21    -11 (VIOLATED)
fanout2533/X                             10     21    -11 (VIOLATED)
fanout2534/X                             10     21    -11 (VIOLATED)
fanout2536/X                             10     21    -11 (VIOLATED)
fanout2538/X                             10     21    -11 (VIOLATED)
fanout2539/X                             10     21    -11 (VIOLATED)
fanout2540/X                             10     21    -11 (VIOLATED)
fanout2541/X                             10     21    -11 (VIOLATED)
fanout2543/X                             10     21    -11 (VIOLATED)
fanout2546/X                             10     21    -11 (VIOLATED)
fanout2547/X                             10     21    -11 (VIOLATED)
fanout2549/X                             10     21    -11 (VIOLATED)
fanout2550/X                             10     21    -11 (VIOLATED)
fanout2552/X                             10     21    -11 (VIOLATED)
fanout2553/X                             10     21    -11 (VIOLATED)
fanout2554/X                             10     21    -11 (VIOLATED)
fanout2557/X                             10     21    -11 (VIOLATED)
fanout2559/X                             10     21    -11 (VIOLATED)
fanout2561/X                             10     21    -11 (VIOLATED)
fanout2563/X                             10     21    -11 (VIOLATED)
fanout2565/X                             10     21    -11 (VIOLATED)
fanout2567/X                             10     21    -11 (VIOLATED)
fanout2568/X                             10     21    -11 (VIOLATED)
fanout2570/X                             10     21    -11 (VIOLATED)
fanout2571/X                             10     21    -11 (VIOLATED)
fanout2572/X                             10     21    -11 (VIOLATED)
fanout258/X                              10     21    -11 (VIOLATED)
fanout2582/X                             10     21    -11 (VIOLATED)
fanout2584/X                             10     21    -11 (VIOLATED)
fanout2585/X                             10     21    -11 (VIOLATED)
fanout2586/X                             10     21    -11 (VIOLATED)
fanout2588/X                             10     21    -11 (VIOLATED)
fanout2589/X                             10     21    -11 (VIOLATED)
fanout259/X                              10     21    -11 (VIOLATED)
fanout2592/X                             10     21    -11 (VIOLATED)
fanout2593/X                             10     21    -11 (VIOLATED)
fanout2596/X                             10     21    -11 (VIOLATED)
fanout2597/X                             10     21    -11 (VIOLATED)
fanout2598/X                             10     21    -11 (VIOLATED)
fanout2599/X                             10     21    -11 (VIOLATED)
fanout2601/X                             10     21    -11 (VIOLATED)
fanout2603/X                             10     21    -11 (VIOLATED)
fanout2604/X                             10     21    -11 (VIOLATED)
fanout2606/X                             10     21    -11 (VIOLATED)
fanout2607/X                             10     21    -11 (VIOLATED)
fanout2608/X                             10     21    -11 (VIOLATED)
fanout2609/X                             10     21    -11 (VIOLATED)
fanout261/X                              10     21    -11 (VIOLATED)
fanout2610/X                             10     21    -11 (VIOLATED)
fanout2617/X                             10     21    -11 (VIOLATED)
fanout2620/X                             10     21    -11 (VIOLATED)
fanout2621/X                             10     21    -11 (VIOLATED)
fanout2623/X                             10     21    -11 (VIOLATED)
fanout2625/X                             10     21    -11 (VIOLATED)
fanout2628/X                             10     21    -11 (VIOLATED)
fanout2629/X                             10     21    -11 (VIOLATED)
fanout2631/X                             10     21    -11 (VIOLATED)
fanout264/X                              10     21    -11 (VIOLATED)
fanout265/X                              10     21    -11 (VIOLATED)
fanout266/X                              10     21    -11 (VIOLATED)
fanout270/X                              10     21    -11 (VIOLATED)
fanout272/X                              10     21    -11 (VIOLATED)
fanout2722/X                             10     21    -11 (VIOLATED)
fanout2724/X                             10     21    -11 (VIOLATED)
fanout2727/X                             10     21    -11 (VIOLATED)
fanout2729/X                             10     21    -11 (VIOLATED)
fanout273/X                              10     21    -11 (VIOLATED)
fanout2732/X                             10     21    -11 (VIOLATED)
fanout2735/X                             10     21    -11 (VIOLATED)
fanout2736/X                             10     21    -11 (VIOLATED)
fanout2737/X                             10     21    -11 (VIOLATED)
fanout2740/X                             10     21    -11 (VIOLATED)
fanout2743/X                             10     21    -11 (VIOLATED)
fanout2745/X                             10     21    -11 (VIOLATED)
fanout2746/X                             10     21    -11 (VIOLATED)
fanout2747/X                             10     21    -11 (VIOLATED)
fanout2750/X                             10     21    -11 (VIOLATED)
fanout2751/X                             10     21    -11 (VIOLATED)
fanout2752/X                             10     21    -11 (VIOLATED)
fanout2754/X                             10     21    -11 (VIOLATED)
fanout2756/X                             10     21    -11 (VIOLATED)
fanout2757/X                             10     21    -11 (VIOLATED)
fanout2759/X                             10     21    -11 (VIOLATED)
fanout276/X                              10     21    -11 (VIOLATED)
fanout2760/X                             10     21    -11 (VIOLATED)
fanout2763/X                             10     21    -11 (VIOLATED)
fanout2764/X                             10     21    -11 (VIOLATED)
fanout2766/X                             10     21    -11 (VIOLATED)
fanout2767/X                             10     21    -11 (VIOLATED)
fanout2769/X                             10     21    -11 (VIOLATED)
fanout2770/X                             10     21    -11 (VIOLATED)
fanout2774/X                             10     21    -11 (VIOLATED)
fanout2776/X                             10     21    -11 (VIOLATED)
fanout2777/X                             10     21    -11 (VIOLATED)
fanout2779/X                             10     21    -11 (VIOLATED)
fanout2781/X                             10     21    -11 (VIOLATED)
fanout2783/X                             10     21    -11 (VIOLATED)
fanout2784/X                             10     21    -11 (VIOLATED)
fanout2787/X                             10     21    -11 (VIOLATED)
fanout2789/X                             10     21    -11 (VIOLATED)
fanout2790/X                             10     21    -11 (VIOLATED)
fanout2792/X                             10     21    -11 (VIOLATED)
fanout2793/X                             10     21    -11 (VIOLATED)
fanout2794/X                             10     21    -11 (VIOLATED)
fanout2795/X                             10     21    -11 (VIOLATED)
fanout2801/X                             10     21    -11 (VIOLATED)
fanout2806/X                             10     21    -11 (VIOLATED)
fanout2807/X                             10     21    -11 (VIOLATED)
fanout2811/X                             10     21    -11 (VIOLATED)
fanout2815/X                             10     21    -11 (VIOLATED)
fanout2817/X                             10     21    -11 (VIOLATED)
fanout2818/X                             10     21    -11 (VIOLATED)
fanout282/X                              10     21    -11 (VIOLATED)
fanout2821/X                             10     21    -11 (VIOLATED)
fanout2822/X                             10     21    -11 (VIOLATED)
fanout2824/X                             10     21    -11 (VIOLATED)
fanout2826/X                             10     21    -11 (VIOLATED)
fanout2827/X                             10     21    -11 (VIOLATED)
fanout2828/X                             10     21    -11 (VIOLATED)
fanout2830/X                             10     21    -11 (VIOLATED)
fanout2832/X                             10     21    -11 (VIOLATED)
fanout2833/X                             10     21    -11 (VIOLATED)
fanout2835/X                             10     21    -11 (VIOLATED)
fanout2837/X                             10     21    -11 (VIOLATED)
fanout284/X                              10     21    -11 (VIOLATED)
fanout2841/X                             10     21    -11 (VIOLATED)
fanout2842/X                             10     21    -11 (VIOLATED)
fanout2844/X                             10     21    -11 (VIOLATED)
fanout2846/X                             10     21    -11 (VIOLATED)
fanout2847/X                             10     21    -11 (VIOLATED)
fanout2849/X                             10     21    -11 (VIOLATED)
fanout2851/X                             10     21    -11 (VIOLATED)
fanout2852/X                             10     21    -11 (VIOLATED)
fanout2856/X                             10     21    -11 (VIOLATED)
fanout2858/X                             10     21    -11 (VIOLATED)
fanout2859/X                             10     21    -11 (VIOLATED)
fanout286/X                              10     21    -11 (VIOLATED)
fanout2860/X                             10     21    -11 (VIOLATED)
fanout2861/X                             10     21    -11 (VIOLATED)
fanout2862/X                             10     21    -11 (VIOLATED)
fanout2865/X                             10     21    -11 (VIOLATED)
fanout2866/X                             10     21    -11 (VIOLATED)
fanout2868/X                             10     21    -11 (VIOLATED)
fanout2869/X                             10     21    -11 (VIOLATED)
fanout2872/X                             10     21    -11 (VIOLATED)
fanout2873/X                             10     21    -11 (VIOLATED)
fanout2875/X                             10     21    -11 (VIOLATED)
fanout2876/X                             10     21    -11 (VIOLATED)
fanout2877/X                             10     21    -11 (VIOLATED)
fanout2878/X                             10     21    -11 (VIOLATED)
fanout288/X                              10     21    -11 (VIOLATED)
fanout2881/X                             10     21    -11 (VIOLATED)
fanout2883/X                             10     21    -11 (VIOLATED)
fanout2885/X                             10     21    -11 (VIOLATED)
fanout2888/X                             10     21    -11 (VIOLATED)
fanout289/X                              10     21    -11 (VIOLATED)
fanout2890/X                             10     21    -11 (VIOLATED)
fanout2891/X                             10     21    -11 (VIOLATED)
fanout2892/X                             10     21    -11 (VIOLATED)
fanout2893/X                             10     21    -11 (VIOLATED)
fanout2894/X                             10     21    -11 (VIOLATED)
fanout2896/X                             10     21    -11 (VIOLATED)
fanout2898/X                             10     21    -11 (VIOLATED)
fanout2899/X                             10     21    -11 (VIOLATED)
fanout2901/X                             10     21    -11 (VIOLATED)
fanout2903/X                             10     21    -11 (VIOLATED)
fanout2905/X                             10     21    -11 (VIOLATED)
fanout2906/X                             10     21    -11 (VIOLATED)
fanout2909/X                             10     21    -11 (VIOLATED)
fanout291/X                              10     21    -11 (VIOLATED)
fanout2910/X                             10     21    -11 (VIOLATED)
fanout2911/X                             10     21    -11 (VIOLATED)
fanout2913/X                             10     21    -11 (VIOLATED)
fanout2914/X                             10     21    -11 (VIOLATED)
fanout292/X                              10     21    -11 (VIOLATED)
fanout2921/X                             10     21    -11 (VIOLATED)
fanout2922/X                             10     21    -11 (VIOLATED)
fanout2924/X                             10     21    -11 (VIOLATED)
fanout2927/X                             10     21    -11 (VIOLATED)
fanout2929/X                             10     21    -11 (VIOLATED)
fanout293/X                              10     21    -11 (VIOLATED)
fanout2930/X                             10     21    -11 (VIOLATED)
fanout2933/X                             10     21    -11 (VIOLATED)
fanout2934/X                             10     21    -11 (VIOLATED)
fanout2942/X                             10     21    -11 (VIOLATED)
fanout2944/X                             10     21    -11 (VIOLATED)
fanout2946/X                             10     21    -11 (VIOLATED)
fanout2947/X                             10     21    -11 (VIOLATED)
fanout2948/X                             10     21    -11 (VIOLATED)
fanout2951/X                             10     21    -11 (VIOLATED)
fanout2952/X                             10     21    -11 (VIOLATED)
fanout2953/X                             10     21    -11 (VIOLATED)
fanout2954/X                             10     21    -11 (VIOLATED)
fanout2957/X                             10     21    -11 (VIOLATED)
fanout2958/X                             10     21    -11 (VIOLATED)
fanout296/X                              10     21    -11 (VIOLATED)
fanout2960/X                             10     21    -11 (VIOLATED)
fanout2962/X                             10     21    -11 (VIOLATED)
fanout2964/X                             10     21    -11 (VIOLATED)
fanout2965/X                             10     21    -11 (VIOLATED)
fanout2966/X                             10     21    -11 (VIOLATED)
fanout2967/X                             10     21    -11 (VIOLATED)
fanout2969/X                             10     21    -11 (VIOLATED)
fanout2971/X                             10     21    -11 (VIOLATED)
fanout2972/X                             10     21    -11 (VIOLATED)
fanout2976/X                             10     21    -11 (VIOLATED)
fanout2979/X                             10     21    -11 (VIOLATED)
fanout298/X                              10     21    -11 (VIOLATED)
fanout2980/X                             10     21    -11 (VIOLATED)
fanout2981/X                             10     21    -11 (VIOLATED)
fanout2983/X                             10     21    -11 (VIOLATED)
fanout2984/X                             10     21    -11 (VIOLATED)
fanout2985/X                             10     21    -11 (VIOLATED)
fanout2987/X                             10     21    -11 (VIOLATED)
fanout2988/X                             10     21    -11 (VIOLATED)
fanout2989/X                             10     21    -11 (VIOLATED)
fanout2991/X                             10     21    -11 (VIOLATED)
fanout2993/X                             10     21    -11 (VIOLATED)
fanout2995/X                             10     21    -11 (VIOLATED)
fanout2997/X                             10     21    -11 (VIOLATED)
fanout3000/X                             10     21    -11 (VIOLATED)
fanout3002/X                             10     21    -11 (VIOLATED)
fanout3003/X                             10     21    -11 (VIOLATED)
fanout3004/X                             10     21    -11 (VIOLATED)
fanout3006/X                             10     21    -11 (VIOLATED)
fanout3008/X                             10     21    -11 (VIOLATED)
fanout3010/X                             10     21    -11 (VIOLATED)
fanout3013/X                             10     21    -11 (VIOLATED)
fanout3014/X                             10     21    -11 (VIOLATED)
fanout3016/X                             10     21    -11 (VIOLATED)
fanout3018/X                             10     21    -11 (VIOLATED)
fanout3019/X                             10     21    -11 (VIOLATED)
fanout303/X                              10     21    -11 (VIOLATED)
fanout3035/X                             10     21    -11 (VIOLATED)
fanout3038/X                             10     21    -11 (VIOLATED)
fanout3039/X                             10     21    -11 (VIOLATED)
fanout304/X                              10     21    -11 (VIOLATED)
fanout3040/X                             10     21    -11 (VIOLATED)
fanout3041/X                             10     21    -11 (VIOLATED)
fanout3043/X                             10     21    -11 (VIOLATED)
fanout3044/X                             10     21    -11 (VIOLATED)
fanout3046/X                             10     21    -11 (VIOLATED)
fanout3047/X                             10     21    -11 (VIOLATED)
fanout3048/X                             10     21    -11 (VIOLATED)
fanout3049/X                             10     21    -11 (VIOLATED)
fanout3052/X                             10     21    -11 (VIOLATED)
fanout3053/X                             10     21    -11 (VIOLATED)
fanout3054/X                             10     21    -11 (VIOLATED)
fanout3057/X                             10     21    -11 (VIOLATED)
fanout3058/X                             10     21    -11 (VIOLATED)
fanout3059/X                             10     21    -11 (VIOLATED)
fanout306/X                              10     21    -11 (VIOLATED)
fanout3060/X                             10     21    -11 (VIOLATED)
fanout3061/X                             10     21    -11 (VIOLATED)
fanout3062/X                             10     21    -11 (VIOLATED)
fanout3063/X                             10     21    -11 (VIOLATED)
fanout3067/X                             10     21    -11 (VIOLATED)
fanout3068/X                             10     21    -11 (VIOLATED)
fanout3069/X                             10     21    -11 (VIOLATED)
fanout3070/X                             10     21    -11 (VIOLATED)
fanout3071/X                             10     21    -11 (VIOLATED)
fanout3073/X                             10     21    -11 (VIOLATED)
fanout3074/X                             10     21    -11 (VIOLATED)
fanout3075/X                             10     21    -11 (VIOLATED)
fanout3076/X                             10     21    -11 (VIOLATED)
fanout3077/X                             10     21    -11 (VIOLATED)
fanout3078/X                             10     21    -11 (VIOLATED)
fanout308/X                              10     21    -11 (VIOLATED)
fanout3082/X                             10     21    -11 (VIOLATED)
fanout3086/X                             10     21    -11 (VIOLATED)
fanout3089/X                             10     21    -11 (VIOLATED)
fanout3090/X                             10     21    -11 (VIOLATED)
fanout3096/X                             10     21    -11 (VIOLATED)
fanout3099/X                             10     21    -11 (VIOLATED)
fanout310/X                              10     21    -11 (VIOLATED)
fanout3101/X                             10     21    -11 (VIOLATED)
fanout3102/X                             10     21    -11 (VIOLATED)
fanout3105/X                             10     21    -11 (VIOLATED)
fanout311/X                              10     21    -11 (VIOLATED)
fanout3120/X                             10     21    -11 (VIOLATED)
fanout3121/X                             10     21    -11 (VIOLATED)
fanout3122/X                             10     21    -11 (VIOLATED)
fanout3123/X                             10     21    -11 (VIOLATED)
fanout3125/X                             10     21    -11 (VIOLATED)
fanout3132/X                             10     21    -11 (VIOLATED)
fanout3133/X                             10     21    -11 (VIOLATED)
fanout3135/X                             10     21    -11 (VIOLATED)
fanout314/X                              10     21    -11 (VIOLATED)
fanout3142/X                             10     21    -11 (VIOLATED)
fanout3144/X                             10     21    -11 (VIOLATED)
fanout3153/X                             10     21    -11 (VIOLATED)
fanout3157/X                             10     21    -11 (VIOLATED)
fanout3158/X                             10     21    -11 (VIOLATED)
fanout3160/X                             10     21    -11 (VIOLATED)
fanout3161/X                             10     21    -11 (VIOLATED)
fanout317/X                              10     21    -11 (VIOLATED)
fanout3171/X                             10     21    -11 (VIOLATED)
fanout3173/X                             10     21    -11 (VIOLATED)
fanout3175/X                             10     21    -11 (VIOLATED)
fanout3176/X                             10     21    -11 (VIOLATED)
fanout3177/X                             10     21    -11 (VIOLATED)
fanout3178/X                             10     21    -11 (VIOLATED)
fanout3179/X                             10     21    -11 (VIOLATED)
fanout3180/X                             10     21    -11 (VIOLATED)
fanout3184/X                             10     21    -11 (VIOLATED)
fanout3185/X                             10     21    -11 (VIOLATED)
fanout3186/X                             10     21    -11 (VIOLATED)
fanout3188/X                             10     21    -11 (VIOLATED)
fanout319/X                              10     21    -11 (VIOLATED)
fanout3191/X                             10     21    -11 (VIOLATED)
fanout3195/X                             10     21    -11 (VIOLATED)
fanout3196/X                             10     21    -11 (VIOLATED)
fanout3198/X                             10     21    -11 (VIOLATED)
fanout3199/X                             10     21    -11 (VIOLATED)
fanout320/X                              10     21    -11 (VIOLATED)
fanout3202/X                             10     21    -11 (VIOLATED)
fanout3203/X                             10     21    -11 (VIOLATED)
fanout3205/X                             10     21    -11 (VIOLATED)
fanout3208/X                             10     21    -11 (VIOLATED)
fanout3209/X                             10     21    -11 (VIOLATED)
fanout3212/X                             10     21    -11 (VIOLATED)
fanout3216/X                             10     21    -11 (VIOLATED)
fanout3218/X                             10     21    -11 (VIOLATED)
fanout3221/X                             10     21    -11 (VIOLATED)
fanout3223/X                             10     21    -11 (VIOLATED)
fanout3226/X                             10     21    -11 (VIOLATED)
fanout3229/X                             10     21    -11 (VIOLATED)
fanout323/X                              10     21    -11 (VIOLATED)
fanout3231/X                             10     21    -11 (VIOLATED)
fanout3237/X                             10     21    -11 (VIOLATED)
fanout3239/X                             10     21    -11 (VIOLATED)
fanout3242/X                             10     21    -11 (VIOLATED)
fanout3244/X                             10     21    -11 (VIOLATED)
fanout3246/X                             10     21    -11 (VIOLATED)
fanout3248/X                             10     21    -11 (VIOLATED)
fanout325/X                              10     21    -11 (VIOLATED)
fanout3250/X                             10     21    -11 (VIOLATED)
fanout3251/X                             10     21    -11 (VIOLATED)
fanout3255/X                             10     21    -11 (VIOLATED)
fanout3256/X                             10     21    -11 (VIOLATED)
fanout3258/X                             10     21    -11 (VIOLATED)
fanout326/X                              10     21    -11 (VIOLATED)
fanout3261/X                             10     21    -11 (VIOLATED)
fanout3264/X                             10     21    -11 (VIOLATED)
fanout3267/X                             10     21    -11 (VIOLATED)
fanout3269/X                             10     21    -11 (VIOLATED)
fanout327/X                              10     21    -11 (VIOLATED)
fanout3270/X                             10     21    -11 (VIOLATED)
fanout3274/X                             10     21    -11 (VIOLATED)
fanout3277/X                             10     21    -11 (VIOLATED)
fanout3280/X                             10     21    -11 (VIOLATED)
fanout3283/X                             10     21    -11 (VIOLATED)
fanout3287/X                             10     21    -11 (VIOLATED)
fanout329/X                              10     21    -11 (VIOLATED)
fanout3290/X                             10     21    -11 (VIOLATED)
fanout3294/X                             10     21    -11 (VIOLATED)
fanout3300/X                             10     21    -11 (VIOLATED)
fanout3301/X                             10     21    -11 (VIOLATED)
fanout3303/X                             10     21    -11 (VIOLATED)
fanout3306/X                             10     21    -11 (VIOLATED)
fanout3309/X                             10     21    -11 (VIOLATED)
fanout3312/X                             10     21    -11 (VIOLATED)
fanout3314/X                             10     21    -11 (VIOLATED)
fanout3315/X                             10     21    -11 (VIOLATED)
fanout3319/X                             10     21    -11 (VIOLATED)
fanout332/X                              10     21    -11 (VIOLATED)
fanout3322/X                             10     21    -11 (VIOLATED)
fanout3325/X                             10     21    -11 (VIOLATED)
fanout3328/X                             10     21    -11 (VIOLATED)
fanout3331/X                             10     21    -11 (VIOLATED)
fanout3334/X                             10     21    -11 (VIOLATED)
fanout3335/X                             10     21    -11 (VIOLATED)
fanout3337/X                             10     21    -11 (VIOLATED)
fanout3338/X                             10     21    -11 (VIOLATED)
fanout334/X                              10     21    -11 (VIOLATED)
fanout3340/X                             10     21    -11 (VIOLATED)
fanout3342/X                             10     21    -11 (VIOLATED)
fanout3344/X                             10     21    -11 (VIOLATED)
fanout3346/X                             10     21    -11 (VIOLATED)
fanout3349/X                             10     21    -11 (VIOLATED)
fanout335/X                              10     21    -11 (VIOLATED)
fanout3351/X                             10     21    -11 (VIOLATED)
fanout3354/X                             10     21    -11 (VIOLATED)
fanout3355/X                             10     21    -11 (VIOLATED)
fanout3358/X                             10     21    -11 (VIOLATED)
fanout336/X                              10     21    -11 (VIOLATED)
fanout3364/X                             10     21    -11 (VIOLATED)
fanout3368/X                             10     21    -11 (VIOLATED)
fanout3372/X                             10     21    -11 (VIOLATED)
fanout3375/X                             10     21    -11 (VIOLATED)
fanout3379/X                             10     21    -11 (VIOLATED)
fanout3389/X                             10     21    -11 (VIOLATED)
fanout3394/X                             10     21    -11 (VIOLATED)
fanout3395/X                             10     21    -11 (VIOLATED)
fanout3397/X                             10     21    -11 (VIOLATED)
fanout3400/X                             10     21    -11 (VIOLATED)
fanout3403/X                             10     21    -11 (VIOLATED)
fanout3406/X                             10     21    -11 (VIOLATED)
fanout3409/X                             10     21    -11 (VIOLATED)
fanout3412/X                             10     21    -11 (VIOLATED)
fanout3415/X                             10     21    -11 (VIOLATED)
fanout3419/X                             10     21    -11 (VIOLATED)
fanout3421/X                             10     21    -11 (VIOLATED)
fanout343/X                              10     21    -11 (VIOLATED)
fanout3430/X                             10     21    -11 (VIOLATED)
fanout3432/X                             10     21    -11 (VIOLATED)
fanout3434/X                             10     21    -11 (VIOLATED)
fanout3440/X                             10     21    -11 (VIOLATED)
fanout3442/X                             10     21    -11 (VIOLATED)
fanout3445/X                             10     21    -11 (VIOLATED)
fanout3449/X                             10     21    -11 (VIOLATED)
fanout345/X                              10     21    -11 (VIOLATED)
fanout3452/X                             10     21    -11 (VIOLATED)
fanout3461/X                             10     21    -11 (VIOLATED)
fanout3463/X                             10     21    -11 (VIOLATED)
fanout3466/X                             10     21    -11 (VIOLATED)
fanout3471/X                             10     21    -11 (VIOLATED)
fanout3475/X                             10     21    -11 (VIOLATED)
fanout3479/X                             10     21    -11 (VIOLATED)
fanout3486/X                             10     21    -11 (VIOLATED)
fanout349/X                              10     21    -11 (VIOLATED)
fanout3491/X                             10     21    -11 (VIOLATED)
fanout3494/X                             10     21    -11 (VIOLATED)
fanout3495/X                             10     21    -11 (VIOLATED)
fanout3497/X                             10     21    -11 (VIOLATED)
fanout3498/X                             10     21    -11 (VIOLATED)
fanout3501/X                             10     21    -11 (VIOLATED)
fanout3502/X                             10     21    -11 (VIOLATED)
fanout3505/X                             10     21    -11 (VIOLATED)
fanout3510/X                             10     21    -11 (VIOLATED)
fanout3527/X                             10     21    -11 (VIOLATED)
fanout354/X                              10     21    -11 (VIOLATED)
fanout356/X                              10     21    -11 (VIOLATED)
fanout360/X                              10     21    -11 (VIOLATED)
fanout362/X                              10     21    -11 (VIOLATED)
fanout366/X                              10     21    -11 (VIOLATED)
fanout374/X                              10     21    -11 (VIOLATED)
fanout376/X                              10     21    -11 (VIOLATED)
fanout380/X                              10     21    -11 (VIOLATED)
fanout382/X                              10     21    -11 (VIOLATED)
fanout390/X                              10     21    -11 (VIOLATED)
fanout392/X                              10     21    -11 (VIOLATED)
fanout399/X                              10     21    -11 (VIOLATED)
fanout401/X                              10     21    -11 (VIOLATED)
fanout403/X                              10     21    -11 (VIOLATED)
fanout404/X                              10     21    -11 (VIOLATED)
fanout4057/X                             10     21    -11 (VIOLATED)
fanout4060/X                             10     21    -11 (VIOLATED)
fanout4062/X                             10     21    -11 (VIOLATED)
fanout4065/X                             10     21    -11 (VIOLATED)
fanout4067/X                             10     21    -11 (VIOLATED)
fanout4068/X                             10     21    -11 (VIOLATED)
fanout4069/X                             10     21    -11 (VIOLATED)
fanout407/X                              10     21    -11 (VIOLATED)
fanout4077/X                             10     21    -11 (VIOLATED)
fanout4079/X                             10     21    -11 (VIOLATED)
fanout408/X                              10     21    -11 (VIOLATED)
fanout4082/X                             10     21    -11 (VIOLATED)
fanout4083/X                             10     21    -11 (VIOLATED)
fanout4084/X                             10     21    -11 (VIOLATED)
fanout4086/X                             10     21    -11 (VIOLATED)
fanout409/X                              10     21    -11 (VIOLATED)
fanout4095/X                             10     21    -11 (VIOLATED)
fanout4097/X                             10     21    -11 (VIOLATED)
fanout4100/X                             10     21    -11 (VIOLATED)
fanout4101/X                             10     21    -11 (VIOLATED)
fanout4104/X                             10     21    -11 (VIOLATED)
fanout4105/X                             10     21    -11 (VIOLATED)
fanout4109/X                             10     21    -11 (VIOLATED)
fanout4112/X                             10     21    -11 (VIOLATED)
fanout4113/X                             10     21    -11 (VIOLATED)
fanout4114/X                             10     21    -11 (VIOLATED)
fanout4117/X                             10     21    -11 (VIOLATED)
fanout412/X                              10     21    -11 (VIOLATED)
fanout4123/X                             10     21    -11 (VIOLATED)
fanout4127/X                             10     21    -11 (VIOLATED)
fanout4129/X                             10     21    -11 (VIOLATED)
fanout4132/X                             10     21    -11 (VIOLATED)
fanout4134/X                             10     21    -11 (VIOLATED)
fanout4136/X                             10     21    -11 (VIOLATED)
fanout4138/X                             10     21    -11 (VIOLATED)
fanout414/X                              10     21    -11 (VIOLATED)
fanout4141/X                             10     21    -11 (VIOLATED)
fanout4143/X                             10     21    -11 (VIOLATED)
fanout415/X                              10     21    -11 (VIOLATED)
fanout4151/X                             10     21    -11 (VIOLATED)
fanout4152/X                             10     21    -11 (VIOLATED)
fanout4153/X                             10     21    -11 (VIOLATED)
fanout4154/X                             10     21    -11 (VIOLATED)
fanout4158/X                             10     21    -11 (VIOLATED)
fanout4162/X                             10     21    -11 (VIOLATED)
fanout4167/X                             10     21    -11 (VIOLATED)
fanout4169/X                             10     21    -11 (VIOLATED)
fanout417/X                              10     21    -11 (VIOLATED)
fanout4170/X                             10     21    -11 (VIOLATED)
fanout4171/X                             10     21    -11 (VIOLATED)
fanout4174/X                             10     21    -11 (VIOLATED)
fanout4179/X                             10     21    -11 (VIOLATED)
fanout4180/X                             10     21    -11 (VIOLATED)
fanout4182/X                             10     21    -11 (VIOLATED)
fanout419/X                              10     21    -11 (VIOLATED)
fanout420/X                              10     21    -11 (VIOLATED)
fanout4200/X                             10     21    -11 (VIOLATED)
fanout4202/X                             10     21    -11 (VIOLATED)
fanout4205/X                             10     21    -11 (VIOLATED)
fanout4207/X                             10     21    -11 (VIOLATED)
fanout4209/X                             10     21    -11 (VIOLATED)
fanout4211/X                             10     21    -11 (VIOLATED)
fanout4213/X                             10     21    -11 (VIOLATED)
fanout4215/X                             10     21    -11 (VIOLATED)
fanout4217/X                             10     21    -11 (VIOLATED)
fanout422/X                              10     21    -11 (VIOLATED)
fanout4226/X                             10     21    -11 (VIOLATED)
fanout4230/X                             10     21    -11 (VIOLATED)
fanout424/X                              10     21    -11 (VIOLATED)
fanout4241/X                             10     21    -11 (VIOLATED)
fanout4244/X                             10     21    -11 (VIOLATED)
fanout4246/X                             10     21    -11 (VIOLATED)
fanout4248/X                             10     21    -11 (VIOLATED)
fanout4250/X                             10     21    -11 (VIOLATED)
fanout4256/X                             10     21    -11 (VIOLATED)
fanout4257/X                             10     21    -11 (VIOLATED)
fanout4259/X                             10     21    -11 (VIOLATED)
fanout4260/X                             10     21    -11 (VIOLATED)
fanout4262/X                             10     21    -11 (VIOLATED)
fanout4265/X                             10     21    -11 (VIOLATED)
fanout4267/X                             10     21    -11 (VIOLATED)
fanout4269/X                             10     21    -11 (VIOLATED)
fanout4272/X                             10     21    -11 (VIOLATED)
fanout4275/X                             10     21    -11 (VIOLATED)
fanout4277/X                             10     21    -11 (VIOLATED)
fanout4279/X                             10     21    -11 (VIOLATED)
fanout4281/X                             10     21    -11 (VIOLATED)
fanout4283/X                             10     21    -11 (VIOLATED)
fanout4285/X                             10     21    -11 (VIOLATED)
fanout4287/X                             10     21    -11 (VIOLATED)
fanout4288/X                             10     21    -11 (VIOLATED)
fanout4289/X                             10     21    -11 (VIOLATED)
fanout429/X                              10     21    -11 (VIOLATED)
fanout4291/X                             10     21    -11 (VIOLATED)
fanout4293/X                             10     21    -11 (VIOLATED)
fanout4295/X                             10     21    -11 (VIOLATED)
fanout4298/X                             10     21    -11 (VIOLATED)
fanout4301/X                             10     21    -11 (VIOLATED)
fanout4302/X                             10     21    -11 (VIOLATED)
fanout4304/X                             10     21    -11 (VIOLATED)
fanout4310/X                             10     21    -11 (VIOLATED)
fanout4311/X                             10     21    -11 (VIOLATED)
fanout4313/X                             10     21    -11 (VIOLATED)
fanout432/X                              10     21    -11 (VIOLATED)
fanout4323/X                             10     21    -11 (VIOLATED)
fanout4325/X                             10     21    -11 (VIOLATED)
fanout4327/X                             10     21    -11 (VIOLATED)
fanout4331/X                             10     21    -11 (VIOLATED)
fanout4333/X                             10     21    -11 (VIOLATED)
fanout4334/X                             10     21    -11 (VIOLATED)
fanout4337/X                             10     21    -11 (VIOLATED)
fanout4340/X                             10     21    -11 (VIOLATED)
fanout4344/X                             10     21    -11 (VIOLATED)
fanout4348/X                             10     21    -11 (VIOLATED)
fanout4349/X                             10     21    -11 (VIOLATED)
fanout435/X                              10     21    -11 (VIOLATED)
fanout4352/X                             10     21    -11 (VIOLATED)
fanout4354/X                             10     21    -11 (VIOLATED)
fanout4362/X                             10     21    -11 (VIOLATED)
fanout4364/X                             10     21    -11 (VIOLATED)
fanout4365/X                             10     21    -11 (VIOLATED)
fanout4366/X                             10     21    -11 (VIOLATED)
fanout4368/X                             10     21    -11 (VIOLATED)
fanout4369/X                             10     21    -11 (VIOLATED)
fanout4370/X                             10     21    -11 (VIOLATED)
fanout4372/X                             10     21    -11 (VIOLATED)
fanout4374/X                             10     21    -11 (VIOLATED)
fanout4378/X                             10     21    -11 (VIOLATED)
fanout438/X                              10     21    -11 (VIOLATED)
fanout4381/X                             10     21    -11 (VIOLATED)
fanout4383/X                             10     21    -11 (VIOLATED)
fanout4386/X                             10     21    -11 (VIOLATED)
fanout4389/X                             10     21    -11 (VIOLATED)
fanout4392/X                             10     21    -11 (VIOLATED)
fanout4395/X                             10     21    -11 (VIOLATED)
fanout4399/X                             10     21    -11 (VIOLATED)
fanout440/X                              10     21    -11 (VIOLATED)
fanout4400/X                             10     21    -11 (VIOLATED)
fanout4402/X                             10     21    -11 (VIOLATED)
fanout4403/X                             10     21    -11 (VIOLATED)
fanout4405/X                             10     21    -11 (VIOLATED)
fanout4406/X                             10     21    -11 (VIOLATED)
fanout4407/X                             10     21    -11 (VIOLATED)
fanout4409/X                             10     21    -11 (VIOLATED)
fanout441/X                              10     21    -11 (VIOLATED)
fanout4411/X                             10     21    -11 (VIOLATED)
fanout4414/X                             10     21    -11 (VIOLATED)
fanout4419/X                             10     21    -11 (VIOLATED)
fanout4421/X                             10     21    -11 (VIOLATED)
fanout4424/X                             10     21    -11 (VIOLATED)
fanout4427/X                             10     21    -11 (VIOLATED)
fanout4428/X                             10     21    -11 (VIOLATED)
fanout4431/X                             10     21    -11 (VIOLATED)
fanout4435/X                             10     21    -11 (VIOLATED)
fanout4437/X                             10     21    -11 (VIOLATED)
fanout4439/X                             10     21    -11 (VIOLATED)
fanout444/X                              10     21    -11 (VIOLATED)
fanout4440/X                             10     21    -11 (VIOLATED)
fanout4442/X                             10     21    -11 (VIOLATED)
fanout445/X                              10     21    -11 (VIOLATED)
fanout4450/X                             10     21    -11 (VIOLATED)
fanout4452/X                             10     21    -11 (VIOLATED)
fanout4459/X                             10     21    -11 (VIOLATED)
fanout4461/X                             10     21    -11 (VIOLATED)
fanout4464/X                             10     21    -11 (VIOLATED)
fanout4467/X                             10     21    -11 (VIOLATED)
fanout4469/X                             10     21    -11 (VIOLATED)
fanout4471/X                             10     21    -11 (VIOLATED)
fanout4473/X                             10     21    -11 (VIOLATED)
fanout4477/X                             10     21    -11 (VIOLATED)
fanout4479/X                             10     21    -11 (VIOLATED)
fanout4480/X                             10     21    -11 (VIOLATED)
fanout4482/X                             10     21    -11 (VIOLATED)
fanout4484/X                             10     21    -11 (VIOLATED)
fanout4485/X                             10     21    -11 (VIOLATED)
fanout4486/X                             10     21    -11 (VIOLATED)
fanout4487/X                             10     21    -11 (VIOLATED)
fanout4488/X                             10     21    -11 (VIOLATED)
fanout4494/X                             10     21    -11 (VIOLATED)
fanout4496/X                             10     21    -11 (VIOLATED)
fanout4499/X                             10     21    -11 (VIOLATED)
fanout450/X                              10     21    -11 (VIOLATED)
fanout4501/X                             10     21    -11 (VIOLATED)
fanout4507/X                             10     21    -11 (VIOLATED)
fanout4510/X                             10     21    -11 (VIOLATED)
fanout4512/X                             10     21    -11 (VIOLATED)
fanout4515/X                             10     21    -11 (VIOLATED)
fanout4517/X                             10     21    -11 (VIOLATED)
fanout4519/X                             10     21    -11 (VIOLATED)
fanout452/X                              10     21    -11 (VIOLATED)
fanout4520/X                             10     21    -11 (VIOLATED)
fanout4521/X                             10     21    -11 (VIOLATED)
fanout4523/X                             10     21    -11 (VIOLATED)
fanout4524/X                             10     21    -11 (VIOLATED)
fanout4530/X                             10     21    -11 (VIOLATED)
fanout4536/X                             10     21    -11 (VIOLATED)
fanout4538/X                             10     21    -11 (VIOLATED)
fanout454/X                              10     21    -11 (VIOLATED)
fanout4541/X                             10     21    -11 (VIOLATED)
fanout4543/X                             10     21    -11 (VIOLATED)
fanout4545/X                             10     21    -11 (VIOLATED)
fanout4548/X                             10     21    -11 (VIOLATED)
fanout4550/X                             10     21    -11 (VIOLATED)
fanout4551/X                             10     21    -11 (VIOLATED)
fanout4552/X                             10     21    -11 (VIOLATED)
fanout4553/X                             10     21    -11 (VIOLATED)
fanout4556/X                             10     21    -11 (VIOLATED)
fanout4557/X                             10     21    -11 (VIOLATED)
fanout4558/X                             10     21    -11 (VIOLATED)
fanout456/X                              10     21    -11 (VIOLATED)
fanout4564/X                             10     21    -11 (VIOLATED)
fanout4567/X                             10     21    -11 (VIOLATED)
fanout4568/X                             10     21    -11 (VIOLATED)
fanout4569/X                             10     21    -11 (VIOLATED)
fanout4571/X                             10     21    -11 (VIOLATED)
fanout4578/X                             10     21    -11 (VIOLATED)
fanout4580/X                             10     21    -11 (VIOLATED)
fanout4586/X                             10     21    -11 (VIOLATED)
fanout4588/X                             10     21    -11 (VIOLATED)
fanout4589/X                             10     21    -11 (VIOLATED)
fanout4591/X                             10     21    -11 (VIOLATED)
fanout4592/X                             10     21    -11 (VIOLATED)
fanout4594/X                             10     21    -11 (VIOLATED)
fanout4599/X                             10     21    -11 (VIOLATED)
fanout4607/X                             10     21    -11 (VIOLATED)
fanout4609/X                             10     21    -11 (VIOLATED)
fanout4611/X                             10     21    -11 (VIOLATED)
fanout4614/X                             10     21    -11 (VIOLATED)
fanout4618/X                             10     21    -11 (VIOLATED)
fanout4621/X                             10     21    -11 (VIOLATED)
fanout4622/X                             10     21    -11 (VIOLATED)
fanout4629/X                             10     21    -11 (VIOLATED)
fanout4631/X                             10     21    -11 (VIOLATED)
fanout4633/X                             10     21    -11 (VIOLATED)
fanout4636/X                             10     21    -11 (VIOLATED)
fanout4639/X                             10     21    -11 (VIOLATED)
fanout4641/X                             10     21    -11 (VIOLATED)
fanout4644/X                             10     21    -11 (VIOLATED)
fanout4648/X                             10     21    -11 (VIOLATED)
fanout4650/X                             10     21    -11 (VIOLATED)
fanout4654/X                             10     21    -11 (VIOLATED)
fanout4659/X                             10     21    -11 (VIOLATED)
fanout4665/X                             10     21    -11 (VIOLATED)
fanout4668/X                             10     21    -11 (VIOLATED)
fanout4671/X                             10     21    -11 (VIOLATED)
fanout4674/X                             10     21    -11 (VIOLATED)
fanout4677/X                             10     21    -11 (VIOLATED)
fanout4681/X                             10     21    -11 (VIOLATED)
fanout4685/X                             10     21    -11 (VIOLATED)
fanout4687/X                             10     21    -11 (VIOLATED)
fanout4688/X                             10     21    -11 (VIOLATED)
fanout4689/X                             10     21    -11 (VIOLATED)
fanout4692/X                             10     21    -11 (VIOLATED)
fanout4695/X                             10     21    -11 (VIOLATED)
fanout4699/X                             10     21    -11 (VIOLATED)
fanout4701/X                             10     21    -11 (VIOLATED)
fanout4704/X                             10     21    -11 (VIOLATED)
fanout4706/X                             10     21    -11 (VIOLATED)
fanout4709/X                             10     21    -11 (VIOLATED)
fanout4711/X                             10     21    -11 (VIOLATED)
fanout4721/X                             10     21    -11 (VIOLATED)
fanout4722/X                             10     21    -11 (VIOLATED)
fanout4726/X                             10     21    -11 (VIOLATED)
fanout4728/X                             10     21    -11 (VIOLATED)
fanout4730/X                             10     21    -11 (VIOLATED)
fanout4737/X                             10     21    -11 (VIOLATED)
fanout4739/X                             10     21    -11 (VIOLATED)
fanout4746/X                             10     21    -11 (VIOLATED)
fanout4754/X                             10     21    -11 (VIOLATED)
fanout4757/X                             10     21    -11 (VIOLATED)
fanout4759/X                             10     21    -11 (VIOLATED)
fanout4764/X                             10     21    -11 (VIOLATED)
fanout4765/X                             10     21    -11 (VIOLATED)
fanout4767/X                             10     21    -11 (VIOLATED)
fanout4769/X                             10     21    -11 (VIOLATED)
fanout4771/X                             10     21    -11 (VIOLATED)
fanout4773/X                             10     21    -11 (VIOLATED)
fanout4776/X                             10     21    -11 (VIOLATED)
fanout4779/X                             10     21    -11 (VIOLATED)
fanout4785/X                             10     21    -11 (VIOLATED)
fanout4787/X                             10     21    -11 (VIOLATED)
fanout479/X                              10     21    -11 (VIOLATED)
fanout4790/X                             10     21    -11 (VIOLATED)
fanout4791/X                             10     21    -11 (VIOLATED)
fanout4794/X                             10     21    -11 (VIOLATED)
fanout4796/X                             10     21    -11 (VIOLATED)
fanout4799/X                             10     21    -11 (VIOLATED)
fanout4800/X                             10     21    -11 (VIOLATED)
fanout4801/X                             10     21    -11 (VIOLATED)
fanout4804/X                             10     21    -11 (VIOLATED)
fanout4808/X                             10     21    -11 (VIOLATED)
fanout481/X                              10     21    -11 (VIOLATED)
fanout4812/X                             10     21    -11 (VIOLATED)
fanout4813/X                             10     21    -11 (VIOLATED)
fanout4814/X                             10     21    -11 (VIOLATED)
fanout4817/X                             10     21    -11 (VIOLATED)
fanout4818/X                             10     21    -11 (VIOLATED)
fanout4827/X                             10     21    -11 (VIOLATED)
fanout4829/X                             10     21    -11 (VIOLATED)
fanout4831/X                             10     21    -11 (VIOLATED)
fanout4833/X                             10     21    -11 (VIOLATED)
fanout4835/X                             10     21    -11 (VIOLATED)
fanout4837/X                             10     21    -11 (VIOLATED)
fanout4839/X                             10     21    -11 (VIOLATED)
fanout4840/X                             10     21    -11 (VIOLATED)
fanout4841/X                             10     21    -11 (VIOLATED)
fanout4844/X                             10     21    -11 (VIOLATED)
fanout4847/X                             10     21    -11 (VIOLATED)
fanout4850/X                             10     21    -11 (VIOLATED)
fanout4851/X                             10     21    -11 (VIOLATED)
fanout4853/X                             10     21    -11 (VIOLATED)
fanout4854/X                             10     21    -11 (VIOLATED)
fanout4856/X                             10     21    -11 (VIOLATED)
fanout4857/X                             10     21    -11 (VIOLATED)
fanout4860/X                             10     21    -11 (VIOLATED)
fanout4861/X                             10     21    -11 (VIOLATED)
fanout4863/X                             10     21    -11 (VIOLATED)
fanout4864/X                             10     21    -11 (VIOLATED)
fanout4867/X                             10     21    -11 (VIOLATED)
fanout4874/X                             10     21    -11 (VIOLATED)
fanout4882/X                             10     21    -11 (VIOLATED)
fanout4884/X                             10     21    -11 (VIOLATED)
fanout4886/X                             10     21    -11 (VIOLATED)
fanout4888/X                             10     21    -11 (VIOLATED)
fanout4889/X                             10     21    -11 (VIOLATED)
fanout4892/X                             10     21    -11 (VIOLATED)
fanout4894/X                             10     21    -11 (VIOLATED)
fanout4895/X                             10     21    -11 (VIOLATED)
fanout4897/X                             10     21    -11 (VIOLATED)
fanout4910/X                             10     21    -11 (VIOLATED)
fanout4912/X                             10     21    -11 (VIOLATED)
fanout4914/X                             10     21    -11 (VIOLATED)
fanout4917/X                             10     21    -11 (VIOLATED)
fanout4919/X                             10     21    -11 (VIOLATED)
fanout4921/X                             10     21    -11 (VIOLATED)
fanout4922/X                             10     21    -11 (VIOLATED)
fanout4924/X                             10     21    -11 (VIOLATED)
fanout4929/X                             10     21    -11 (VIOLATED)
fanout4931/X                             10     21    -11 (VIOLATED)
fanout4933/X                             10     21    -11 (VIOLATED)
fanout4936/X                             10     21    -11 (VIOLATED)
fanout4939/X                             10     21    -11 (VIOLATED)
fanout4942/X                             10     21    -11 (VIOLATED)
fanout4943/X                             10     21    -11 (VIOLATED)
fanout4945/X                             10     21    -11 (VIOLATED)
fanout4948/X                             10     21    -11 (VIOLATED)
fanout4950/X                             10     21    -11 (VIOLATED)
fanout4954/X                             10     21    -11 (VIOLATED)
fanout4955/X                             10     21    -11 (VIOLATED)
fanout4956/X                             10     21    -11 (VIOLATED)
fanout4957/X                             10     21    -11 (VIOLATED)
fanout4963/X                             10     21    -11 (VIOLATED)
fanout4967/X                             10     21    -11 (VIOLATED)
fanout4968/X                             10     21    -11 (VIOLATED)
fanout4971/X                             10     21    -11 (VIOLATED)
fanout4973/X                             10     21    -11 (VIOLATED)
fanout4975/X                             10     21    -11 (VIOLATED)
fanout4979/X                             10     21    -11 (VIOLATED)
fanout4980/X                             10     21    -11 (VIOLATED)
fanout4981/X                             10     21    -11 (VIOLATED)
fanout4985/X                             10     21    -11 (VIOLATED)
fanout4991/X                             10     21    -11 (VIOLATED)
fanout4992/X                             10     21    -11 (VIOLATED)
fanout4993/X                             10     21    -11 (VIOLATED)
fanout4997/X                             10     21    -11 (VIOLATED)
fanout4999/X                             10     21    -11 (VIOLATED)
fanout5002/X                             10     21    -11 (VIOLATED)
fanout5004/X                             10     21    -11 (VIOLATED)
fanout5006/X                             10     21    -11 (VIOLATED)
fanout5009/X                             10     21    -11 (VIOLATED)
fanout5016/X                             10     21    -11 (VIOLATED)
fanout5022/X                             10     21    -11 (VIOLATED)
fanout5025/X                             10     21    -11 (VIOLATED)
fanout5027/X                             10     21    -11 (VIOLATED)
fanout5031/X                             10     21    -11 (VIOLATED)
fanout5039/X                             10     21    -11 (VIOLATED)
fanout5045/X                             10     21    -11 (VIOLATED)
fanout5047/X                             10     21    -11 (VIOLATED)
fanout5049/X                             10     21    -11 (VIOLATED)
fanout5057/X                             10     21    -11 (VIOLATED)
fanout5059/X                             10     21    -11 (VIOLATED)
fanout5061/X                             10     21    -11 (VIOLATED)
fanout5063/X                             10     21    -11 (VIOLATED)
fanout5068/X                             10     21    -11 (VIOLATED)
fanout5071/X                             10     21    -11 (VIOLATED)
fanout5074/X                             10     21    -11 (VIOLATED)
fanout5076/X                             10     21    -11 (VIOLATED)
fanout5077/X                             10     21    -11 (VIOLATED)
fanout5078/X                             10     21    -11 (VIOLATED)
fanout5084/X                             10     21    -11 (VIOLATED)
fanout5086/X                             10     21    -11 (VIOLATED)
fanout5088/X                             10     21    -11 (VIOLATED)
fanout5089/X                             10     21    -11 (VIOLATED)
fanout5090/X                             10     21    -11 (VIOLATED)
fanout5092/X                             10     21    -11 (VIOLATED)
fanout5093/X                             10     21    -11 (VIOLATED)
fanout5096/X                             10     21    -11 (VIOLATED)
fanout5098/X                             10     21    -11 (VIOLATED)
fanout5105/X                             10     21    -11 (VIOLATED)
fanout5108/X                             10     21    -11 (VIOLATED)
fanout5111/X                             10     21    -11 (VIOLATED)
fanout5112/X                             10     21    -11 (VIOLATED)
fanout5114/X                             10     21    -11 (VIOLATED)
fanout5117/X                             10     21    -11 (VIOLATED)
fanout5120/X                             10     21    -11 (VIOLATED)
fanout5121/X                             10     21    -11 (VIOLATED)
fanout5124/X                             10     21    -11 (VIOLATED)
fanout5127/X                             10     21    -11 (VIOLATED)
fanout5132/X                             10     21    -11 (VIOLATED)
fanout5135/X                             10     21    -11 (VIOLATED)
fanout5137/X                             10     21    -11 (VIOLATED)
fanout5138/X                             10     21    -11 (VIOLATED)
fanout5139/X                             10     21    -11 (VIOLATED)
fanout5141/X                             10     21    -11 (VIOLATED)
fanout5142/X                             10     21    -11 (VIOLATED)
fanout5143/X                             10     21    -11 (VIOLATED)
fanout5145/X                             10     21    -11 (VIOLATED)
fanout5147/X                             10     21    -11 (VIOLATED)
fanout5150/X                             10     21    -11 (VIOLATED)
fanout5153/X                             10     21    -11 (VIOLATED)
fanout5154/X                             10     21    -11 (VIOLATED)
fanout5155/X                             10     21    -11 (VIOLATED)
fanout5157/X                             10     21    -11 (VIOLATED)
fanout5159/X                             10     21    -11 (VIOLATED)
fanout5162/X                             10     21    -11 (VIOLATED)
fanout5171/X                             10     21    -11 (VIOLATED)
fanout5173/X                             10     21    -11 (VIOLATED)
fanout5176/X                             10     21    -11 (VIOLATED)
fanout5180/X                             10     21    -11 (VIOLATED)
fanout5181/X                             10     21    -11 (VIOLATED)
fanout5187/X                             10     21    -11 (VIOLATED)
fanout5193/X                             10     21    -11 (VIOLATED)
fanout5197/X                             10     21    -11 (VIOLATED)
fanout5202/X                             10     21    -11 (VIOLATED)
fanout5204/X                             10     21    -11 (VIOLATED)
fanout5207/X                             10     21    -11 (VIOLATED)
fanout5209/X                             10     21    -11 (VIOLATED)
fanout5213/X                             10     21    -11 (VIOLATED)
fanout5215/X                             10     21    -11 (VIOLATED)
fanout5217/X                             10     21    -11 (VIOLATED)
fanout5222/X                             10     21    -11 (VIOLATED)
fanout5224/X                             10     21    -11 (VIOLATED)
fanout5226/X                             10     21    -11 (VIOLATED)
fanout5231/X                             10     21    -11 (VIOLATED)
fanout5237/X                             10     21    -11 (VIOLATED)
fanout5239/X                             10     21    -11 (VIOLATED)
fanout5241/X                             10     21    -11 (VIOLATED)
fanout5244/X                             10     21    -11 (VIOLATED)
fanout5247/X                             10     21    -11 (VIOLATED)
fanout5250/X                             10     21    -11 (VIOLATED)
fanout5253/X                             10     21    -11 (VIOLATED)
fanout5255/X                             10     21    -11 (VIOLATED)
fanout5260/X                             10     21    -11 (VIOLATED)
fanout5262/X                             10     21    -11 (VIOLATED)
fanout5265/X                             10     21    -11 (VIOLATED)
fanout5269/X                             10     21    -11 (VIOLATED)
fanout5271/X                             10     21    -11 (VIOLATED)
fanout5272/X                             10     21    -11 (VIOLATED)
fanout5275/X                             10     21    -11 (VIOLATED)
fanout5277/X                             10     21    -11 (VIOLATED)
fanout5280/X                             10     21    -11 (VIOLATED)
fanout5283/X                             10     21    -11 (VIOLATED)
fanout5284/X                             10     21    -11 (VIOLATED)
fanout5286/X                             10     21    -11 (VIOLATED)
fanout5294/X                             10     21    -11 (VIOLATED)
fanout5307/X                             10     21    -11 (VIOLATED)
fanout5310/X                             10     21    -11 (VIOLATED)
fanout5312/X                             10     21    -11 (VIOLATED)
fanout5314/X                             10     21    -11 (VIOLATED)
fanout5319/X                             10     21    -11 (VIOLATED)
fanout5320/X                             10     21    -11 (VIOLATED)
fanout5321/X                             10     21    -11 (VIOLATED)
fanout5322/X                             10     21    -11 (VIOLATED)
fanout5323/X                             10     21    -11 (VIOLATED)
fanout5324/X                             10     21    -11 (VIOLATED)
fanout5326/X                             10     21    -11 (VIOLATED)
fanout5329/X                             10     21    -11 (VIOLATED)
fanout5330/X                             10     21    -11 (VIOLATED)
fanout5332/X                             10     21    -11 (VIOLATED)
fanout5337/X                             10     21    -11 (VIOLATED)
fanout5345/X                             10     21    -11 (VIOLATED)
fanout5346/X                             10     21    -11 (VIOLATED)
fanout5349/X                             10     21    -11 (VIOLATED)
fanout5351/X                             10     21    -11 (VIOLATED)
fanout5359/X                             10     21    -11 (VIOLATED)
fanout5361/X                             10     21    -11 (VIOLATED)
fanout5363/X                             10     21    -11 (VIOLATED)
fanout5365/X                             10     21    -11 (VIOLATED)
fanout5367/X                             10     21    -11 (VIOLATED)
fanout5369/X                             10     21    -11 (VIOLATED)
fanout5371/X                             10     21    -11 (VIOLATED)
fanout5376/X                             10     21    -11 (VIOLATED)
fanout5379/X                             10     21    -11 (VIOLATED)
fanout5380/X                             10     21    -11 (VIOLATED)
fanout5383/X                             10     21    -11 (VIOLATED)
fanout5388/X                             10     21    -11 (VIOLATED)
fanout5394/X                             10     21    -11 (VIOLATED)
fanout5401/X                             10     21    -11 (VIOLATED)
fanout5404/X                             10     21    -11 (VIOLATED)
fanout5409/X                             10     21    -11 (VIOLATED)
fanout5410/X                             10     21    -11 (VIOLATED)
fanout5422/X                             10     21    -11 (VIOLATED)
fanout5423/X                             10     21    -11 (VIOLATED)
fanout5425/X                             10     21    -11 (VIOLATED)
fanout5435/X                             10     21    -11 (VIOLATED)
fanout5440/X                             10     21    -11 (VIOLATED)
fanout5442/X                             10     21    -11 (VIOLATED)
fanout5444/X                             10     21    -11 (VIOLATED)
fanout5446/X                             10     21    -11 (VIOLATED)
fanout5449/X                             10     21    -11 (VIOLATED)
fanout5452/X                             10     21    -11 (VIOLATED)
fanout5453/X                             10     21    -11 (VIOLATED)
fanout5457/X                             10     21    -11 (VIOLATED)
fanout5461/X                             10     21    -11 (VIOLATED)
fanout5464/X                             10     21    -11 (VIOLATED)
fanout5467/X                             10     21    -11 (VIOLATED)
fanout5470/X                             10     21    -11 (VIOLATED)
fanout5480/X                             10     21    -11 (VIOLATED)
fanout5482/X                             10     21    -11 (VIOLATED)
fanout5485/X                             10     21    -11 (VIOLATED)
fanout5486/X                             10     21    -11 (VIOLATED)
fanout5489/X                             10     21    -11 (VIOLATED)
fanout549/X                              10     21    -11 (VIOLATED)
fanout5494/X                             10     21    -11 (VIOLATED)
fanout5497/X                             10     21    -11 (VIOLATED)
fanout5499/X                             10     21    -11 (VIOLATED)
fanout5500/X                             10     21    -11 (VIOLATED)
fanout5502/X                             10     21    -11 (VIOLATED)
fanout5505/X                             10     21    -11 (VIOLATED)
fanout5507/X                             10     21    -11 (VIOLATED)
fanout5509/X                             10     21    -11 (VIOLATED)
fanout551/X                              10     21    -11 (VIOLATED)
fanout5511/X                             10     21    -11 (VIOLATED)
fanout5512/X                             10     21    -11 (VIOLATED)
fanout5513/X                             10     21    -11 (VIOLATED)
fanout5515/X                             10     21    -11 (VIOLATED)
fanout5518/X                             10     21    -11 (VIOLATED)
fanout5524/X                             10     21    -11 (VIOLATED)
fanout5526/X                             10     21    -11 (VIOLATED)
fanout5529/X                             10     21    -11 (VIOLATED)
fanout553/X                              10     21    -11 (VIOLATED)
fanout5532/X                             10     21    -11 (VIOLATED)
fanout5533/X                             10     21    -11 (VIOLATED)
fanout5536/X                             10     21    -11 (VIOLATED)
fanout5538/X                             10     21    -11 (VIOLATED)
fanout5540/X                             10     21    -11 (VIOLATED)
fanout5542/X                             10     21    -11 (VIOLATED)
fanout5548/X                             10     21    -11 (VIOLATED)
fanout555/X                              10     21    -11 (VIOLATED)
fanout5551/X                             10     21    -11 (VIOLATED)
fanout5553/X                             10     21    -11 (VIOLATED)
fanout5557/X                             10     21    -11 (VIOLATED)
fanout5559/X                             10     21    -11 (VIOLATED)
fanout5561/X                             10     21    -11 (VIOLATED)
fanout5567/X                             10     21    -11 (VIOLATED)
fanout5571/X                             10     21    -11 (VIOLATED)
fanout5572/X                             10     21    -11 (VIOLATED)
fanout5576/X                             10     21    -11 (VIOLATED)
fanout5577/X                             10     21    -11 (VIOLATED)
fanout5578/X                             10     21    -11 (VIOLATED)
fanout5579/X                             10     21    -11 (VIOLATED)
fanout5582/X                             10     21    -11 (VIOLATED)
fanout5585/X                             10     21    -11 (VIOLATED)
fanout5587/X                             10     21    -11 (VIOLATED)
fanout5590/X                             10     21    -11 (VIOLATED)
fanout5602/X                             10     21    -11 (VIOLATED)
fanout5612/X                             10     21    -11 (VIOLATED)
fanout5614/X                             10     21    -11 (VIOLATED)
fanout5615/X                             10     21    -11 (VIOLATED)
fanout5618/X                             10     21    -11 (VIOLATED)
fanout5620/X                             10     21    -11 (VIOLATED)
fanout5630/X                             10     21    -11 (VIOLATED)
fanout5632/X                             10     21    -11 (VIOLATED)
fanout5634/X                             10     21    -11 (VIOLATED)
fanout5636/X                             10     21    -11 (VIOLATED)
fanout5638/X                             10     21    -11 (VIOLATED)
fanout5642/X                             10     21    -11 (VIOLATED)
fanout5644/X                             10     21    -11 (VIOLATED)
fanout5646/X                             10     21    -11 (VIOLATED)
fanout5648/X                             10     21    -11 (VIOLATED)
fanout5650/X                             10     21    -11 (VIOLATED)
fanout5651/X                             10     21    -11 (VIOLATED)
fanout5652/X                             10     21    -11 (VIOLATED)
fanout5653/X                             10     21    -11 (VIOLATED)
fanout5658/X                             10     21    -11 (VIOLATED)
fanout5660/X                             10     21    -11 (VIOLATED)
fanout5662/X                             10     21    -11 (VIOLATED)
fanout5668/X                             10     21    -11 (VIOLATED)
fanout567/X                              10     21    -11 (VIOLATED)
fanout5670/X                             10     21    -11 (VIOLATED)
fanout5672/X                             10     21    -11 (VIOLATED)
fanout5683/X                             10     21    -11 (VIOLATED)
fanout5685/X                             10     21    -11 (VIOLATED)
fanout5690/X                             10     21    -11 (VIOLATED)
fanout5693/X                             10     21    -11 (VIOLATED)
fanout5695/X                             10     21    -11 (VIOLATED)
fanout5697/X                             10     21    -11 (VIOLATED)
fanout5701/X                             10     21    -11 (VIOLATED)
fanout5703/X                             10     21    -11 (VIOLATED)
fanout5715/X                             10     21    -11 (VIOLATED)
fanout5717/X                             10     21    -11 (VIOLATED)
fanout5719/X                             10     21    -11 (VIOLATED)
fanout572/X                              10     21    -11 (VIOLATED)
fanout5720/X                             10     21    -11 (VIOLATED)
fanout5722/X                             10     21    -11 (VIOLATED)
fanout5724/X                             10     21    -11 (VIOLATED)
fanout5727/X                             10     21    -11 (VIOLATED)
fanout5732/X                             10     21    -11 (VIOLATED)
fanout5734/X                             10     21    -11 (VIOLATED)
fanout5735/X                             10     21    -11 (VIOLATED)
fanout5737/X                             10     21    -11 (VIOLATED)
fanout574/X                              10     21    -11 (VIOLATED)
fanout5740/X                             10     21    -11 (VIOLATED)
fanout5743/X                             10     21    -11 (VIOLATED)
fanout5752/X                             10     21    -11 (VIOLATED)
fanout5754/X                             10     21    -11 (VIOLATED)
fanout5757/X                             10     21    -11 (VIOLATED)
fanout576/X                              10     21    -11 (VIOLATED)
fanout5761/X                             10     21    -11 (VIOLATED)
fanout5762/X                             10     21    -11 (VIOLATED)
fanout5763/X                             10     21    -11 (VIOLATED)
fanout5765/X                             10     21    -11 (VIOLATED)
fanout5769/X                             10     21    -11 (VIOLATED)
fanout5772/X                             10     21    -11 (VIOLATED)
fanout5773/X                             10     21    -11 (VIOLATED)
fanout5774/X                             10     21    -11 (VIOLATED)
fanout5776/X                             10     21    -11 (VIOLATED)
fanout5779/X                             10     21    -11 (VIOLATED)
fanout578/X                              10     21    -11 (VIOLATED)
fanout5782/X                             10     21    -11 (VIOLATED)
fanout5785/X                             10     21    -11 (VIOLATED)
fanout5788/X                             10     21    -11 (VIOLATED)
fanout5793/X                             10     21    -11 (VIOLATED)
fanout5795/X                             10     21    -11 (VIOLATED)
fanout5797/X                             10     21    -11 (VIOLATED)
fanout5799/X                             10     21    -11 (VIOLATED)
fanout580/X                              10     21    -11 (VIOLATED)
fanout5801/X                             10     21    -11 (VIOLATED)
fanout5804/X                             10     21    -11 (VIOLATED)
fanout5806/X                             10     21    -11 (VIOLATED)
fanout5808/X                             10     21    -11 (VIOLATED)
fanout5811/X                             10     21    -11 (VIOLATED)
fanout5812/X                             10     21    -11 (VIOLATED)
fanout5813/X                             10     21    -11 (VIOLATED)
fanout5815/X                             10     21    -11 (VIOLATED)
fanout5816/X                             10     21    -11 (VIOLATED)
fanout5817/X                             10     21    -11 (VIOLATED)
fanout5819/X                             10     21    -11 (VIOLATED)
fanout5823/X                             10     21    -11 (VIOLATED)
fanout5829/X                             10     21    -11 (VIOLATED)
fanout5831/X                             10     21    -11 (VIOLATED)
fanout5833/X                             10     21    -11 (VIOLATED)
fanout5835/X                             10     21    -11 (VIOLATED)
fanout5836/X                             10     21    -11 (VIOLATED)
fanout5837/X                             10     21    -11 (VIOLATED)
fanout5839/X                             10     21    -11 (VIOLATED)
fanout5843/X                             10     21    -11 (VIOLATED)
fanout5845/X                             10     21    -11 (VIOLATED)
fanout5856/X                             10     21    -11 (VIOLATED)
fanout5857/X                             10     21    -11 (VIOLATED)
fanout5860/X                             10     21    -11 (VIOLATED)
fanout5864/X                             10     21    -11 (VIOLATED)
fanout5869/X                             10     21    -11 (VIOLATED)
fanout5872/X                             10     21    -11 (VIOLATED)
fanout5875/X                             10     21    -11 (VIOLATED)
fanout5878/X                             10     21    -11 (VIOLATED)
fanout5884/X                             10     21    -11 (VIOLATED)
fanout5885/X                             10     21    -11 (VIOLATED)
fanout5886/X                             10     21    -11 (VIOLATED)
fanout5888/X                             10     21    -11 (VIOLATED)
fanout5889/X                             10     21    -11 (VIOLATED)
fanout5890/X                             10     21    -11 (VIOLATED)
fanout5891/X                             10     21    -11 (VIOLATED)
fanout5893/X                             10     21    -11 (VIOLATED)
fanout5894/X                             10     21    -11 (VIOLATED)
fanout5895/X                             10     21    -11 (VIOLATED)
fanout5900/X                             10     21    -11 (VIOLATED)
fanout5903/X                             10     21    -11 (VIOLATED)
fanout5904/X                             10     21    -11 (VIOLATED)
fanout5906/X                             10     21    -11 (VIOLATED)
fanout5912/X                             10     21    -11 (VIOLATED)
fanout5915/X                             10     21    -11 (VIOLATED)
fanout5918/X                             10     21    -11 (VIOLATED)
fanout5934/X                             10     21    -11 (VIOLATED)
fanout5936/X                             10     21    -11 (VIOLATED)
fanout5938/X                             10     21    -11 (VIOLATED)
fanout5941/X                             10     21    -11 (VIOLATED)
fanout5942/X                             10     21    -11 (VIOLATED)
fanout5944/X                             10     21    -11 (VIOLATED)
fanout5946/X                             10     21    -11 (VIOLATED)
fanout5948/X                             10     21    -11 (VIOLATED)
fanout5950/X                             10     21    -11 (VIOLATED)
fanout5954/X                             10     21    -11 (VIOLATED)
fanout5957/X                             10     21    -11 (VIOLATED)
fanout5958/X                             10     21    -11 (VIOLATED)
fanout5960/X                             10     21    -11 (VIOLATED)
fanout5961/X                             10     21    -11 (VIOLATED)
fanout5964/X                             10     21    -11 (VIOLATED)
fanout5965/X                             10     21    -11 (VIOLATED)
fanout5966/X                             10     21    -11 (VIOLATED)
fanout5968/X                             10     21    -11 (VIOLATED)
fanout5971/X                             10     21    -11 (VIOLATED)
fanout5973/X                             10     21    -11 (VIOLATED)
fanout5979/X                             10     21    -11 (VIOLATED)
fanout5981/X                             10     21    -11 (VIOLATED)
fanout5984/X                             10     21    -11 (VIOLATED)
fanout5987/X                             10     21    -11 (VIOLATED)
fanout5989/X                             10     21    -11 (VIOLATED)
fanout5992/X                             10     21    -11 (VIOLATED)
fanout5997/X                             10     21    -11 (VIOLATED)
fanout5998/X                             10     21    -11 (VIOLATED)
fanout6004/X                             10     21    -11 (VIOLATED)
fanout6006/X                             10     21    -11 (VIOLATED)
fanout6009/X                             10     21    -11 (VIOLATED)
fanout6010/X                             10     21    -11 (VIOLATED)
fanout6012/X                             10     21    -11 (VIOLATED)
fanout6015/X                             10     21    -11 (VIOLATED)
fanout6018/X                             10     21    -11 (VIOLATED)
fanout6021/X                             10     21    -11 (VIOLATED)
fanout6024/X                             10     21    -11 (VIOLATED)
fanout6027/X                             10     21    -11 (VIOLATED)
fanout6030/X                             10     21    -11 (VIOLATED)
fanout6031/X                             10     21    -11 (VIOLATED)
fanout6033/X                             10     21    -11 (VIOLATED)
fanout6037/X                             10     21    -11 (VIOLATED)
fanout6039/X                             10     21    -11 (VIOLATED)
fanout6040/X                             10     21    -11 (VIOLATED)
fanout6051/X                             10     21    -11 (VIOLATED)
fanout6054/X                             10     21    -11 (VIOLATED)
fanout6060/X                             10     21    -11 (VIOLATED)
fanout6067/X                             10     21    -11 (VIOLATED)
fanout6070/X                             10     21    -11 (VIOLATED)
fanout6074/X                             10     21    -11 (VIOLATED)
fanout6078/X                             10     21    -11 (VIOLATED)
fanout6079/X                             10     21    -11 (VIOLATED)
fanout6082/X                             10     21    -11 (VIOLATED)
fanout6083/X                             10     21    -11 (VIOLATED)
fanout6084/X                             10     21    -11 (VIOLATED)
fanout6087/X                             10     21    -11 (VIOLATED)
fanout6088/X                             10     21    -11 (VIOLATED)
fanout6090/X                             10     21    -11 (VIOLATED)
fanout6094/X                             10     21    -11 (VIOLATED)
fanout6098/X                             10     21    -11 (VIOLATED)
fanout6101/X                             10     21    -11 (VIOLATED)
fanout6102/X                             10     21    -11 (VIOLATED)
fanout6104/X                             10     21    -11 (VIOLATED)
fanout6107/X                             10     21    -11 (VIOLATED)
fanout6108/X                             10     21    -11 (VIOLATED)
fanout6110/X                             10     21    -11 (VIOLATED)
fanout6114/X                             10     21    -11 (VIOLATED)
fanout6116/X                             10     21    -11 (VIOLATED)
fanout6118/X                             10     21    -11 (VIOLATED)
fanout6119/X                             10     21    -11 (VIOLATED)
fanout6120/X                             10     21    -11 (VIOLATED)
fanout6121/X                             10     21    -11 (VIOLATED)
fanout6122/X                             10     21    -11 (VIOLATED)
fanout6123/X                             10     21    -11 (VIOLATED)
fanout6125/X                             10     21    -11 (VIOLATED)
fanout6128/X                             10     21    -11 (VIOLATED)
fanout6130/X                             10     21    -11 (VIOLATED)
fanout6131/X                             10     21    -11 (VIOLATED)
fanout6132/X                             10     21    -11 (VIOLATED)
fanout6133/X                             10     21    -11 (VIOLATED)
fanout6134/X                             10     21    -11 (VIOLATED)
fanout6135/X                             10     21    -11 (VIOLATED)
fanout6139/X                             10     21    -11 (VIOLATED)
fanout6142/X                             10     21    -11 (VIOLATED)
fanout6143/X                             10     21    -11 (VIOLATED)
fanout6150/X                             10     21    -11 (VIOLATED)
fanout6152/X                             10     21    -11 (VIOLATED)
fanout6155/X                             10     21    -11 (VIOLATED)
fanout6157/X                             10     21    -11 (VIOLATED)
fanout6160/X                             10     21    -11 (VIOLATED)
fanout6163/X                             10     21    -11 (VIOLATED)
fanout6166/X                             10     21    -11 (VIOLATED)
fanout6171/X                             10     21    -11 (VIOLATED)
fanout6175/X                             10     21    -11 (VIOLATED)
fanout6178/X                             10     21    -11 (VIOLATED)
fanout6180/X                             10     21    -11 (VIOLATED)
fanout6183/X                             10     21    -11 (VIOLATED)
fanout6186/X                             10     21    -11 (VIOLATED)
fanout6189/X                             10     21    -11 (VIOLATED)
fanout6197/X                             10     21    -11 (VIOLATED)
fanout6198/X                             10     21    -11 (VIOLATED)
fanout6199/X                             10     21    -11 (VIOLATED)
fanout6203/X                             10     21    -11 (VIOLATED)
fanout6204/X                             10     21    -11 (VIOLATED)
fanout6206/X                             10     21    -11 (VIOLATED)
fanout6212/X                             10     21    -11 (VIOLATED)
fanout6215/X                             10     21    -11 (VIOLATED)
fanout6217/X                             10     21    -11 (VIOLATED)
fanout6218/X                             10     21    -11 (VIOLATED)
fanout6219/X                             10     21    -11 (VIOLATED)
fanout6220/X                             10     21    -11 (VIOLATED)
fanout6221/X                             10     21    -11 (VIOLATED)
fanout6224/X                             10     21    -11 (VIOLATED)
fanout6227/X                             10     21    -11 (VIOLATED)
fanout6230/X                             10     21    -11 (VIOLATED)
fanout6234/X                             10     21    -11 (VIOLATED)
fanout6239/X                             10     21    -11 (VIOLATED)
fanout6241/X                             10     21    -11 (VIOLATED)
fanout6244/X                             10     21    -11 (VIOLATED)
fanout6247/X                             10     21    -11 (VIOLATED)
fanout6250/X                             10     21    -11 (VIOLATED)
fanout6254/X                             10     21    -11 (VIOLATED)
fanout6255/X                             10     21    -11 (VIOLATED)
fanout6258/X                             10     21    -11 (VIOLATED)
fanout6260/X                             10     21    -11 (VIOLATED)
fanout6262/X                             10     21    -11 (VIOLATED)
fanout6264/X                             10     21    -11 (VIOLATED)
fanout6271/X                             10     21    -11 (VIOLATED)
fanout6272/X                             10     21    -11 (VIOLATED)
fanout6276/X                             10     21    -11 (VIOLATED)
fanout6280/X                             10     21    -11 (VIOLATED)
fanout6281/X                             10     21    -11 (VIOLATED)
fanout6284/X                             10     21    -11 (VIOLATED)
fanout6285/X                             10     21    -11 (VIOLATED)
fanout6287/X                             10     21    -11 (VIOLATED)
fanout6289/X                             10     21    -11 (VIOLATED)
fanout6290/X                             10     21    -11 (VIOLATED)
fanout6292/X                             10     21    -11 (VIOLATED)
fanout6295/X                             10     21    -11 (VIOLATED)
fanout6298/X                             10     21    -11 (VIOLATED)
fanout6299/X                             10     21    -11 (VIOLATED)
fanout6300/X                             10     21    -11 (VIOLATED)
fanout6302/X                             10     21    -11 (VIOLATED)
fanout6303/X                             10     21    -11 (VIOLATED)
fanout6307/X                             10     21    -11 (VIOLATED)
fanout6309/X                             10     21    -11 (VIOLATED)
fanout6310/X                             10     21    -11 (VIOLATED)
fanout6311/X                             10     21    -11 (VIOLATED)
fanout6314/X                             10     21    -11 (VIOLATED)
fanout6315/X                             10     21    -11 (VIOLATED)
fanout6318/X                             10     21    -11 (VIOLATED)
fanout6319/X                             10     21    -11 (VIOLATED)
fanout6320/X                             10     21    -11 (VIOLATED)
fanout6323/X                             10     21    -11 (VIOLATED)
fanout6325/X                             10     21    -11 (VIOLATED)
fanout6327/X                             10     21    -11 (VIOLATED)
fanout6328/X                             10     21    -11 (VIOLATED)
fanout6329/X                             10     21    -11 (VIOLATED)
fanout6330/X                             10     21    -11 (VIOLATED)
fanout6331/X                             10     21    -11 (VIOLATED)
fanout6333/X                             10     21    -11 (VIOLATED)
fanout6346/X                             10     21    -11 (VIOLATED)
fanout6347/X                             10     21    -11 (VIOLATED)
fanout6349/X                             10     21    -11 (VIOLATED)
fanout6350/X                             10     21    -11 (VIOLATED)
fanout6351/X                             10     21    -11 (VIOLATED)
fanout6352/X                             10     21    -11 (VIOLATED)
fanout6355/X                             10     21    -11 (VIOLATED)
fanout6356/X                             10     21    -11 (VIOLATED)
fanout6357/X                             10     21    -11 (VIOLATED)
fanout6358/X                             10     21    -11 (VIOLATED)
fanout6359/X                             10     21    -11 (VIOLATED)
fanout6362/X                             10     21    -11 (VIOLATED)
fanout6363/X                             10     21    -11 (VIOLATED)
fanout6364/X                             10     21    -11 (VIOLATED)
fanout6365/X                             10     21    -11 (VIOLATED)
fanout6367/X                             10     21    -11 (VIOLATED)
fanout6369/X                             10     21    -11 (VIOLATED)
fanout6371/X                             10     21    -11 (VIOLATED)
fanout6373/X                             10     21    -11 (VIOLATED)
fanout6375/X                             10     21    -11 (VIOLATED)
fanout6377/X                             10     21    -11 (VIOLATED)
fanout6378/X                             10     21    -11 (VIOLATED)
fanout6379/X                             10     21    -11 (VIOLATED)
fanout6383/X                             10     21    -11 (VIOLATED)
fanout6385/X                             10     21    -11 (VIOLATED)
fanout6387/X                             10     21    -11 (VIOLATED)
fanout6389/X                             10     21    -11 (VIOLATED)
fanout6390/X                             10     21    -11 (VIOLATED)
fanout6392/X                             10     21    -11 (VIOLATED)
fanout6393/X                             10     21    -11 (VIOLATED)
fanout6395/X                             10     21    -11 (VIOLATED)
fanout6401/X                             10     21    -11 (VIOLATED)
fanout6402/X                             10     21    -11 (VIOLATED)
fanout6403/X                             10     21    -11 (VIOLATED)
fanout6406/X                             10     21    -11 (VIOLATED)
fanout6409/X                             10     21    -11 (VIOLATED)
fanout6412/X                             10     21    -11 (VIOLATED)
fanout6414/X                             10     21    -11 (VIOLATED)
fanout6416/X                             10     21    -11 (VIOLATED)
fanout6417/X                             10     21    -11 (VIOLATED)
fanout6419/X                             10     21    -11 (VIOLATED)
fanout6420/X                             10     21    -11 (VIOLATED)
fanout6422/X                             10     21    -11 (VIOLATED)
fanout6423/X                             10     21    -11 (VIOLATED)
fanout6424/X                             10     21    -11 (VIOLATED)
fanout6425/X                             10     21    -11 (VIOLATED)
fanout6432/X                             10     21    -11 (VIOLATED)
fanout6434/X                             10     21    -11 (VIOLATED)
fanout6435/X                             10     21    -11 (VIOLATED)
fanout6437/X                             10     21    -11 (VIOLATED)
fanout6438/X                             10     21    -11 (VIOLATED)
fanout6440/X                             10     21    -11 (VIOLATED)
fanout6442/X                             10     21    -11 (VIOLATED)
fanout6443/X                             10     21    -11 (VIOLATED)
fanout6446/X                             10     21    -11 (VIOLATED)
fanout6448/X                             10     21    -11 (VIOLATED)
fanout6451/X                             10     21    -11 (VIOLATED)
fanout6452/X                             10     21    -11 (VIOLATED)
fanout6453/X                             10     21    -11 (VIOLATED)
fanout6456/X                             10     21    -11 (VIOLATED)
fanout6457/X                             10     21    -11 (VIOLATED)
fanout6460/X                             10     21    -11 (VIOLATED)
fanout6461/X                             10     21    -11 (VIOLATED)
fanout6462/X                             10     21    -11 (VIOLATED)
fanout6465/X                             10     21    -11 (VIOLATED)
fanout6466/X                             10     21    -11 (VIOLATED)
fanout6469/X                             10     21    -11 (VIOLATED)
fanout6472/X                             10     21    -11 (VIOLATED)
fanout6473/X                             10     21    -11 (VIOLATED)
fanout6474/X                             10     21    -11 (VIOLATED)
fanout6477/X                             10     21    -11 (VIOLATED)
fanout6478/X                             10     21    -11 (VIOLATED)
fanout6481/X                             10     21    -11 (VIOLATED)
fanout6482/X                             10     21    -11 (VIOLATED)
fanout6489/X                             10     21    -11 (VIOLATED)
fanout6491/X                             10     21    -11 (VIOLATED)
fanout6493/X                             10     21    -11 (VIOLATED)
fanout6494/X                             10     21    -11 (VIOLATED)
fanout6495/X                             10     21    -11 (VIOLATED)
fanout6498/X                             10     21    -11 (VIOLATED)
fanout6499/X                             10     21    -11 (VIOLATED)
fanout6500/X                             10     21    -11 (VIOLATED)
fanout6502/X                             10     21    -11 (VIOLATED)
fanout6504/X                             10     21    -11 (VIOLATED)
fanout6505/X                             10     21    -11 (VIOLATED)
fanout6507/X                             10     21    -11 (VIOLATED)
fanout6509/X                             10     21    -11 (VIOLATED)
fanout6511/X                             10     21    -11 (VIOLATED)
fanout6512/X                             10     21    -11 (VIOLATED)
fanout6513/X                             10     21    -11 (VIOLATED)
fanout6515/X                             10     21    -11 (VIOLATED)
fanout6516/X                             10     21    -11 (VIOLATED)
fanout6520/X                             10     21    -11 (VIOLATED)
fanout6521/X                             10     21    -11 (VIOLATED)
fanout6523/X                             10     21    -11 (VIOLATED)
fanout6524/X                             10     21    -11 (VIOLATED)
fanout6526/X                             10     21    -11 (VIOLATED)
fanout6528/X                             10     21    -11 (VIOLATED)
fanout6530/X                             10     21    -11 (VIOLATED)
fanout6531/X                             10     21    -11 (VIOLATED)
fanout6532/X                             10     21    -11 (VIOLATED)
fanout6533/X                             10     21    -11 (VIOLATED)
fanout6535/X                             10     21    -11 (VIOLATED)
fanout6537/X                             10     21    -11 (VIOLATED)
fanout6538/X                             10     21    -11 (VIOLATED)
fanout6539/X                             10     21    -11 (VIOLATED)
fanout6540/X                             10     21    -11 (VIOLATED)
fanout6541/X                             10     21    -11 (VIOLATED)
fanout6544/X                             10     21    -11 (VIOLATED)
fanout6552/X                             10     21    -11 (VIOLATED)
fanout6553/X                             10     21    -11 (VIOLATED)
fanout6556/X                             10     21    -11 (VIOLATED)
fanout6559/X                             10     21    -11 (VIOLATED)
fanout6561/X                             10     21    -11 (VIOLATED)
fanout6562/X                             10     21    -11 (VIOLATED)
fanout6564/X                             10     21    -11 (VIOLATED)
fanout6565/X                             10     21    -11 (VIOLATED)
fanout6567/X                             10     21    -11 (VIOLATED)
fanout6568/X                             10     21    -11 (VIOLATED)
fanout657/X                              10     21    -11 (VIOLATED)
fanout6571/X                             10     21    -11 (VIOLATED)
fanout6573/X                             10     21    -11 (VIOLATED)
fanout6574/X                             10     21    -11 (VIOLATED)
fanout6587/X                             10     21    -11 (VIOLATED)
fanout6589/X                             10     21    -11 (VIOLATED)
fanout6591/X                             10     21    -11 (VIOLATED)
fanout6596/X                             10     21    -11 (VIOLATED)
fanout6598/X                             10     21    -11 (VIOLATED)
fanout6602/X                             10     21    -11 (VIOLATED)
fanout6603/X                             10     21    -11 (VIOLATED)
fanout6604/X                             10     21    -11 (VIOLATED)
fanout6605/X                             10     21    -11 (VIOLATED)
fanout6606/X                             10     21    -11 (VIOLATED)
fanout6607/X                             10     21    -11 (VIOLATED)
fanout661/X                              10     21    -11 (VIOLATED)
fanout6610/X                             10     21    -11 (VIOLATED)
fanout6611/X                             10     21    -11 (VIOLATED)
fanout6618/X                             10     21    -11 (VIOLATED)
fanout6620/X                             10     21    -11 (VIOLATED)
fanout6621/X                             10     21    -11 (VIOLATED)
fanout6622/X                             10     21    -11 (VIOLATED)
fanout6624/X                             10     21    -11 (VIOLATED)
fanout6625/X                             10     21    -11 (VIOLATED)
fanout6626/X                             10     21    -11 (VIOLATED)
fanout6629/X                             10     21    -11 (VIOLATED)
fanout663/X                              10     21    -11 (VIOLATED)
fanout6631/X                             10     21    -11 (VIOLATED)
fanout6633/X                             10     21    -11 (VIOLATED)
fanout6636/X                             10     21    -11 (VIOLATED)
fanout665/X                              10     21    -11 (VIOLATED)
fanout6651/X                             10     21    -11 (VIOLATED)
fanout6652/X                             10     21    -11 (VIOLATED)
fanout6653/X                             10     21    -11 (VIOLATED)
fanout6659/X                             10     21    -11 (VIOLATED)
fanout6660/X                             10     21    -11 (VIOLATED)
fanout6661/X                             10     21    -11 (VIOLATED)
fanout6663/X                             10     21    -11 (VIOLATED)
fanout6664/X                             10     21    -11 (VIOLATED)
fanout6665/X                             10     21    -11 (VIOLATED)
fanout6668/X                             10     21    -11 (VIOLATED)
fanout6670/X                             10     21    -11 (VIOLATED)
fanout6672/X                             10     21    -11 (VIOLATED)
fanout6675/X                             10     21    -11 (VIOLATED)
fanout6680/X                             10     21    -11 (VIOLATED)
fanout6686/X                             10     21    -11 (VIOLATED)
fanout6688/X                             10     21    -11 (VIOLATED)
fanout6689/X                             10     21    -11 (VIOLATED)
fanout6694/X                             10     21    -11 (VIOLATED)
fanout6696/X                             10     21    -11 (VIOLATED)
fanout6698/X                             10     21    -11 (VIOLATED)
fanout6700/X                             10     21    -11 (VIOLATED)
fanout6701/X                             10     21    -11 (VIOLATED)
fanout6702/X                             10     21    -11 (VIOLATED)
fanout6703/X                             10     21    -11 (VIOLATED)
fanout6704/X                             10     21    -11 (VIOLATED)
fanout6710/X                             10     21    -11 (VIOLATED)
fanout6712/X                             10     21    -11 (VIOLATED)
fanout6713/X                             10     21    -11 (VIOLATED)
fanout6717/X                             10     21    -11 (VIOLATED)
fanout6720/X                             10     21    -11 (VIOLATED)
fanout6721/X                             10     21    -11 (VIOLATED)
fanout673/X                              10     21    -11 (VIOLATED)
fanout6732/X                             10     21    -11 (VIOLATED)
fanout6734/X                             10     21    -11 (VIOLATED)
fanout6738/X                             10     21    -11 (VIOLATED)
fanout6740/X                             10     21    -11 (VIOLATED)
fanout6744/X                             10     21    -11 (VIOLATED)
fanout6745/X                             10     21    -11 (VIOLATED)
fanout675/X                              10     21    -11 (VIOLATED)
fanout6752/X                             10     21    -11 (VIOLATED)
fanout6754/X                             10     21    -11 (VIOLATED)
fanout6755/X                             10     21    -11 (VIOLATED)
fanout6759/X                             10     21    -11 (VIOLATED)
fanout6762/X                             10     21    -11 (VIOLATED)
fanout6763/X                             10     21    -11 (VIOLATED)
fanout6764/X                             10     21    -11 (VIOLATED)
fanout6774/X                             10     21    -11 (VIOLATED)
fanout6779/X                             10     21    -11 (VIOLATED)
fanout6781/X                             10     21    -11 (VIOLATED)
fanout6783/X                             10     21    -11 (VIOLATED)
fanout6788/X                             10     21    -11 (VIOLATED)
fanout6789/X                             10     21    -11 (VIOLATED)
fanout6790/X                             10     21    -11 (VIOLATED)
fanout6793/X                             10     21    -11 (VIOLATED)
fanout6794/X                             10     21    -11 (VIOLATED)
fanout6795/X                             10     21    -11 (VIOLATED)
fanout680/X                              10     21    -11 (VIOLATED)
fanout683/X                              10     21    -11 (VIOLATED)
fanout684/X                              10     21    -11 (VIOLATED)
fanout6848/X                             10     21    -11 (VIOLATED)
fanout6850/X                             10     21    -11 (VIOLATED)
fanout686/X                              10     21    -11 (VIOLATED)
fanout6870/X                             10     21    -11 (VIOLATED)
fanout6873/X                             10     21    -11 (VIOLATED)
fanout6884/X                             10     21    -11 (VIOLATED)
fanout6885/X                             10     21    -11 (VIOLATED)
fanout689/X                              10     21    -11 (VIOLATED)
fanout6899/X                             10     21    -11 (VIOLATED)
fanout6900/X                             10     21    -11 (VIOLATED)
fanout6913/X                             10     21    -11 (VIOLATED)
fanout6914/X                             10     21    -11 (VIOLATED)
fanout6927/X                             10     21    -11 (VIOLATED)
fanout693/X                              10     21    -11 (VIOLATED)
fanout6942/X                             10     21    -11 (VIOLATED)
fanout6943/X                             10     21    -11 (VIOLATED)
fanout6959/X                             10     21    -11 (VIOLATED)
fanout696/X                              10     21    -11 (VIOLATED)
fanout6972/X                             10     21    -11 (VIOLATED)
fanout6981/X                             10     21    -11 (VIOLATED)
fanout6982/X                             10     21    -11 (VIOLATED)
fanout699/X                              10     21    -11 (VIOLATED)
fanout6997/X                             10     21    -11 (VIOLATED)
fanout700/X                              10     21    -11 (VIOLATED)
fanout7018/X                             10     21    -11 (VIOLATED)
fanout702/X                              10     21    -11 (VIOLATED)
fanout7032/X                             10     21    -11 (VIOLATED)
fanout704/X                              10     21    -11 (VIOLATED)
fanout7047/X                             10     21    -11 (VIOLATED)
fanout7058/X                             10     21    -11 (VIOLATED)
fanout706/X                              10     21    -11 (VIOLATED)
fanout7072/X                             10     21    -11 (VIOLATED)
fanout708/X                              10     21    -11 (VIOLATED)
fanout709/X                              10     21    -11 (VIOLATED)
fanout7102/X                             10     21    -11 (VIOLATED)
fanout7116/X                             10     21    -11 (VIOLATED)
fanout713/X                              10     21    -11 (VIOLATED)
fanout7132/X                             10     21    -11 (VIOLATED)
fanout7142/X                             10     21    -11 (VIOLATED)
fanout7143/X                             10     21    -11 (VIOLATED)
fanout7156/X                             10     21    -11 (VIOLATED)
fanout7157/X                             10     21    -11 (VIOLATED)
fanout7161/X                             10     21    -11 (VIOLATED)
fanout7163/X                             10     21    -11 (VIOLATED)
fanout7164/X                             10     21    -11 (VIOLATED)
fanout7165/X                             10     21    -11 (VIOLATED)
fanout7167/X                             10     21    -11 (VIOLATED)
fanout7168/X                             10     21    -11 (VIOLATED)
fanout7172/X                             10     21    -11 (VIOLATED)
fanout7173/X                             10     21    -11 (VIOLATED)
fanout7178/X                             10     21    -11 (VIOLATED)
fanout7180/X                             10     21    -11 (VIOLATED)
fanout7181/X                             10     21    -11 (VIOLATED)
fanout7184/X                             10     21    -11 (VIOLATED)
fanout7187/X                             10     21    -11 (VIOLATED)
fanout7189/X                             10     21    -11 (VIOLATED)
fanout7191/X                             10     21    -11 (VIOLATED)
fanout7201/X                             10     21    -11 (VIOLATED)
fanout7202/X                             10     21    -11 (VIOLATED)
fanout7203/X                             10     21    -11 (VIOLATED)
fanout7204/X                             10     21    -11 (VIOLATED)
fanout7207/X                             10     21    -11 (VIOLATED)
fanout7209/X                             10     21    -11 (VIOLATED)
fanout7211/X                             10     21    -11 (VIOLATED)
fanout7213/X                             10     21    -11 (VIOLATED)
fanout7219/X                             10     21    -11 (VIOLATED)
fanout7224/X                             10     21    -11 (VIOLATED)
fanout7226/X                             10     21    -11 (VIOLATED)
fanout7228/X                             10     21    -11 (VIOLATED)
fanout7232/X                             10     21    -11 (VIOLATED)
fanout7246/X                             10     21    -11 (VIOLATED)
fanout7248/X                             10     21    -11 (VIOLATED)
fanout7250/X                             10     21    -11 (VIOLATED)
fanout7253/X                             10     21    -11 (VIOLATED)
fanout7255/X                             10     21    -11 (VIOLATED)
fanout7259/X                             10     21    -11 (VIOLATED)
fanout7267/X                             10     21    -11 (VIOLATED)
fanout7269/X                             10     21    -11 (VIOLATED)
fanout7270/X                             10     21    -11 (VIOLATED)
fanout7274/X                             10     21    -11 (VIOLATED)
fanout7275/X                             10     21    -11 (VIOLATED)
fanout7278/X                             10     21    -11 (VIOLATED)
fanout7280/X                             10     21    -11 (VIOLATED)
fanout7285/X                             10     21    -11 (VIOLATED)
fanout7287/X                             10     21    -11 (VIOLATED)
fanout7288/X                             10     21    -11 (VIOLATED)
fanout7290/X                             10     21    -11 (VIOLATED)
fanout7291/X                             10     21    -11 (VIOLATED)
fanout7297/X                             10     21    -11 (VIOLATED)
fanout7303/X                             10     21    -11 (VIOLATED)
fanout7305/X                             10     21    -11 (VIOLATED)
fanout7306/X                             10     21    -11 (VIOLATED)
fanout7309/X                             10     21    -11 (VIOLATED)
fanout7310/X                             10     21    -11 (VIOLATED)
fanout7311/X                             10     21    -11 (VIOLATED)
fanout7312/X                             10     21    -11 (VIOLATED)
fanout7314/X                             10     21    -11 (VIOLATED)
fanout7317/X                             10     21    -11 (VIOLATED)
fanout7322/X                             10     21    -11 (VIOLATED)
fanout7323/X                             10     21    -11 (VIOLATED)
fanout7324/X                             10     21    -11 (VIOLATED)
fanout7326/X                             10     21    -11 (VIOLATED)
fanout7328/X                             10     21    -11 (VIOLATED)
fanout7330/X                             10     21    -11 (VIOLATED)
fanout7331/X                             10     21    -11 (VIOLATED)
fanout7357/X                             10     21    -11 (VIOLATED)
fanout7373/X                             10     21    -11 (VIOLATED)
fanout7387/X                             10     21    -11 (VIOLATED)
fanout7403/X                             10     21    -11 (VIOLATED)
fanout7413/X                             10     21    -11 (VIOLATED)
fanout7414/X                             10     21    -11 (VIOLATED)
fanout7427/X                             10     21    -11 (VIOLATED)
fanout7441/X                             10     21    -11 (VIOLATED)
fanout7456/X                             10     21    -11 (VIOLATED)
fanout7472/X                             10     21    -11 (VIOLATED)
fanout7482/X                             10     21    -11 (VIOLATED)
fanout7508/X                             10     21    -11 (VIOLATED)
fanout7509/X                             10     21    -11 (VIOLATED)
fanout774/X                              10     21    -11 (VIOLATED)
fanout812/X                              10     21    -11 (VIOLATED)
fanout813/X                              10     21    -11 (VIOLATED)
fanout814/X                              10     21    -11 (VIOLATED)
fanout816/X                              10     21    -11 (VIOLATED)
fanout818/X                              10     21    -11 (VIOLATED)
fanout820/X                              10     21    -11 (VIOLATED)
fanout823/X                              10     21    -11 (VIOLATED)
fanout826/X                              10     21    -11 (VIOLATED)
fanout828/X                              10     21    -11 (VIOLATED)
fanout829/X                              10     21    -11 (VIOLATED)
fanout830/X                              10     21    -11 (VIOLATED)
fanout833/X                              10     21    -11 (VIOLATED)
fanout834/X                              10     21    -11 (VIOLATED)
fanout835/X                              10     21    -11 (VIOLATED)
fanout838/X                              10     21    -11 (VIOLATED)
fanout840/X                              10     21    -11 (VIOLATED)
fanout841/X                              10     21    -11 (VIOLATED)
fanout842/X                              10     21    -11 (VIOLATED)
fanout843/X                              10     21    -11 (VIOLATED)
fanout845/X                              10     21    -11 (VIOLATED)
fanout847/X                              10     21    -11 (VIOLATED)
fanout850/X                              10     21    -11 (VIOLATED)
fanout852/X                              10     21    -11 (VIOLATED)
fanout854/X                              10     21    -11 (VIOLATED)
fanout857/X                              10     21    -11 (VIOLATED)
fanout859/X                              10     21    -11 (VIOLATED)
fanout860/X                              10     21    -11 (VIOLATED)
fanout862/X                              10     21    -11 (VIOLATED)
fanout866/X                              10     21    -11 (VIOLATED)
fanout868/X                              10     21    -11 (VIOLATED)
fanout870/X                              10     21    -11 (VIOLATED)
fanout872/X                              10     21    -11 (VIOLATED)
fanout878/X                              10     21    -11 (VIOLATED)
fanout880/X                              10     21    -11 (VIOLATED)
fanout883/X                              10     21    -11 (VIOLATED)
fanout885/X                              10     21    -11 (VIOLATED)
fanout898/X                              10     21    -11 (VIOLATED)
fanout936/X                              10     21    -11 (VIOLATED)
fanout947/X                              10     21    -11 (VIOLATED)
fanout977/X                              10     21    -11 (VIOLATED)
hold10418/X                              10     21    -11 (VIOLATED)
hold1181/X                               10     21    -11 (VIOLATED)
hold12148/X                              10     21    -11 (VIOLATED)
hold12363/X                              10     21    -11 (VIOLATED)
hold13750/X                              10     21    -11 (VIOLATED)
hold13779/X                              10     21    -11 (VIOLATED)
hold14006/X                              10     21    -11 (VIOLATED)
hold14422/X                              10     21    -11 (VIOLATED)
hold14512/X                              10     21    -11 (VIOLATED)
hold14703/X                              10     21    -11 (VIOLATED)
hold14706/X                              10     21    -11 (VIOLATED)
hold14713/X                              10     21    -11 (VIOLATED)
hold14821/X                              10     21    -11 (VIOLATED)
hold14868/X                              10     21    -11 (VIOLATED)
hold14983/X                              10     21    -11 (VIOLATED)
hold15032/X                              10     21    -11 (VIOLATED)
hold15070/X                              10     21    -11 (VIOLATED)
hold15074/X                              10     21    -11 (VIOLATED)
hold15078/X                              10     21    -11 (VIOLATED)
hold15104/X                              10     21    -11 (VIOLATED)
hold15132/X                              10     21    -11 (VIOLATED)
hold15142/X                              10     21    -11 (VIOLATED)
hold15155/X                              10     21    -11 (VIOLATED)
hold15178/X                              10     21    -11 (VIOLATED)
hold15202/X                              10     21    -11 (VIOLATED)
hold15222/X                              10     21    -11 (VIOLATED)
hold15234/X                              10     21    -11 (VIOLATED)
hold15241/X                              10     21    -11 (VIOLATED)
hold15244/X                              10     21    -11 (VIOLATED)
hold15247/X                              10     21    -11 (VIOLATED)
hold15292/X                              10     21    -11 (VIOLATED)
hold15308/X                              10     21    -11 (VIOLATED)
hold15323/X                              10     21    -11 (VIOLATED)
hold15344/X                              10     21    -11 (VIOLATED)
hold15355/X                              10     21    -11 (VIOLATED)
hold15393/X                              10     21    -11 (VIOLATED)
hold15431/X                              10     21    -11 (VIOLATED)
hold15444/X                              10     21    -11 (VIOLATED)
hold15456/X                              10     21    -11 (VIOLATED)
hold15490/X                              10     21    -11 (VIOLATED)
hold15547/X                              10     21    -11 (VIOLATED)
hold15553/X                              10     21    -11 (VIOLATED)
hold15556/X                              10     21    -11 (VIOLATED)
hold15574/X                              10     21    -11 (VIOLATED)
hold15603/X                              10     21    -11 (VIOLATED)
hold15611/X                              10     21    -11 (VIOLATED)
hold15618/X                              10     21    -11 (VIOLATED)
hold15649/X                              10     21    -11 (VIOLATED)
hold15663/X                              10     21    -11 (VIOLATED)
hold15669/X                              10     21    -11 (VIOLATED)
hold15694/X                              10     21    -11 (VIOLATED)
hold15707/X                              10     21    -11 (VIOLATED)
hold15710/X                              10     21    -11 (VIOLATED)
hold15714/X                              10     21    -11 (VIOLATED)
hold15734/X                              10     21    -11 (VIOLATED)
hold15737/X                              10     21    -11 (VIOLATED)
hold15744/X                              10     21    -11 (VIOLATED)
hold15767/X                              10     21    -11 (VIOLATED)
hold15777/X                              10     21    -11 (VIOLATED)
hold15780/X                              10     21    -11 (VIOLATED)
hold15824/X                              10     21    -11 (VIOLATED)
hold15827/X                              10     21    -11 (VIOLATED)
hold15834/X                              10     21    -11 (VIOLATED)
hold15856/X                              10     21    -11 (VIOLATED)
hold15899/X                              10     21    -11 (VIOLATED)
hold15971/X                              10     21    -11 (VIOLATED)
hold15975/X                              10     21    -11 (VIOLATED)
hold15990/X                              10     21    -11 (VIOLATED)
hold15997/X                              10     21    -11 (VIOLATED)
hold16003/X                              10     21    -11 (VIOLATED)
hold16028/X                              10     21    -11 (VIOLATED)
hold16038/X                              10     21    -11 (VIOLATED)
hold16048/X                              10     21    -11 (VIOLATED)
hold16052/X                              10     21    -11 (VIOLATED)
hold16098/X                              10     21    -11 (VIOLATED)
hold16132/X                              10     21    -11 (VIOLATED)
hold16145/X                              10     21    -11 (VIOLATED)
hold16149/X                              10     21    -11 (VIOLATED)
hold16152/X                              10     21    -11 (VIOLATED)
hold16184/X                              10     21    -11 (VIOLATED)
hold16222/X                              10     21    -11 (VIOLATED)
hold16233/X                              10     21    -11 (VIOLATED)
hold16251/X                              10     21    -11 (VIOLATED)
hold16266/X                              10     21    -11 (VIOLATED)
hold16300/X                              10     21    -11 (VIOLATED)
hold16304/X                              10     21    -11 (VIOLATED)
hold16313/X                              10     21    -11 (VIOLATED)
hold16327/X                              10     21    -11 (VIOLATED)
hold16349/X                              10     21    -11 (VIOLATED)
hold16360/X                              10     21    -11 (VIOLATED)
hold16364/X                              10     21    -11 (VIOLATED)
hold16367/X                              10     21    -11 (VIOLATED)
hold16404/X                              10     21    -11 (VIOLATED)
hold16405/X                              10     21    -11 (VIOLATED)
hold16411/X                              10     21    -11 (VIOLATED)
hold16418/X                              10     21    -11 (VIOLATED)
hold16430/X                              10     21    -11 (VIOLATED)
hold16523/X                              10     21    -11 (VIOLATED)
hold16526/X                              10     21    -11 (VIOLATED)
hold16531/X                              10     21    -11 (VIOLATED)
hold16543/X                              10     21    -11 (VIOLATED)
hold16547/X                              10     21    -11 (VIOLATED)
hold16579/X                              10     21    -11 (VIOLATED)
hold16594/X                              10     21    -11 (VIOLATED)
hold16601/X                              10     21    -11 (VIOLATED)
hold16672/X                              10     21    -11 (VIOLATED)
hold16700/X                              10     21    -11 (VIOLATED)
hold16714/X                              10     21    -11 (VIOLATED)
hold16721/X                              10     21    -11 (VIOLATED)
hold16725/X                              10     21    -11 (VIOLATED)
hold16769/X                              10     21    -11 (VIOLATED)
hold16795/X                              10     21    -11 (VIOLATED)
hold16837/X                              10     21    -11 (VIOLATED)
hold16847/X                              10     21    -11 (VIOLATED)
hold16856/X                              10     21    -11 (VIOLATED)
hold16860/X                              10     21    -11 (VIOLATED)
hold16867/X                              10     21    -11 (VIOLATED)
hold16911/X                              10     21    -11 (VIOLATED)
hold16918/X                              10     21    -11 (VIOLATED)
hold16961/X                              10     21    -11 (VIOLATED)
hold16965/X                              10     21    -11 (VIOLATED)
hold16969/X                              10     21    -11 (VIOLATED)
hold17047/X                              10     21    -11 (VIOLATED)
hold17054/X                              10     21    -11 (VIOLATED)
hold17074/X                              10     21    -11 (VIOLATED)
hold17082/X                              10     21    -11 (VIOLATED)
hold17086/X                              10     21    -11 (VIOLATED)
hold17089/X                              10     21    -11 (VIOLATED)
hold17097/X                              10     21    -11 (VIOLATED)
hold17124/X                              10     21    -11 (VIOLATED)
hold17128/X                              10     21    -11 (VIOLATED)
hold17149/X                              10     21    -11 (VIOLATED)
hold17167/X                              10     21    -11 (VIOLATED)
hold17184/X                              10     21    -11 (VIOLATED)
hold17205/X                              10     21    -11 (VIOLATED)
hold17212/X                              10     21    -11 (VIOLATED)
hold17223/X                              10     21    -11 (VIOLATED)
hold17224/X                              10     21    -11 (VIOLATED)
hold17236/X                              10     21    -11 (VIOLATED)
hold17249/X                              10     21    -11 (VIOLATED)
hold17264/X                              10     21    -11 (VIOLATED)
hold17268/X                              10     21    -11 (VIOLATED)
hold17304/X                              10     21    -11 (VIOLATED)
hold17384/X                              10     21    -11 (VIOLATED)
hold17424/X                              10     21    -11 (VIOLATED)
hold17432/X                              10     21    -11 (VIOLATED)
hold17454/X                              10     21    -11 (VIOLATED)
hold17480/X                              10     21    -11 (VIOLATED)
hold17491/X                              10     21    -11 (VIOLATED)
hold17504/X                              10     21    -11 (VIOLATED)
hold17516/X                              10     21    -11 (VIOLATED)
hold17545/X                              10     21    -11 (VIOLATED)
hold17624/X                              10     21    -11 (VIOLATED)
hold17644/X                              10     21    -11 (VIOLATED)
hold17691/X                              10     21    -11 (VIOLATED)
hold17997/X                              10     21    -11 (VIOLATED)
hold18027/X                              10     21    -11 (VIOLATED)
hold18117/X                              10     21    -11 (VIOLATED)
hold18589/X                              10     21    -11 (VIOLATED)
hold18730/X                              10     21    -11 (VIOLATED)
hold18826/X                              10     21    -11 (VIOLATED)
hold19/X                                 10     21    -11 (VIOLATED)
hold20490/X                              10     21    -11 (VIOLATED)
hold20970/X                              10     21    -11 (VIOLATED)
hold22447/X                              10     21    -11 (VIOLATED)
hold23500/X                              10     21    -11 (VIOLATED)
hold23524/X                              10     21    -11 (VIOLATED)
hold248/X                                10     21    -11 (VIOLATED)
hold28135/X                              10     21    -11 (VIOLATED)
hold29723/X                              10     21    -11 (VIOLATED)
hold29850/X                              10     21    -11 (VIOLATED)
hold31041/X                              10     21    -11 (VIOLATED)
hold31077/X                              10     21    -11 (VIOLATED)
hold32185/X                              10     21    -11 (VIOLATED)
hold628/X                                10     21    -11 (VIOLATED)
hold7281/X                               10     21    -11 (VIOLATED)
hold8074/X                               10     21    -11 (VIOLATED)
hold8550/X                               10     21    -11 (VIOLATED)
hold8733/X                               10     21    -11 (VIOLATED)
hold9618/X                               10     21    -11 (VIOLATED)
_060785_/Y                               10     19     -9 (VIOLATED)
_060950_/Y                               10     19     -9 (VIOLATED)
_061001_/Y                               10     19     -9 (VIOLATED)
_061079_/Y                               10     19     -9 (VIOLATED)
_061095_/Y                               10     19     -9 (VIOLATED)
_061120_/Y                               10     19     -9 (VIOLATED)
_061144_/Y                               10     19     -9 (VIOLATED)
_061156_/Y                               10     19     -9 (VIOLATED)
_061169_/Y                               10     19     -9 (VIOLATED)
_061179_/Y                               10     19     -9 (VIOLATED)
_061190_/Y                               10     19     -9 (VIOLATED)
_061200_/Y                               10     19     -9 (VIOLATED)
_061211_/Y                               10     19     -9 (VIOLATED)
_061234_/Y                               10     19     -9 (VIOLATED)
_061245_/Y                               10     19     -9 (VIOLATED)
_061401_/Y                               10     19     -9 (VIOLATED)
_101629_/Y                               10     19     -9 (VIOLATED)
_103342_/Y                               10     19     -9 (VIOLATED)
_113026_/Y                               10     19     -9 (VIOLATED)
_113047_/Y                               10     19     -9 (VIOLATED)
_119650_/Y                               10     19     -9 (VIOLATED)
_120100_/Y                               10     19     -9 (VIOLATED)
_120110_/Y                               10     19     -9 (VIOLATED)
_120121_/Y                               10     19     -9 (VIOLATED)
_120131_/Y                               10     19     -9 (VIOLATED)
_120141_/Y                               10     19     -9 (VIOLATED)
_120151_/Y                               10     19     -9 (VIOLATED)
_120162_/Y                               10     19     -9 (VIOLATED)
_120172_/Y                               10     19     -9 (VIOLATED)
_120182_/Y                               10     19     -9 (VIOLATED)
_120192_/Y                               10     19     -9 (VIOLATED)
_120202_/Y                               10     19     -9 (VIOLATED)
_120212_/Y                               10     19     -9 (VIOLATED)
_120242_/Y                               10     19     -9 (VIOLATED)
_120252_/Y                               10     19     -9 (VIOLATED)
_120262_/Y                               10     19     -9 (VIOLATED)
_120272_/Y                               10     19     -9 (VIOLATED)
_120282_/Y                               10     19     -9 (VIOLATED)
_120292_/Y                               10     19     -9 (VIOLATED)
_120322_/Y                               10     19     -9 (VIOLATED)
_120332_/Y                               10     19     -9 (VIOLATED)
_120342_/Y                               10     19     -9 (VIOLATED)
_120352_/Y                               10     19     -9 (VIOLATED)
_120382_/Y                               10     19     -9 (VIOLATED)
_120392_/Y                               10     19     -9 (VIOLATED)
_120402_/Y                               10     19     -9 (VIOLATED)
_120422_/Y                               10     19     -9 (VIOLATED)
_120432_/Y                               10     19     -9 (VIOLATED)
_120452_/Y                               10     19     -9 (VIOLATED)
_120462_/Y                               10     19     -9 (VIOLATED)
_120472_/Y                               10     19     -9 (VIOLATED)
_120482_/Y                               10     19     -9 (VIOLATED)
_120492_/Y                               10     19     -9 (VIOLATED)
_120502_/Y                               10     19     -9 (VIOLATED)
_120512_/Y                               10     19     -9 (VIOLATED)
_120522_/Y                               10     19     -9 (VIOLATED)
_120532_/Y                               10     19     -9 (VIOLATED)
_120542_/Y                               10     19     -9 (VIOLATED)
_120552_/Y                               10     19     -9 (VIOLATED)
_120572_/Y                               10     19     -9 (VIOLATED)
_120582_/Y                               10     19     -9 (VIOLATED)
_120592_/Y                               10     19     -9 (VIOLATED)
_120602_/Y                               10     19     -9 (VIOLATED)
_120612_/Y                               10     19     -9 (VIOLATED)
_120672_/Y                               10     19     -9 (VIOLATED)
_120712_/Y                               10     19     -9 (VIOLATED)
_120722_/Y                               10     19     -9 (VIOLATED)
_120742_/Y                               10     19     -9 (VIOLATED)
_120802_/Y                               10     19     -9 (VIOLATED)
_120812_/Y                               10     19     -9 (VIOLATED)
_120822_/Y                               10     19     -9 (VIOLATED)
_120832_/Y                               10     19     -9 (VIOLATED)
_120842_/Y                               10     19     -9 (VIOLATED)
_120852_/Y                               10     19     -9 (VIOLATED)
_120882_/Y                               10     19     -9 (VIOLATED)
_120902_/Y                               10     19     -9 (VIOLATED)
_120912_/Y                               10     19     -9 (VIOLATED)
_120932_/Y                               10     19     -9 (VIOLATED)
_120942_/Y                               10     19     -9 (VIOLATED)
_120952_/Y                               10     19     -9 (VIOLATED)
_120962_/Y                               10     19     -9 (VIOLATED)
_121012_/Y                               10     19     -9 (VIOLATED)
_121022_/Y                               10     19     -9 (VIOLATED)
_121032_/Y                               10     19     -9 (VIOLATED)
_121062_/Y                               10     19     -9 (VIOLATED)
_121072_/Y                               10     19     -9 (VIOLATED)
_121082_/Y                               10     19     -9 (VIOLATED)
_121102_/Y                               10     19     -9 (VIOLATED)
_121122_/Y                               10     19     -9 (VIOLATED)
_121132_/Y                               10     19     -9 (VIOLATED)
_121142_/Y                               10     19     -9 (VIOLATED)
_121152_/Y                               10     19     -9 (VIOLATED)
_121162_/Y                               10     19     -9 (VIOLATED)
clkbuf_7_103__f_wb_clk_i/X               10     19     -9 (VIOLATED)
clkbuf_7_104__f_wb_clk_i/X               10     19     -9 (VIOLATED)
clkbuf_7_105__f_wb_clk_i/X               10     19     -9 (VIOLATED)
clkbuf_7_110__f_wb_clk_i/X               10     19     -9 (VIOLATED)
clkbuf_7_111__f_wb_clk_i/X               10     19     -9 (VIOLATED)
clkbuf_7_14__f_wb_clk_i/X                10     19     -9 (VIOLATED)
clkbuf_7_16__f_wb_clk_i/X                10     19     -9 (VIOLATED)
clkbuf_7_20__f_wb_clk_i/X                10     19     -9 (VIOLATED)
clkbuf_7_32__f_wb_clk_i/X                10     19     -9 (VIOLATED)
clkbuf_7_56__f_wb_clk_i/X                10     19     -9 (VIOLATED)
clkbuf_7_81__f_wb_clk_i/X                10     19     -9 (VIOLATED)
clkbuf_7_87__f_wb_clk_i/X                10     19     -9 (VIOLATED)
clkbuf_7_88__f_wb_clk_i/X                10     19     -9 (VIOLATED)
clkbuf_7_93__f_wb_clk_i/X                10     19     -9 (VIOLATED)
clkbuf_leaf_834_wb_clk_i/X               10     19     -9 (VIOLATED)
fanout121/X                              10     19     -9 (VIOLATED)
fanout1396/X                             10     19     -9 (VIOLATED)
fanout140/X                              10     19     -9 (VIOLATED)
fanout1525/X                             10     19     -9 (VIOLATED)
fanout158/X                              10     19     -9 (VIOLATED)
fanout1725/X                             10     19     -9 (VIOLATED)
fanout1808/X                             10     19     -9 (VIOLATED)
fanout1833/X                             10     19     -9 (VIOLATED)
fanout1839/X                             10     19     -9 (VIOLATED)
fanout1859/X                             10     19     -9 (VIOLATED)
fanout190/X                              10     19     -9 (VIOLATED)
fanout1937/X                             10     19     -9 (VIOLATED)
fanout1997/X                             10     19     -9 (VIOLATED)
fanout1999/X                             10     19     -9 (VIOLATED)
fanout2034/X                             10     19     -9 (VIOLATED)
fanout2056/X                             10     19     -9 (VIOLATED)
fanout2058/X                             10     19     -9 (VIOLATED)
fanout2072/X                             10     19     -9 (VIOLATED)
fanout2108/X                             10     19     -9 (VIOLATED)
fanout216/X                              10     19     -9 (VIOLATED)
fanout2247/X                             10     19     -9 (VIOLATED)
fanout2259/X                             10     19     -9 (VIOLATED)
fanout2293/X                             10     19     -9 (VIOLATED)
fanout2304/X                             10     19     -9 (VIOLATED)
fanout2308/X                             10     19     -9 (VIOLATED)
fanout2335/X                             10     19     -9 (VIOLATED)
fanout2362/X                             10     19     -9 (VIOLATED)
fanout2381/X                             10     19     -9 (VIOLATED)
fanout2384/X                             10     19     -9 (VIOLATED)
fanout2398/X                             10     19     -9 (VIOLATED)
fanout2434/X                             10     19     -9 (VIOLATED)
fanout2560/X                             10     19     -9 (VIOLATED)
fanout2594/X                             10     19     -9 (VIOLATED)
fanout2618/X                             10     19     -9 (VIOLATED)
fanout2627/X                             10     19     -9 (VIOLATED)
fanout2726/X                             10     19     -9 (VIOLATED)
fanout2733/X                             10     19     -9 (VIOLATED)
fanout2738/X                             10     19     -9 (VIOLATED)
fanout2820/X                             10     19     -9 (VIOLATED)
fanout2825/X                             10     19     -9 (VIOLATED)
fanout2829/X                             10     19     -9 (VIOLATED)
fanout2836/X                             10     19     -9 (VIOLATED)
fanout2845/X                             10     19     -9 (VIOLATED)
fanout285/X                              10     19     -9 (VIOLATED)
fanout2886/X                             10     19     -9 (VIOLATED)
fanout2889/X                             10     19     -9 (VIOLATED)
fanout2897/X                             10     19     -9 (VIOLATED)
fanout2926/X                             10     19     -9 (VIOLATED)
fanout2986/X                             10     19     -9 (VIOLATED)
fanout300/X                              10     19     -9 (VIOLATED)
fanout3007/X                             10     19     -9 (VIOLATED)
fanout3009/X                             10     19     -9 (VIOLATED)
fanout3011/X                             10     19     -9 (VIOLATED)
fanout3050/X                             10     19     -9 (VIOLATED)
fanout3091/X                             10     19     -9 (VIOLATED)
fanout3206/X                             10     19     -9 (VIOLATED)
fanout3224/X                             10     19     -9 (VIOLATED)
fanout3232/X                             10     19     -9 (VIOLATED)
fanout3291/X                             10     19     -9 (VIOLATED)
fanout3307/X                             10     19     -9 (VIOLATED)
fanout3373/X                             10     19     -9 (VIOLATED)
fanout3376/X                             10     19     -9 (VIOLATED)
fanout338/X                              10     19     -9 (VIOLATED)
fanout3484/X                             10     19     -9 (VIOLATED)
fanout3492/X                             10     19     -9 (VIOLATED)
fanout363/X                              10     19     -9 (VIOLATED)
fanout377/X                              10     19     -9 (VIOLATED)
fanout4107/X                             10     19     -9 (VIOLATED)
fanout4116/X                             10     19     -9 (VIOLATED)
fanout4125/X                             10     19     -9 (VIOLATED)
fanout4126/X                             10     19     -9 (VIOLATED)
fanout4142/X                             10     19     -9 (VIOLATED)
fanout4199/X                             10     19     -9 (VIOLATED)
fanout4224/X                             10     19     -9 (VIOLATED)
fanout430/X                              10     19     -9 (VIOLATED)
fanout4305/X                             10     19     -9 (VIOLATED)
fanout4329/X                             10     19     -9 (VIOLATED)
fanout4445/X                             10     19     -9 (VIOLATED)
fanout4448/X                             10     19     -9 (VIOLATED)
fanout4462/X                             10     19     -9 (VIOLATED)
fanout4492/X                             10     19     -9 (VIOLATED)
fanout4527/X                             10     19     -9 (VIOLATED)
fanout4535/X                             10     19     -9 (VIOLATED)
fanout4608/X                             10     19     -9 (VIOLATED)
fanout4666/X                             10     19     -9 (VIOLATED)
fanout4684/X                             10     19     -9 (VIOLATED)
fanout4694/X                             10     19     -9 (VIOLATED)
fanout4752/X                             10     19     -9 (VIOLATED)
fanout4777/X                             10     19     -9 (VIOLATED)
fanout4784/X                             10     19     -9 (VIOLATED)
fanout4958/X                             10     19     -9 (VIOLATED)
fanout4996/X                             10     19     -9 (VIOLATED)
fanout5044/X                             10     19     -9 (VIOLATED)
fanout5081/X                             10     19     -9 (VIOLATED)
fanout5136/X                             10     19     -9 (VIOLATED)
fanout5174/X                             10     19     -9 (VIOLATED)
fanout5205/X                             10     19     -9 (VIOLATED)
fanout5220/X                             10     19     -9 (VIOLATED)
fanout5238/X                             10     19     -9 (VIOLATED)
fanout5295/X                             10     19     -9 (VIOLATED)
fanout5318/X                             10     19     -9 (VIOLATED)
fanout5374/X                             10     19     -9 (VIOLATED)
fanout5474/X                             10     19     -9 (VIOLATED)
fanout5503/X                             10     19     -9 (VIOLATED)
fanout5508/X                             10     19     -9 (VIOLATED)
fanout5510/X                             10     19     -9 (VIOLATED)
fanout5521/X                             10     19     -9 (VIOLATED)
fanout5534/X                             10     19     -9 (VIOLATED)
fanout5550/X                             10     19     -9 (VIOLATED)
fanout5554/X                             10     19     -9 (VIOLATED)
fanout5560/X                             10     19     -9 (VIOLATED)
fanout5600/X                             10     19     -9 (VIOLATED)
fanout5639/X                             10     19     -9 (VIOLATED)
fanout5687/X                             10     19     -9 (VIOLATED)
fanout5699/X                             10     19     -9 (VIOLATED)
fanout5718/X                             10     19     -9 (VIOLATED)
fanout5760/X                             10     19     -9 (VIOLATED)
fanout5800/X                             10     19     -9 (VIOLATED)
fanout5838/X                             10     19     -9 (VIOLATED)
fanout5898/X                             10     19     -9 (VIOLATED)
fanout5933/X                             10     19     -9 (VIOLATED)
fanout5994/X                             10     19     -9 (VIOLATED)
fanout5996/X                             10     19     -9 (VIOLATED)
fanout6066/X                             10     19     -9 (VIOLATED)
fanout6071/X                             10     19     -9 (VIOLATED)
fanout6073/X                             10     19     -9 (VIOLATED)
fanout6117/X                             10     19     -9 (VIOLATED)
fanout6138/X                             10     19     -9 (VIOLATED)
fanout6248/X                             10     19     -9 (VIOLATED)
fanout6274/X                             10     19     -9 (VIOLATED)
fanout6374/X                             10     19     -9 (VIOLATED)
fanout6380/X                             10     19     -9 (VIOLATED)
fanout6405/X                             10     19     -9 (VIOLATED)
fanout6408/X                             10     19     -9 (VIOLATED)
fanout6447/X                             10     19     -9 (VIOLATED)
fanout6557/X                             10     19     -9 (VIOLATED)
fanout6673/X                             10     19     -9 (VIOLATED)
fanout6691/X                             10     19     -9 (VIOLATED)
fanout6709/X                             10     19     -9 (VIOLATED)
fanout6737/X                             10     19     -9 (VIOLATED)
fanout6751/X                             10     19     -9 (VIOLATED)
fanout677/X                              10     19     -9 (VIOLATED)
fanout682/X                              10     19     -9 (VIOLATED)
fanout715/X                              10     19     -9 (VIOLATED)
fanout7158/X                             10     19     -9 (VIOLATED)
fanout7186/X                             10     19     -9 (VIOLATED)
fanout7208/X                             10     19     -9 (VIOLATED)
fanout7210/X                             10     19     -9 (VIOLATED)
fanout7212/X                             10     19     -9 (VIOLATED)
fanout7227/X                             10     19     -9 (VIOLATED)
fanout7282/X                             10     19     -9 (VIOLATED)
fanout7286/X                             10     19     -9 (VIOLATED)
fanout7374/X                             10     19     -9 (VIOLATED)
fanout831/X                              10     19     -9 (VIOLATED)
fanout865/X                              10     19     -9 (VIOLATED)
hold10342/X                              10     19     -9 (VIOLATED)
hold10788/X                              10     19     -9 (VIOLATED)
hold10916/X                              10     19     -9 (VIOLATED)
hold11000/X                              10     19     -9 (VIOLATED)
hold11620/X                              10     19     -9 (VIOLATED)
hold11702/X                              10     19     -9 (VIOLATED)
hold12704/X                              10     19     -9 (VIOLATED)
hold13410/X                              10     19     -9 (VIOLATED)
hold13680/X                              10     19     -9 (VIOLATED)
hold13911/X                              10     19     -9 (VIOLATED)
hold14355/X                              10     19     -9 (VIOLATED)
hold14454/X                              10     19     -9 (VIOLATED)
hold14632/X                              10     19     -9 (VIOLATED)
hold14937/X                              10     19     -9 (VIOLATED)
hold15001/X                              10     19     -9 (VIOLATED)
hold15048/X                              10     19     -9 (VIOLATED)
hold15120/X                              10     19     -9 (VIOLATED)
hold15266/X                              10     19     -9 (VIOLATED)
hold15311/X                              10     19     -9 (VIOLATED)
hold15418/X                              10     19     -9 (VIOLATED)
hold15538/X                              10     19     -9 (VIOLATED)
hold15562/X                              10     19     -9 (VIOLATED)
hold15565/X                              10     19     -9 (VIOLATED)
hold15583/X                              10     19     -9 (VIOLATED)
hold15587/X                              10     19     -9 (VIOLATED)
hold15646/X                              10     19     -9 (VIOLATED)
hold15672/X                              10     19     -9 (VIOLATED)
hold15721/X                              10     19     -9 (VIOLATED)
hold15817/X                              10     19     -9 (VIOLATED)
hold15838/X                              10     19     -9 (VIOLATED)
hold15884/X                              10     19     -9 (VIOLATED)
hold15912/X                              10     19     -9 (VIOLATED)
hold15923/X                              10     19     -9 (VIOLATED)
hold15939/X                              10     19     -9 (VIOLATED)
hold15951/X                              10     19     -9 (VIOLATED)
hold16061/X                              10     19     -9 (VIOLATED)
hold16075/X                              10     19     -9 (VIOLATED)
hold16125/X                              10     19     -9 (VIOLATED)
hold16210/X                              10     19     -9 (VIOLATED)
hold16248/X                              10     19     -9 (VIOLATED)
hold16258/X                              10     19     -9 (VIOLATED)
hold16323/X                              10     19     -9 (VIOLATED)
hold16336/X                              10     19     -9 (VIOLATED)
hold16346/X                              10     19     -9 (VIOLATED)
hold16454/X                              10     19     -9 (VIOLATED)
hold16493/X                              10     19     -9 (VIOLATED)
hold16515/X                              10     19     -9 (VIOLATED)
hold16519/X                              10     19     -9 (VIOLATED)
hold16623/X                              10     19     -9 (VIOLATED)
hold16661/X                              10     19     -9 (VIOLATED)
hold16683/X                              10     19     -9 (VIOLATED)
hold16717/X                              10     19     -9 (VIOLATED)
hold16751/X                              10     19     -9 (VIOLATED)
hold16758/X                              10     19     -9 (VIOLATED)
hold16829/X                              10     19     -9 (VIOLATED)
hold16850/X                              10     19     -9 (VIOLATED)
hold16870/X                              10     19     -9 (VIOLATED)
hold16945/X                              10     19     -9 (VIOLATED)
hold16950/X                              10     19     -9 (VIOLATED)
hold16954/X                              10     19     -9 (VIOLATED)
hold17000/X                              10     19     -9 (VIOLATED)
hold17022/X                              10     19     -9 (VIOLATED)
hold17062/X                              10     19     -9 (VIOLATED)
hold17108/X                              10     19     -9 (VIOLATED)
hold17137/X                              10     19     -9 (VIOLATED)
hold17145/X                              10     19     -9 (VIOLATED)
hold17172/X                              10     19     -9 (VIOLATED)
hold17200/X                              10     19     -9 (VIOLATED)
hold17240/X                              10     19     -9 (VIOLATED)
hold17276/X                              10     19     -9 (VIOLATED)
hold17368/X                              10     19     -9 (VIOLATED)
hold17441/X                              10     19     -9 (VIOLATED)
hold17529/X                              10     19     -9 (VIOLATED)
hold18392/X                              10     19     -9 (VIOLATED)
hold18768/X                              10     19     -9 (VIOLATED)
hold23906/X                              10     19     -9 (VIOLATED)
hold26647/X                              10     19     -9 (VIOLATED)
hold28510/X                              10     19     -9 (VIOLATED)
hold29257/X                              10     19     -9 (VIOLATED)
hold32027/X                              10     19     -9 (VIOLATED)
hold50/X                                 10     19     -9 (VIOLATED)
hold5399/X                               10     19     -9 (VIOLATED)
hold6199/X                               10     19     -9 (VIOLATED)
hold9216/X                               10     19     -9 (VIOLATED)
hold9667/X                               10     19     -9 (VIOLATED)
hold98/X                                 10     19     -9 (VIOLATED)
wire2413/X                               10     19     -9 (VIOLATED)
wire2574/X                               10     19     -9 (VIOLATED)
wire3084/X                               10     19     -9 (VIOLATED)
wire369/X                                10     19     -9 (VIOLATED)
wire4111/X                               10     19     -9 (VIOLATED)
wire4131/X                               10     19     -9 (VIOLATED)
wire4308/X                               10     19     -9 (VIOLATED)
wire6546/X                               10     19     -9 (VIOLATED)
_060753_/Y                               10     17     -7 (VIOLATED)
_060800_/Y                               10     17     -7 (VIOLATED)
_060959_/Y                               10     17     -7 (VIOLATED)
_061387_/Y                               10     17     -7 (VIOLATED)
_062421_/Y                               10     17     -7 (VIOLATED)
_063996_/Y                               10     17     -7 (VIOLATED)
_064801_/Y                               10     17     -7 (VIOLATED)
_066361_/Y                               10     17     -7 (VIOLATED)
_070090_/Y                               10     17     -7 (VIOLATED)
_076118_/Y                               10     17     -7 (VIOLATED)
_076119_/X                               10     17     -7 (VIOLATED)
_078633_/Y                               10     17     -7 (VIOLATED)
_084031_/Y                               10     17     -7 (VIOLATED)
_084856_/Y                               10     17     -7 (VIOLATED)
_087255_/Y                               10     17     -7 (VIOLATED)
_090437_/Y                               10     17     -7 (VIOLATED)
_092302_/X                               10     17     -7 (VIOLATED)
_095047_/Y                               10     17     -7 (VIOLATED)
_097422_/Y                               10     17     -7 (VIOLATED)
_099979_/Y                               10     17     -7 (VIOLATED)
_100004_/Y                               10     17     -7 (VIOLATED)
_100976_/Y                               10     17     -7 (VIOLATED)
_102530_/Y                               10     17     -7 (VIOLATED)
_105006_/Y                               10     17     -7 (VIOLATED)
_105476_/X                               10     17     -7 (VIOLATED)
_106714_/Y                               10     17     -7 (VIOLATED)
_110005_/Y                               10     17     -7 (VIOLATED)
_110032_/Y                               10     17     -7 (VIOLATED)
_111672_/Y                               10     17     -7 (VIOLATED)
_112471_/Y                               10     17     -7 (VIOLATED)
_112497_/Y                               10     17     -7 (VIOLATED)
_113134_/X                               10     17     -7 (VIOLATED)
_115196_/X                               10     17     -7 (VIOLATED)
_115209_/Y                               10     17     -7 (VIOLATED)
_120122_/Y                               10     17     -7 (VIOLATED)
clkbuf_7_126__f_wb_clk_i/X               10     17     -7 (VIOLATED)
clkbuf_7_12__f_wb_clk_i/X                10     17     -7 (VIOLATED)
clkbuf_7_21__f_wb_clk_i/X                10     17     -7 (VIOLATED)
clkbuf_7_37__f_wb_clk_i/X                10     17     -7 (VIOLATED)
clkbuf_7_44__f_wb_clk_i/X                10     17     -7 (VIOLATED)
clkbuf_7_59__f_wb_clk_i/X                10     17     -7 (VIOLATED)
clkbuf_7_63__f_wb_clk_i/X                10     17     -7 (VIOLATED)
clkbuf_7_85__f_wb_clk_i/X                10     17     -7 (VIOLATED)
clkbuf_7_89__f_wb_clk_i/X                10     17     -7 (VIOLATED)
fanout1045/X                             10     17     -7 (VIOLATED)
fanout1222/X                             10     17     -7 (VIOLATED)
fanout1252/X                             10     17     -7 (VIOLATED)
fanout134/X                              10     17     -7 (VIOLATED)
fanout1470/X                             10     17     -7 (VIOLATED)
fanout148/X                              10     17     -7 (VIOLATED)
fanout1751/X                             10     17     -7 (VIOLATED)
fanout1752/X                             10     17     -7 (VIOLATED)
fanout1767/X                             10     17     -7 (VIOLATED)
fanout1858/X                             10     17     -7 (VIOLATED)
fanout186/X                              10     17     -7 (VIOLATED)
fanout1862/X                             10     17     -7 (VIOLATED)
fanout1882/X                             10     17     -7 (VIOLATED)
fanout1888/X                             10     17     -7 (VIOLATED)
fanout1896/X                             10     17     -7 (VIOLATED)
fanout1900/X                             10     17     -7 (VIOLATED)
fanout1915/X                             10     17     -7 (VIOLATED)
fanout1921/X                             10     17     -7 (VIOLATED)
fanout1934/X                             10     17     -7 (VIOLATED)
fanout1945/X                             10     17     -7 (VIOLATED)
fanout1960/X                             10     17     -7 (VIOLATED)
fanout1968/X                             10     17     -7 (VIOLATED)
fanout1971/X                             10     17     -7 (VIOLATED)
fanout1973/X                             10     17     -7 (VIOLATED)
fanout2090/X                             10     17     -7 (VIOLATED)
fanout2104/X                             10     17     -7 (VIOLATED)
fanout2129/X                             10     17     -7 (VIOLATED)
fanout2187/X                             10     17     -7 (VIOLATED)
fanout2229/X                             10     17     -7 (VIOLATED)
fanout2249/X                             10     17     -7 (VIOLATED)
fanout2302/X                             10     17     -7 (VIOLATED)
fanout2305/X                             10     17     -7 (VIOLATED)
fanout2321/X                             10     17     -7 (VIOLATED)
fanout2341/X                             10     17     -7 (VIOLATED)
fanout2370/X                             10     17     -7 (VIOLATED)
fanout2409/X                             10     17     -7 (VIOLATED)
fanout2436/X                             10     17     -7 (VIOLATED)
fanout2481/X                             10     17     -7 (VIOLATED)
fanout2515/X                             10     17     -7 (VIOLATED)
fanout2542/X                             10     17     -7 (VIOLATED)
fanout2548/X                             10     17     -7 (VIOLATED)
fanout2551/X                             10     17     -7 (VIOLATED)
fanout2562/X                             10     17     -7 (VIOLATED)
fanout2600/X                             10     17     -7 (VIOLATED)
fanout2605/X                             10     17     -7 (VIOLATED)
fanout2765/X                             10     17     -7 (VIOLATED)
fanout2768/X                             10     17     -7 (VIOLATED)
fanout277/X                              10     17     -7 (VIOLATED)
fanout2796/X                             10     17     -7 (VIOLATED)
fanout283/X                              10     17     -7 (VIOLATED)
fanout2843/X                             10     17     -7 (VIOLATED)
fanout2874/X                             10     17     -7 (VIOLATED)
fanout2916/X                             10     17     -7 (VIOLATED)
fanout2928/X                             10     17     -7 (VIOLATED)
fanout2931/X                             10     17     -7 (VIOLATED)
fanout2973/X                             10     17     -7 (VIOLATED)
fanout2990/X                             10     17     -7 (VIOLATED)
fanout3005/X                             10     17     -7 (VIOLATED)
fanout3012/X                             10     17     -7 (VIOLATED)
fanout3066/X                             10     17     -7 (VIOLATED)
fanout3126/X                             10     17     -7 (VIOLATED)
fanout3189/X                             10     17     -7 (VIOLATED)
fanout3193/X                             10     17     -7 (VIOLATED)
fanout3214/X                             10     17     -7 (VIOLATED)
fanout3222/X                             10     17     -7 (VIOLATED)
fanout3227/X                             10     17     -7 (VIOLATED)
fanout3281/X                             10     17     -7 (VIOLATED)
fanout3310/X                             10     17     -7 (VIOLATED)
fanout3323/X                             10     17     -7 (VIOLATED)
fanout3401/X                             10     17     -7 (VIOLATED)
fanout3410/X                             10     17     -7 (VIOLATED)
fanout3413/X                             10     17     -7 (VIOLATED)
fanout3435/X                             10     17     -7 (VIOLATED)
fanout3480/X                             10     17     -7 (VIOLATED)
fanout3522/X                             10     17     -7 (VIOLATED)
fanout3524/X                             10     17     -7 (VIOLATED)
fanout4108/X                             10     17     -7 (VIOLATED)
fanout4124/X                             10     17     -7 (VIOLATED)
fanout4128/X                             10     17     -7 (VIOLATED)
fanout4137/X                             10     17     -7 (VIOLATED)
fanout4175/X                             10     17     -7 (VIOLATED)
fanout4282/X                             10     17     -7 (VIOLATED)
fanout437/X                              10     17     -7 (VIOLATED)
fanout4371/X                             10     17     -7 (VIOLATED)
fanout4417/X                             10     17     -7 (VIOLATED)
fanout4438/X                             10     17     -7 (VIOLATED)
fanout4475/X                             10     17     -7 (VIOLATED)
fanout4483/X                             10     17     -7 (VIOLATED)
fanout4549/X                             10     17     -7 (VIOLATED)
fanout457/X                              10     17     -7 (VIOLATED)
fanout4575/X                             10     17     -7 (VIOLATED)
fanout4590/X                             10     17     -7 (VIOLATED)
fanout4610/X                             10     17     -7 (VIOLATED)
fanout4623/X                             10     17     -7 (VIOLATED)
fanout4625/X                             10     17     -7 (VIOLATED)
fanout4642/X                             10     17     -7 (VIOLATED)
fanout4645/X                             10     17     -7 (VIOLATED)
fanout4672/X                             10     17     -7 (VIOLATED)
fanout4780/X                             10     17     -7 (VIOLATED)
fanout4842/X                             10     17     -7 (VIOLATED)
fanout4890/X                             10     17     -7 (VIOLATED)
fanout4905/X                             10     17     -7 (VIOLATED)
fanout4918/X                             10     17     -7 (VIOLATED)
fanout4940/X                             10     17     -7 (VIOLATED)
fanout4966/X                             10     17     -7 (VIOLATED)
fanout4969/X                             10     17     -7 (VIOLATED)
fanout5014/X                             10     17     -7 (VIOLATED)
fanout5038/X                             10     17     -7 (VIOLATED)
fanout5040/X                             10     17     -7 (VIOLATED)
fanout5042/X                             10     17     -7 (VIOLATED)
fanout5115/X                             10     17     -7 (VIOLATED)
fanout5125/X                             10     17     -7 (VIOLATED)
fanout5156/X                             10     17     -7 (VIOLATED)
fanout5160/X                             10     17     -7 (VIOLATED)
fanout5190/X                             10     17     -7 (VIOLATED)
fanout5235/X                             10     17     -7 (VIOLATED)
fanout5285/X                             10     17     -7 (VIOLATED)
fanout5304/X                             10     17     -7 (VIOLATED)
fanout5344/X                             10     17     -7 (VIOLATED)
fanout5389/X                             10     17     -7 (VIOLATED)
fanout5432/X                             10     17     -7 (VIOLATED)
fanout5471/X                             10     17     -7 (VIOLATED)
fanout5483/X                             10     17     -7 (VIOLATED)
fanout5496/X                             10     17     -7 (VIOLATED)
fanout5498/X                             10     17     -7 (VIOLATED)
fanout5506/X                             10     17     -7 (VIOLATED)
fanout5581/X                             10     17     -7 (VIOLATED)
fanout5603/X                             10     17     -7 (VIOLATED)
fanout5613/X                             10     17     -7 (VIOLATED)
fanout5637/X                             10     17     -7 (VIOLATED)
fanout5696/X                             10     17     -7 (VIOLATED)
fanout5710/X                             10     17     -7 (VIOLATED)
fanout5729/X                             10     17     -7 (VIOLATED)
fanout5747/X                             10     17     -7 (VIOLATED)
fanout5756/X                             10     17     -7 (VIOLATED)
fanout5775/X                             10     17     -7 (VIOLATED)
fanout5789/X                             10     17     -7 (VIOLATED)
fanout5792/X                             10     17     -7 (VIOLATED)
fanout5796/X                             10     17     -7 (VIOLATED)
fanout5910/X                             10     17     -7 (VIOLATED)
fanout5913/X                             10     17     -7 (VIOLATED)
fanout5953/X                             10     17     -7 (VIOLATED)
fanout5955/X                             10     17     -7 (VIOLATED)
fanout5956/X                             10     17     -7 (VIOLATED)
fanout5974/X                             10     17     -7 (VIOLATED)
fanout6013/X                             10     17     -7 (VIOLATED)
fanout6022/X                             10     17     -7 (VIOLATED)
fanout6036/X                             10     17     -7 (VIOLATED)
fanout6075/X                             10     17     -7 (VIOLATED)
fanout6085/X                             10     17     -7 (VIOLATED)
fanout6129/X                             10     17     -7 (VIOLATED)
fanout6164/X                             10     17     -7 (VIOLATED)
fanout6176/X                             10     17     -7 (VIOLATED)
fanout6216/X                             10     17     -7 (VIOLATED)
fanout6231/X                             10     17     -7 (VIOLATED)
fanout6240/X                             10     17     -7 (VIOLATED)
fanout6257/X                             10     17     -7 (VIOLATED)
fanout6286/X                             10     17     -7 (VIOLATED)
fanout6308/X                             10     17     -7 (VIOLATED)
fanout6335/X                             10     17     -7 (VIOLATED)
fanout6361/X                             10     17     -7 (VIOLATED)
fanout6366/X                             10     17     -7 (VIOLATED)
fanout6386/X                             10     17     -7 (VIOLATED)
fanout6388/X                             10     17     -7 (VIOLATED)
fanout6426/X                             10     17     -7 (VIOLATED)
fanout6458/X                             10     17     -7 (VIOLATED)
fanout6470/X                             10     17     -7 (VIOLATED)
fanout6527/X                             10     17     -7 (VIOLATED)
fanout6558/X                             10     17     -7 (VIOLATED)
fanout6592/X                             10     17     -7 (VIOLATED)
fanout6616/X                             10     17     -7 (VIOLATED)
fanout6632/X                             10     17     -7 (VIOLATED)
fanout6681/X                             10     17     -7 (VIOLATED)
fanout672/X                              10     17     -7 (VIOLATED)
fanout6727/X                             10     17     -7 (VIOLATED)
fanout6929/X                             10     17     -7 (VIOLATED)
fanout6960/X                             10     17     -7 (VIOLATED)
fanout7033/X                             10     17     -7 (VIOLATED)
fanout7048/X                             10     17     -7 (VIOLATED)
fanout7133/X                             10     17     -7 (VIOLATED)
fanout7174/X                             10     17     -7 (VIOLATED)
fanout7214/X                             10     17     -7 (VIOLATED)
fanout7220/X                             10     17     -7 (VIOLATED)
fanout7233/X                             10     17     -7 (VIOLATED)
fanout7247/X                             10     17     -7 (VIOLATED)
fanout7284/X                             10     17     -7 (VIOLATED)
fanout7333/X                             10     17     -7 (VIOLATED)
fanout7404/X                             10     17     -7 (VIOLATED)
fanout855/X                              10     17     -7 (VIOLATED)
hold12504/X                              10     17     -7 (VIOLATED)
hold1415/X                               10     17     -7 (VIOLATED)
hold14500/X                              10     17     -7 (VIOLATED)
hold1474/X                               10     17     -7 (VIOLATED)
hold14767/X                              10     17     -7 (VIOLATED)
hold14844/X                              10     17     -7 (VIOLATED)
hold14934/X                              10     17     -7 (VIOLATED)
hold14977/X                              10     17     -7 (VIOLATED)
hold15085/X                              10     17     -7 (VIOLATED)
hold15164/X                              10     17     -7 (VIOLATED)
hold15172/X                              10     17     -7 (VIOLATED)
hold15330/X                              10     17     -7 (VIOLATED)
hold15440/X                              10     17     -7 (VIOLATED)
hold15509/X                              10     17     -7 (VIOLATED)
hold15519/X                              10     17     -7 (VIOLATED)
hold15635/X                              10     17     -7 (VIOLATED)
hold15660/X                              10     17     -7 (VIOLATED)
hold15740/X                              10     17     -7 (VIOLATED)
hold15754/X                              10     17     -7 (VIOLATED)
hold15787/X                              10     17     -7 (VIOLATED)
hold15799/X                              10     17     -7 (VIOLATED)
hold15968/X                              10     17     -7 (VIOLATED)
hold16042/X                              10     17     -7 (VIOLATED)
hold16086/X                              10     17     -7 (VIOLATED)
hold16109/X                              10     17     -7 (VIOLATED)
hold16189/X                              10     17     -7 (VIOLATED)
hold16209/X                              10     17     -7 (VIOLATED)
hold16254/X                              10     17     -7 (VIOLATED)
hold16281/X                              10     17     -7 (VIOLATED)
hold16284/X                              10     17     -7 (VIOLATED)
hold16422/X                              10     17     -7 (VIOLATED)
hold16423/X                              10     17     -7 (VIOLATED)
hold16438/X                              10     17     -7 (VIOLATED)
hold16445/X                              10     17     -7 (VIOLATED)
hold16448/X                              10     17     -7 (VIOLATED)
hold16473/X                              10     17     -7 (VIOLATED)
hold16497/X                              10     17     -7 (VIOLATED)
hold16627/X                              10     17     -7 (VIOLATED)
hold16654/X                              10     17     -7 (VIOLATED)
hold16737/X                              10     17     -7 (VIOLATED)
hold16776/X                              10     17     -7 (VIOLATED)
hold16810/X                              10     17     -7 (VIOLATED)
hold16830/X                              10     17     -7 (VIOLATED)
hold16853/X                              10     17     -7 (VIOLATED)
hold16864/X                              10     17     -7 (VIOLATED)
hold16897/X                              10     17     -7 (VIOLATED)
hold16936/X                              10     17     -7 (VIOLATED)
hold16996/X                              10     17     -7 (VIOLATED)
hold17030/X                              10     17     -7 (VIOLATED)
hold17094/X                              10     17     -7 (VIOLATED)
hold17107/X                              10     17     -7 (VIOLATED)
hold17115/X                              10     17     -7 (VIOLATED)
hold17129/X                              10     17     -7 (VIOLATED)
hold17201/X                              10     17     -7 (VIOLATED)
hold17204/X                              10     17     -7 (VIOLATED)
hold17219/X                              10     17     -7 (VIOLATED)
hold17248/X                              10     17     -7 (VIOLATED)
hold17265/X                              10     17     -7 (VIOLATED)
hold17291/X                              10     17     -7 (VIOLATED)
hold17312/X                              10     17     -7 (VIOLATED)
hold17329/X                              10     17     -7 (VIOLATED)
hold17403/X                              10     17     -7 (VIOLATED)
hold17421/X                              10     17     -7 (VIOLATED)
hold17428/X                              10     17     -7 (VIOLATED)
hold17607/X                              10     17     -7 (VIOLATED)
hold17664/X                              10     17     -7 (VIOLATED)
hold17680/X                              10     17     -7 (VIOLATED)
hold22104/X                              10     17     -7 (VIOLATED)
hold2480/X                               10     17     -7 (VIOLATED)
hold27955/X                              10     17     -7 (VIOLATED)
hold28447/X                              10     17     -7 (VIOLATED)
hold31085/X                              10     17     -7 (VIOLATED)
hold32042/X                              10     17     -7 (VIOLATED)
hold3537/X                               10     17     -7 (VIOLATED)
hold8774/X                               10     17     -7 (VIOLATED)
max_length2028/X                         10     17     -7 (VIOLATED)
max_length5791/X                         10     17     -7 (VIOLATED)
wire2179/X                               10     17     -7 (VIOLATED)
wire2742/X                               10     17     -7 (VIOLATED)
wire3023/X                               10     17     -7 (VIOLATED)
wire3080/X                               10     17     -7 (VIOLATED)
wire3128/X                               10     17     -7 (VIOLATED)
wire331/X                                10     17     -7 (VIOLATED)
wire371/X                                10     17     -7 (VIOLATED)
wire4092/X                               10     17     -7 (VIOLATED)
wire4156/X                               10     17     -7 (VIOLATED)
wire426/X                                10     17     -7 (VIOLATED)
wire6279/X                               10     17     -7 (VIOLATED)
wire668/X                                10     17     -7 (VIOLATED)
wire7176/X                               10     17     -7 (VIOLATED)
wire7273/X                               10     17     -7 (VIOLATED)
wire7445/X                               10     17     -7 (VIOLATED)
wire7458/X                               10     17     -7 (VIOLATED)
wire7484/X                               10     17     -7 (VIOLATED)
wire923/X                                10     17     -7 (VIOLATED)
_060778_/Y                               10     15     -5 (VIOLATED)
_060807_/Y                               10     15     -5 (VIOLATED)
_060827_/Y                               10     15     -5 (VIOLATED)
_061277_/Y                               10     15     -5 (VIOLATED)
_061290_/Y                               10     15     -5 (VIOLATED)
_062442_/Y                               10     15     -5 (VIOLATED)
_064014_/Y                               10     15     -5 (VIOLATED)
_064822_/Y                               10     15     -5 (VIOLATED)
_065540_/X                               10     15     -5 (VIOLATED)
_066152_/Y                               10     15     -5 (VIOLATED)
_066382_/Y                               10     15     -5 (VIOLATED)
_074620_/X                               10     15     -5 (VIOLATED)
_080771_/Y                               10     15     -5 (VIOLATED)
_080772_/X                               10     15     -5 (VIOLATED)
_083990_/Y                               10     15     -5 (VIOLATED)
_087051_/Y                               10     15     -5 (VIOLATED)
_087275_/Y                               10     15     -5 (VIOLATED)
_088913_/Y                               10     15     -5 (VIOLATED)
_089719_/Y                               10     15     -5 (VIOLATED)
_089745_/Y                               10     15     -5 (VIOLATED)
_091438_/Y                               10     15     -5 (VIOLATED)
_093024_/Y                               10     15     -5 (VIOLATED)
_093790_/Y                               10     15     -5 (VIOLATED)
_094840_/Y                               10     15     -5 (VIOLATED)
_094866_/Y                               10     15     -5 (VIOLATED)
_096573_/Y                               10     15     -5 (VIOLATED)
_096595_/Y                               10     15     -5 (VIOLATED)
_098114_/Y                               10     15     -5 (VIOLATED)
_100673_/Y                               10     15     -5 (VIOLATED)
_101719_/Y                               10     15     -5 (VIOLATED)
_104024_/Y                               10     15     -5 (VIOLATED)
_105500_/Y                               10     15     -5 (VIOLATED)
_109059_/Y                               10     15     -5 (VIOLATED)
_110708_/Y                               10     15     -5 (VIOLATED)
clkbuf_7_107__f_wb_clk_i/X               10     15     -5 (VIOLATED)
clkbuf_7_17__f_wb_clk_i/X                10     15     -5 (VIOLATED)
clkbuf_7_2__f_wb_clk_i/X                 10     15     -5 (VIOLATED)
clkbuf_7_34__f_wb_clk_i/X                10     15     -5 (VIOLATED)
clkbuf_7_35__f_wb_clk_i/X                10     15     -5 (VIOLATED)
clkbuf_7_36__f_wb_clk_i/X                10     15     -5 (VIOLATED)
clkbuf_7_3__f_wb_clk_i/X                 10     15     -5 (VIOLATED)
clkbuf_7_45__f_wb_clk_i/X                10     15     -5 (VIOLATED)
clkbuf_7_57__f_wb_clk_i/X                10     15     -5 (VIOLATED)
clkbuf_7_58__f_wb_clk_i/X                10     15     -5 (VIOLATED)
clkbuf_7_7__f_wb_clk_i/X                 10     15     -5 (VIOLATED)
fanout1089/X                             10     15     -5 (VIOLATED)
fanout1093/X                             10     15     -5 (VIOLATED)
fanout1128/X                             10     15     -5 (VIOLATED)
fanout1141/X                             10     15     -5 (VIOLATED)
fanout118/X                              10     15     -5 (VIOLATED)
fanout1203/X                             10     15     -5 (VIOLATED)
fanout124/X                              10     15     -5 (VIOLATED)
fanout1326/X                             10     15     -5 (VIOLATED)
fanout1370/X                             10     15     -5 (VIOLATED)
fanout1371/X                             10     15     -5 (VIOLATED)
fanout138/X                              10     15     -5 (VIOLATED)
fanout1394/X                             10     15     -5 (VIOLATED)
fanout1418/X                             10     15     -5 (VIOLATED)
fanout1582/X                             10     15     -5 (VIOLATED)
fanout1588/X                             10     15     -5 (VIOLATED)
fanout1595/X                             10     15     -5 (VIOLATED)
fanout1614/X                             10     15     -5 (VIOLATED)
fanout168/X                              10     15     -5 (VIOLATED)
fanout1720/X                             10     15     -5 (VIOLATED)
fanout1722/X                             10     15     -5 (VIOLATED)
fanout1748/X                             10     15     -5 (VIOLATED)
fanout1771/X                             10     15     -5 (VIOLATED)
fanout1773/X                             10     15     -5 (VIOLATED)
fanout1786/X                             10     15     -5 (VIOLATED)
fanout1795/X                             10     15     -5 (VIOLATED)
fanout1800/X                             10     15     -5 (VIOLATED)
fanout1803/X                             10     15     -5 (VIOLATED)
fanout1804/X                             10     15     -5 (VIOLATED)
fanout1811/X                             10     15     -5 (VIOLATED)
fanout1867/X                             10     15     -5 (VIOLATED)
fanout1870/X                             10     15     -5 (VIOLATED)
fanout1871/X                             10     15     -5 (VIOLATED)
fanout1884/X                             10     15     -5 (VIOLATED)
fanout1889/X                             10     15     -5 (VIOLATED)
fanout1908/X                             10     15     -5 (VIOLATED)
fanout1917/X                             10     15     -5 (VIOLATED)
fanout1918/X                             10     15     -5 (VIOLATED)
fanout1942/X                             10     15     -5 (VIOLATED)
fanout1954/X                             10     15     -5 (VIOLATED)
fanout1965/X                             10     15     -5 (VIOLATED)
fanout1982/X                             10     15     -5 (VIOLATED)
fanout2011/X                             10     15     -5 (VIOLATED)
fanout2041/X                             10     15     -5 (VIOLATED)
fanout2070/X                             10     15     -5 (VIOLATED)
fanout2096/X                             10     15     -5 (VIOLATED)
fanout2117/X                             10     15     -5 (VIOLATED)
fanout2127/X                             10     15     -5 (VIOLATED)
fanout2134/X                             10     15     -5 (VIOLATED)
fanout2142/X                             10     15     -5 (VIOLATED)
fanout2149/X                             10     15     -5 (VIOLATED)
fanout2152/X                             10     15     -5 (VIOLATED)
fanout2153/X                             10     15     -5 (VIOLATED)
fanout2160/X                             10     15     -5 (VIOLATED)
fanout2185/X                             10     15     -5 (VIOLATED)
fanout2196/X                             10     15     -5 (VIOLATED)
fanout2215/X                             10     15     -5 (VIOLATED)
fanout2222/X                             10     15     -5 (VIOLATED)
fanout2225/X                             10     15     -5 (VIOLATED)
fanout2241/X                             10     15     -5 (VIOLATED)
fanout2257/X                             10     15     -5 (VIOLATED)
fanout2264/X                             10     15     -5 (VIOLATED)
fanout2267/X                             10     15     -5 (VIOLATED)
fanout2275/X                             10     15     -5 (VIOLATED)
fanout228/X                              10     15     -5 (VIOLATED)
fanout2314/X                             10     15     -5 (VIOLATED)
fanout2329/X                             10     15     -5 (VIOLATED)
fanout2332/X                             10     15     -5 (VIOLATED)
fanout2333/X                             10     15     -5 (VIOLATED)
fanout2338/X                             10     15     -5 (VIOLATED)
fanout236/X                              10     15     -5 (VIOLATED)
fanout2361/X                             10     15     -5 (VIOLATED)
fanout2372/X                             10     15     -5 (VIOLATED)
fanout2375/X                             10     15     -5 (VIOLATED)
fanout2390/X                             10     15     -5 (VIOLATED)
fanout2405/X                             10     15     -5 (VIOLATED)
fanout242/X                              10     15     -5 (VIOLATED)
fanout2446/X                             10     15     -5 (VIOLATED)
fanout2450/X                             10     15     -5 (VIOLATED)
fanout2452/X                             10     15     -5 (VIOLATED)
fanout2472/X                             10     15     -5 (VIOLATED)
fanout2491/X                             10     15     -5 (VIOLATED)
fanout2508/X                             10     15     -5 (VIOLATED)
fanout2512/X                             10     15     -5 (VIOLATED)
fanout2513/X                             10     15     -5 (VIOLATED)
fanout2537/X                             10     15     -5 (VIOLATED)
fanout2566/X                             10     15     -5 (VIOLATED)
fanout2569/X                             10     15     -5 (VIOLATED)
fanout2587/X                             10     15     -5 (VIOLATED)
fanout2602/X                             10     15     -5 (VIOLATED)
fanout2624/X                             10     15     -5 (VIOLATED)
fanout2630/X                             10     15     -5 (VIOLATED)
fanout2723/X                             10     15     -5 (VIOLATED)
fanout2725/X                             10     15     -5 (VIOLATED)
fanout2780/X                             10     15     -5 (VIOLATED)
fanout2788/X                             10     15     -5 (VIOLATED)
fanout2802/X                             10     15     -5 (VIOLATED)
fanout2819/X                             10     15     -5 (VIOLATED)
fanout2831/X                             10     15     -5 (VIOLATED)
fanout2857/X                             10     15     -5 (VIOLATED)
fanout2870/X                             10     15     -5 (VIOLATED)
fanout2900/X                             10     15     -5 (VIOLATED)
fanout2902/X                             10     15     -5 (VIOLATED)
fanout2904/X                             10     15     -5 (VIOLATED)
fanout2908/X                             10     15     -5 (VIOLATED)
fanout2943/X                             10     15     -5 (VIOLATED)
fanout2945/X                             10     15     -5 (VIOLATED)
fanout2955/X                             10     15     -5 (VIOLATED)
fanout2963/X                             10     15     -5 (VIOLATED)
fanout2977/X                             10     15     -5 (VIOLATED)
fanout3001/X                             10     15     -5 (VIOLATED)
fanout3042/X                             10     15     -5 (VIOLATED)
fanout305/X                              10     15     -5 (VIOLATED)
fanout3081/X                             10     15     -5 (VIOLATED)
fanout309/X                              10     15     -5 (VIOLATED)
fanout3106/X                             10     15     -5 (VIOLATED)
fanout3192/X                             10     15     -5 (VIOLATED)
fanout3236/X                             10     15     -5 (VIOLATED)
fanout3259/X                             10     15     -5 (VIOLATED)
fanout328/X                              10     15     -5 (VIOLATED)
fanout3284/X                             10     15     -5 (VIOLATED)
fanout3326/X                             10     15     -5 (VIOLATED)
fanout3362/X                             10     15     -5 (VIOLATED)
fanout337/X                              10     15     -5 (VIOLATED)
fanout3433/X                             10     15     -5 (VIOLATED)
fanout3469/X                             10     15     -5 (VIOLATED)
fanout3476/X                             10     15     -5 (VIOLATED)
fanout3477/X                             10     15     -5 (VIOLATED)
fanout350/X                              10     15     -5 (VIOLATED)
fanout3525/X                             10     15     -5 (VIOLATED)
fanout3526/X                             10     15     -5 (VIOLATED)
fanout353/X                              10     15     -5 (VIOLATED)
fanout357/X                              10     15     -5 (VIOLATED)
fanout361/X                              10     15     -5 (VIOLATED)
fanout367/X                              10     15     -5 (VIOLATED)
fanout375/X                              10     15     -5 (VIOLATED)
fanout381/X                              10     15     -5 (VIOLATED)
fanout398/X                              10     15     -5 (VIOLATED)
fanout4063/X                             10     15     -5 (VIOLATED)
fanout4085/X                             10     15     -5 (VIOLATED)
fanout4098/X                             10     15     -5 (VIOLATED)
fanout410/X                              10     15     -5 (VIOLATED)
fanout4159/X                             10     15     -5 (VIOLATED)
fanout4255/X                             10     15     -5 (VIOLATED)
fanout4263/X                             10     15     -5 (VIOLATED)
fanout4280/X                             10     15     -5 (VIOLATED)
fanout4284/X                             10     15     -5 (VIOLATED)
fanout4286/X                             10     15     -5 (VIOLATED)
fanout4384/X                             10     15     -5 (VIOLATED)
fanout4401/X                             10     15     -5 (VIOLATED)
fanout446/X                              10     15     -5 (VIOLATED)
fanout4579/X                             10     15     -5 (VIOLATED)
fanout4597/X                             10     15     -5 (VIOLATED)
fanout4603/X                             10     15     -5 (VIOLATED)
fanout4637/X                             10     15     -5 (VIOLATED)
fanout4653/X                             10     15     -5 (VIOLATED)
fanout4675/X                             10     15     -5 (VIOLATED)
fanout4714/X                             10     15     -5 (VIOLATED)
fanout4749/X                             10     15     -5 (VIOLATED)
fanout4774/X                             10     15     -5 (VIOLATED)
fanout4802/X                             10     15     -5 (VIOLATED)
fanout4809/X                             10     15     -5 (VIOLATED)
fanout4819/X                             10     15     -5 (VIOLATED)
fanout4845/X                             10     15     -5 (VIOLATED)
fanout4898/X                             10     15     -5 (VIOLATED)
fanout4928/X                             10     15     -5 (VIOLATED)
fanout4960/X                             10     15     -5 (VIOLATED)
fanout4974/X                             10     15     -5 (VIOLATED)
fanout5055/X                             10     15     -5 (VIOLATED)
fanout5109/X                             10     15     -5 (VIOLATED)
fanout5198/X                             10     15     -5 (VIOLATED)
fanout5270/X                             10     15     -5 (VIOLATED)
fanout5281/X                             10     15     -5 (VIOLATED)
fanout5426/X                             10     15     -5 (VIOLATED)
fanout5459/X                             10     15     -5 (VIOLATED)
fanout5468/X                             10     15     -5 (VIOLATED)
fanout5565/X                             10     15     -5 (VIOLATED)
fanout5623/X                             10     15     -5 (VIOLATED)
fanout5691/X                             10     15     -5 (VIOLATED)
fanout5694/X                             10     15     -5 (VIOLATED)
fanout5698/X                             10     15     -5 (VIOLATED)
fanout5702/X                             10     15     -5 (VIOLATED)
fanout5755/X                             10     15     -5 (VIOLATED)
fanout5777/X                             10     15     -5 (VIOLATED)
fanout5778/X                             10     15     -5 (VIOLATED)
fanout5870/X                             10     15     -5 (VIOLATED)
fanout5901/X                             10     15     -5 (VIOLATED)
fanout5916/X                             10     15     -5 (VIOLATED)
fanout5925/X                             10     15     -5 (VIOLATED)
fanout5931/X                             10     15     -5 (VIOLATED)
fanout5947/X                             10     15     -5 (VIOLATED)
fanout5962/X                             10     15     -5 (VIOLATED)
fanout5969/X                             10     15     -5 (VIOLATED)
fanout5976/X                             10     15     -5 (VIOLATED)
fanout5980/X                             10     15     -5 (VIOLATED)
fanout6007/X                             10     15     -5 (VIOLATED)
fanout6043/X                             10     15     -5 (VIOLATED)
fanout6068/X                             10     15     -5 (VIOLATED)
fanout6113/X                             10     15     -5 (VIOLATED)
fanout6242/X                             10     15     -5 (VIOLATED)
fanout6277/X                             10     15     -5 (VIOLATED)
fanout6282/X                             10     15     -5 (VIOLATED)
fanout6283/X                             10     15     -5 (VIOLATED)
fanout6297/X                             10     15     -5 (VIOLATED)
fanout6312/X                             10     15     -5 (VIOLATED)
fanout6326/X                             10     15     -5 (VIOLATED)
fanout6334/X                             10     15     -5 (VIOLATED)
fanout6353/X                             10     15     -5 (VIOLATED)
fanout6354/X                             10     15     -5 (VIOLATED)
fanout6384/X                             10     15     -5 (VIOLATED)
fanout6410/X                             10     15     -5 (VIOLATED)
fanout6439/X                             10     15     -5 (VIOLATED)
fanout6449/X                             10     15     -5 (VIOLATED)
fanout6454/X                             10     15     -5 (VIOLATED)
fanout6467/X                             10     15     -5 (VIOLATED)
fanout6479/X                             10     15     -5 (VIOLATED)
fanout6496/X                             10     15     -5 (VIOLATED)
fanout6508/X                             10     15     -5 (VIOLATED)
fanout6514/X                             10     15     -5 (VIOLATED)
fanout6522/X                             10     15     -5 (VIOLATED)
fanout6529/X                             10     15     -5 (VIOLATED)
fanout6534/X                             10     15     -5 (VIOLATED)
fanout6543/X                             10     15     -5 (VIOLATED)
fanout6560/X                             10     15     -5 (VIOLATED)
fanout6575/X                             10     15     -5 (VIOLATED)
fanout6588/X                             10     15     -5 (VIOLATED)
fanout6597/X                             10     15     -5 (VIOLATED)
fanout660/X                              10     15     -5 (VIOLATED)
fanout6623/X                             10     15     -5 (VIOLATED)
fanout6639/X                             10     15     -5 (VIOLATED)
fanout664/X                              10     15     -5 (VIOLATED)
fanout6678/X                             10     15     -5 (VIOLATED)
fanout6695/X                             10     15     -5 (VIOLATED)
fanout6699/X                             10     15     -5 (VIOLATED)
fanout6705/X                             10     15     -5 (VIOLATED)
fanout6711/X                             10     15     -5 (VIOLATED)
fanout6723/X                             10     15     -5 (VIOLATED)
fanout6739/X                             10     15     -5 (VIOLATED)
fanout6741/X                             10     15     -5 (VIOLATED)
fanout6750/X                             10     15     -5 (VIOLATED)
fanout6760/X                             10     15     -5 (VIOLATED)
fanout6782/X                             10     15     -5 (VIOLATED)
fanout6784/X                             10     15     -5 (VIOLATED)
fanout6791/X                             10     15     -5 (VIOLATED)
fanout6973/X                             10     15     -5 (VIOLATED)
fanout698/X                              10     15     -5 (VIOLATED)
fanout6998/X                             10     15     -5 (VIOLATED)
fanout7019/X                             10     15     -5 (VIOLATED)
fanout703/X                              10     15     -5 (VIOLATED)
fanout7090/X                             10     15     -5 (VIOLATED)
fanout712/X                              10     15     -5 (VIOLATED)
fanout714/X                              10     15     -5 (VIOLATED)
fanout7182/X                             10     15     -5 (VIOLATED)
fanout7188/X                             10     15     -5 (VIOLATED)
fanout7190/X                             10     15     -5 (VIOLATED)
fanout7223/X                             10     15     -5 (VIOLATED)
fanout7251/X                             10     15     -5 (VIOLATED)
fanout7254/X                             10     15     -5 (VIOLATED)
fanout7276/X                             10     15     -5 (VIOLATED)
fanout7313/X                             10     15     -5 (VIOLATED)
fanout7316/X                             10     15     -5 (VIOLATED)
fanout7318/X                             10     15     -5 (VIOLATED)
fanout7319/X                             10     15     -5 (VIOLATED)
fanout775/X                              10     15     -5 (VIOLATED)
fanout819/X                              10     15     -5 (VIOLATED)
fanout836/X                              10     15     -5 (VIOLATED)
fanout849/X                              10     15     -5 (VIOLATED)
fanout856/X                              10     15     -5 (VIOLATED)
fanout881/X                              10     15     -5 (VIOLATED)
fanout886/X                              10     15     -5 (VIOLATED)
fanout999/X                              10     15     -5 (VIOLATED)
hold10222/X                              10     15     -5 (VIOLATED)
hold10534/X                              10     15     -5 (VIOLATED)
hold1211/X                               10     15     -5 (VIOLATED)
hold12480/X                              10     15     -5 (VIOLATED)
hold12688/X                              10     15     -5 (VIOLATED)
hold14574/X                              10     15     -5 (VIOLATED)
hold14760/X                              10     15     -5 (VIOLATED)
hold14887/X                              10     15     -5 (VIOLATED)
hold14991/X                              10     15     -5 (VIOLATED)
hold15025/X                              10     15     -5 (VIOLATED)
hold15044/X                              10     15     -5 (VIOLATED)
hold15199/X                              10     15     -5 (VIOLATED)
hold15231/X                              10     15     -5 (VIOLATED)
hold15250/X                              10     15     -5 (VIOLATED)
hold15289/X                              10     15     -5 (VIOLATED)
hold15666/X                              10     15     -5 (VIOLATED)
hold15701/X                              10     15     -5 (VIOLATED)
hold15728/X                              10     15     -5 (VIOLATED)
hold15774/X                              10     15     -5 (VIOLATED)
hold15783/X                              10     15     -5 (VIOLATED)
hold15796/X                              10     15     -5 (VIOLATED)
hold15811/X                              10     15     -5 (VIOLATED)
hold15814/X                              10     15     -5 (VIOLATED)
hold15891/X                              10     15     -5 (VIOLATED)
hold15903/X                              10     15     -5 (VIOLATED)
hold15948/X                              10     15     -5 (VIOLATED)
hold16000/X                              10     15     -5 (VIOLATED)
hold16031/X                              10     15     -5 (VIOLATED)
hold16064/X                              10     15     -5 (VIOLATED)
hold16079/X                              10     15     -5 (VIOLATED)
hold16094/X                              10     15     -5 (VIOLATED)
hold16139/X                              10     15     -5 (VIOLATED)
hold16142/X                              10     15     -5 (VIOLATED)
hold16170/X                              10     15     -5 (VIOLATED)
hold16193/X                              10     15     -5 (VIOLATED)
hold16205/X                              10     15     -5 (VIOLATED)
hold16236/X                              10     15     -5 (VIOLATED)
hold16350/X                              10     15     -5 (VIOLATED)
hold16390/X                              10     15     -5 (VIOLATED)
hold16397/X                              10     15     -5 (VIOLATED)
hold16408/X                              10     15     -5 (VIOLATED)
hold16463/X                              10     15     -5 (VIOLATED)
hold16479/X                              10     15     -5 (VIOLATED)
hold16506/X                              10     15     -5 (VIOLATED)
hold16551/X                              10     15     -5 (VIOLATED)
hold16587/X                              10     15     -5 (VIOLATED)
hold16651/X                              10     15     -5 (VIOLATED)
hold16665/X                              10     15     -5 (VIOLATED)
hold16728/X                              10     15     -5 (VIOLATED)
hold16732/X                              10     15     -5 (VIOLATED)
hold16786/X                              10     15     -5 (VIOLATED)
hold16800/X                              10     15     -5 (VIOLATED)
hold16887/X                              10     15     -5 (VIOLATED)
hold16893/X                              10     15     -5 (VIOLATED)
hold16922/X                              10     15     -5 (VIOLATED)
hold17051/X                              10     15     -5 (VIOLATED)
hold17158/X                              10     15     -5 (VIOLATED)
hold17185/X                              10     15     -5 (VIOLATED)
hold17287/X                              10     15     -5 (VIOLATED)
hold17292/X                              10     15     -5 (VIOLATED)
hold17420/X                              10     15     -5 (VIOLATED)
hold17443/X                              10     15     -5 (VIOLATED)
hold17455/X                              10     15     -5 (VIOLATED)
hold17475/X                              10     15     -5 (VIOLATED)
hold17487/X                              10     15     -5 (VIOLATED)
hold17492/X                              10     15     -5 (VIOLATED)
hold17599/X                              10     15     -5 (VIOLATED)
hold21565/X                              10     15     -5 (VIOLATED)
hold2479/X                               10     15     -5 (VIOLATED)
hold29101/X                              10     15     -5 (VIOLATED)
hold32247/X                              10     15     -5 (VIOLATED)
hold553/X                                10     15     -5 (VIOLATED)
max_length1104/X                         10     15     -5 (VIOLATED)
max_length1241/X                         10     15     -5 (VIOLATED)
max_length1504/X                         10     15     -5 (VIOLATED)
max_length3156/X                         10     15     -5 (VIOLATED)
wire1022/X                               10     15     -5 (VIOLATED)
wire1079/X                               10     15     -5 (VIOLATED)
wire1088/X                               10     15     -5 (VIOLATED)
wire1102/X                               10     15     -5 (VIOLATED)
wire1234/X                               10     15     -5 (VIOLATED)
wire1255/X                               10     15     -5 (VIOLATED)
wire1291/X                               10     15     -5 (VIOLATED)
wire1374/X                               10     15     -5 (VIOLATED)
wire1426/X                               10     15     -5 (VIOLATED)
wire143/X                                10     15     -5 (VIOLATED)
wire1479/X                               10     15     -5 (VIOLATED)
wire2455/X                               10     15     -5 (VIOLATED)
wire2714/X                               10     15     -5 (VIOLATED)
wire3095/X                               10     15     -5 (VIOLATED)
wire3140/X                               10     15     -5 (VIOLATED)
wire340/X                                10     15     -5 (VIOLATED)
wire4140/X                               10     15     -5 (VIOLATED)
wire5386/X                               10     15     -5 (VIOLATED)
wire6872/X                               10     15     -5 (VIOLATED)
wire6957/X                               10     15     -5 (VIOLATED)
wire7085/X                               10     15     -5 (VIOLATED)
wire7100/X                               10     15     -5 (VIOLATED)
wire7104/X                               10     15     -5 (VIOLATED)
wire7118/X                               10     15     -5 (VIOLATED)
wire7130/X                               10     15     -5 (VIOLATED)
wire7258/X                               10     15     -5 (VIOLATED)
wire7359/X                               10     15     -5 (VIOLATED)
wire7389/X                               10     15     -5 (VIOLATED)
wire7401/X                               10     15     -5 (VIOLATED)
wire7429/X                               10     15     -5 (VIOLATED)
wire7431/X                               10     15     -5 (VIOLATED)
wire7443/X                               10     15     -5 (VIOLATED)
wire7460/X                               10     15     -5 (VIOLATED)
wire7474/X                               10     15     -5 (VIOLATED)
wire912/X                                10     15     -5 (VIOLATED)
fanout5450/X                             10     14     -4 (VIOLATED)
_060842_/Y                               10     13     -3 (VIOLATED)
_061494_/Y                               10     13     -3 (VIOLATED)
_062028_/Y                               10     13     -3 (VIOLATED)
_063252_/Y                               10     13     -3 (VIOLATED)
_065515_/X                               10     13     -3 (VIOLATED)
_065541_/Y                               10     13     -3 (VIOLATED)
_065655_/Y                               10     13     -3 (VIOLATED)
_067075_/Y                               10     13     -3 (VIOLATED)
_067076_/X                               10     13     -3 (VIOLATED)
_073866_/Y                               10     13     -3 (VIOLATED)
_074732_/Y                               10     13     -3 (VIOLATED)
_076033_/Y                               10     13     -3 (VIOLATED)
_077022_/Y                               10     13     -3 (VIOLATED)
_078975_/Y                               10     13     -3 (VIOLATED)
_083431_/Y                               10     13     -3 (VIOLATED)
_085889_/X                               10     13     -3 (VIOLATED)
_086465_/X                               10     13     -3 (VIOLATED)
_088072_/Y                               10     13     -3 (VIOLATED)
_090352_/Y                               10     13     -3 (VIOLATED)
_090353_/Y                               10     13     -3 (VIOLATED)
_093382_/Y                               10     13     -3 (VIOLATED)
_094420_/Y                               10     13     -3 (VIOLATED)
_095449_/Y                               10     13     -3 (VIOLATED)
_097421_/X                               10     13     -3 (VIOLATED)
_098968_/Y                               10     13     -3 (VIOLATED)
_099568_/Y                               10     13     -3 (VIOLATED)
_100033_/X                               10     13     -3 (VIOLATED)
_103203_/Y                               10     13     -3 (VIOLATED)
_108407_/Y                               10     13     -3 (VIOLATED)
_110437_/Y                               10     13     -3 (VIOLATED)
clkbuf_7_106__f_wb_clk_i/X               10     13     -3 (VIOLATED)
clkbuf_7_127__f_wb_clk_i/X               10     13     -3 (VIOLATED)
clkbuf_7_13__f_wb_clk_i/X                10     13     -3 (VIOLATED)
clkbuf_7_6__f_wb_clk_i/X                 10     13     -3 (VIOLATED)
clkbuf_7_84__f_wb_clk_i/X                10     13     -3 (VIOLATED)
clkbuf_leaf_1296_wb_clk_i/X              10     13     -3 (VIOLATED)
fanout1086/X                             10     13     -3 (VIOLATED)
fanout1115/X                             10     13     -3 (VIOLATED)
fanout1136/X                             10     13     -3 (VIOLATED)
fanout136/X                              10     13     -3 (VIOLATED)
fanout1365/X                             10     13     -3 (VIOLATED)
fanout1379/X                             10     13     -3 (VIOLATED)
fanout1403/X                             10     13     -3 (VIOLATED)
fanout1444/X                             10     13     -3 (VIOLATED)
fanout1449/X                             10     13     -3 (VIOLATED)
fanout1453/X                             10     13     -3 (VIOLATED)
fanout1484/X                             10     13     -3 (VIOLATED)
fanout1491/X                             10     13     -3 (VIOLATED)
fanout1501/X                             10     13     -3 (VIOLATED)
fanout1505/X                             10     13     -3 (VIOLATED)
fanout1586/X                             10     13     -3 (VIOLATED)
fanout1589/X                             10     13     -3 (VIOLATED)
fanout1605/X                             10     13     -3 (VIOLATED)
fanout1622/X                             10     13     -3 (VIOLATED)
fanout1727/X                             10     13     -3 (VIOLATED)
fanout175/X                              10     13     -3 (VIOLATED)
fanout1760/X                             10     13     -3 (VIOLATED)
fanout1765/X                             10     13     -3 (VIOLATED)
fanout1777/X                             10     13     -3 (VIOLATED)
fanout1787/X                             10     13     -3 (VIOLATED)
fanout1789/X                             10     13     -3 (VIOLATED)
fanout1792/X                             10     13     -3 (VIOLATED)
fanout1796/X                             10     13     -3 (VIOLATED)
fanout1799/X                             10     13     -3 (VIOLATED)
fanout1806/X                             10     13     -3 (VIOLATED)
fanout1817/X                             10     13     -3 (VIOLATED)
fanout1823/X                             10     13     -3 (VIOLATED)
fanout1824/X                             10     13     -3 (VIOLATED)
fanout1826/X                             10     13     -3 (VIOLATED)
fanout1829/X                             10     13     -3 (VIOLATED)
fanout1863/X                             10     13     -3 (VIOLATED)
fanout1865/X                             10     13     -3 (VIOLATED)
fanout1875/X                             10     13     -3 (VIOLATED)
fanout1886/X                             10     13     -3 (VIOLATED)
fanout191/X                              10     13     -3 (VIOLATED)
fanout1910/X                             10     13     -3 (VIOLATED)
fanout1923/X                             10     13     -3 (VIOLATED)
fanout1946/X                             10     13     -3 (VIOLATED)
fanout1950/X                             10     13     -3 (VIOLATED)
fanout196/X                              10     13     -3 (VIOLATED)
fanout1972/X                             10     13     -3 (VIOLATED)
fanout1979/X                             10     13     -3 (VIOLATED)
fanout198/X                              10     13     -3 (VIOLATED)
fanout1993/X                             10     13     -3 (VIOLATED)
fanout2000/X                             10     13     -3 (VIOLATED)
fanout2002/X                             10     13     -3 (VIOLATED)
fanout2024/X                             10     13     -3 (VIOLATED)
fanout2033/X                             10     13     -3 (VIOLATED)
fanout2045/X                             10     13     -3 (VIOLATED)
fanout2048/X                             10     13     -3 (VIOLATED)
fanout205/X                              10     13     -3 (VIOLATED)
fanout2050/X                             10     13     -3 (VIOLATED)
fanout2052/X                             10     13     -3 (VIOLATED)
fanout2055/X                             10     13     -3 (VIOLATED)
fanout207/X                              10     13     -3 (VIOLATED)
fanout2074/X                             10     13     -3 (VIOLATED)
fanout2085/X                             10     13     -3 (VIOLATED)
fanout2094/X                             10     13     -3 (VIOLATED)
fanout2100/X                             10     13     -3 (VIOLATED)
fanout2106/X                             10     13     -3 (VIOLATED)
fanout2110/X                             10     13     -3 (VIOLATED)
fanout2119/X                             10     13     -3 (VIOLATED)
fanout2121/X                             10     13     -3 (VIOLATED)
fanout213/X                              10     13     -3 (VIOLATED)
fanout2131/X                             10     13     -3 (VIOLATED)
fanout2146/X                             10     13     -3 (VIOLATED)
fanout2172/X                             10     13     -3 (VIOLATED)
fanout2190/X                             10     13     -3 (VIOLATED)
fanout2194/X                             10     13     -3 (VIOLATED)
fanout2208/X                             10     13     -3 (VIOLATED)
fanout2211/X                             10     13     -3 (VIOLATED)
fanout2219/X                             10     13     -3 (VIOLATED)
fanout2223/X                             10     13     -3 (VIOLATED)
fanout2232/X                             10     13     -3 (VIOLATED)
fanout2243/X                             10     13     -3 (VIOLATED)
fanout2251/X                             10     13     -3 (VIOLATED)
fanout2255/X                             10     13     -3 (VIOLATED)
fanout2273/X                             10     13     -3 (VIOLATED)
fanout2278/X                             10     13     -3 (VIOLATED)
fanout2287/X                             10     13     -3 (VIOLATED)
fanout2299/X                             10     13     -3 (VIOLATED)
fanout232/X                              10     13     -3 (VIOLATED)
fanout2326/X                             10     13     -3 (VIOLATED)
fanout2327/X                             10     13     -3 (VIOLATED)
fanout234/X                              10     13     -3 (VIOLATED)
fanout2349/X                             10     13     -3 (VIOLATED)
fanout2353/X                             10     13     -3 (VIOLATED)
fanout2365/X                             10     13     -3 (VIOLATED)
fanout2366/X                             10     13     -3 (VIOLATED)
fanout2376/X                             10     13     -3 (VIOLATED)
fanout2407/X                             10     13     -3 (VIOLATED)
fanout2427/X                             10     13     -3 (VIOLATED)
fanout2432/X                             10     13     -3 (VIOLATED)
fanout2460/X                             10     13     -3 (VIOLATED)
fanout2478/X                             10     13     -3 (VIOLATED)
fanout2480/X                             10     13     -3 (VIOLATED)
fanout2485/X                             10     13     -3 (VIOLATED)
fanout2497/X                             10     13     -3 (VIOLATED)
fanout2503/X                             10     13     -3 (VIOLATED)
fanout2505/X                             10     13     -3 (VIOLATED)
fanout253/X                              10     13     -3 (VIOLATED)
fanout2535/X                             10     13     -3 (VIOLATED)
fanout2556/X                             10     13     -3 (VIOLATED)
fanout2564/X                             10     13     -3 (VIOLATED)
fanout2595/X                             10     13     -3 (VIOLATED)
fanout260/X                              10     13     -3 (VIOLATED)
fanout2626/X                             10     13     -3 (VIOLATED)
fanout2632/X                             10     13     -3 (VIOLATED)
fanout2667/X                             10     13     -3 (VIOLATED)
fanout2684/X                             10     13     -3 (VIOLATED)
fanout2697/X                             10     13     -3 (VIOLATED)
fanout2731/X                             10     13     -3 (VIOLATED)
fanout2739/X                             10     13     -3 (VIOLATED)
fanout2749/X                             10     13     -3 (VIOLATED)
fanout2753/X                             10     13     -3 (VIOLATED)
fanout2758/X                             10     13     -3 (VIOLATED)
fanout2782/X                             10     13     -3 (VIOLATED)
fanout2791/X                             10     13     -3 (VIOLATED)
fanout2797/X                             10     13     -3 (VIOLATED)
fanout2814/X                             10     13     -3 (VIOLATED)
fanout2823/X                             10     13     -3 (VIOLATED)
fanout2834/X                             10     13     -3 (VIOLATED)
fanout2853/X                             10     13     -3 (VIOLATED)
fanout2863/X                             10     13     -3 (VIOLATED)
fanout2864/X                             10     13     -3 (VIOLATED)
fanout2871/X                             10     13     -3 (VIOLATED)
fanout2895/X                             10     13     -3 (VIOLATED)
fanout2923/X                             10     13     -3 (VIOLATED)
fanout2935/X                             10     13     -3 (VIOLATED)
fanout2959/X                             10     13     -3 (VIOLATED)
fanout2961/X                             10     13     -3 (VIOLATED)
fanout2978/X                             10     13     -3 (VIOLATED)
fanout2982/X                             10     13     -3 (VIOLATED)
fanout299/X                              10     13     -3 (VIOLATED)
fanout2992/X                             10     13     -3 (VIOLATED)
fanout2994/X                             10     13     -3 (VIOLATED)
fanout2998/X                             10     13     -3 (VIOLATED)
fanout3015/X                             10     13     -3 (VIOLATED)
fanout3017/X                             10     13     -3 (VIOLATED)
fanout3020/X                             10     13     -3 (VIOLATED)
fanout3056/X                             10     13     -3 (VIOLATED)
fanout3104/X                             10     13     -3 (VIOLATED)
fanout3107/X                             10     13     -3 (VIOLATED)
fanout3134/X                             10     13     -3 (VIOLATED)
fanout3145/X                             10     13     -3 (VIOLATED)
fanout3162/X                             10     13     -3 (VIOLATED)
fanout3235/X                             10     13     -3 (VIOLATED)
fanout3243/X                             10     13     -3 (VIOLATED)
fanout3273/X                             10     13     -3 (VIOLATED)
fanout3278/X                             10     13     -3 (VIOLATED)
fanout3320/X                             10     13     -3 (VIOLATED)
fanout3329/X                             10     13     -3 (VIOLATED)
fanout3365/X                             10     13     -3 (VIOLATED)
fanout3369/X                             10     13     -3 (VIOLATED)
fanout3407/X                             10     13     -3 (VIOLATED)
fanout3438/X                             10     13     -3 (VIOLATED)
fanout3472/X                             10     13     -3 (VIOLATED)
fanout3473/X                             10     13     -3 (VIOLATED)
fanout3507/X                             10     13     -3 (VIOLATED)
fanout3511/X                             10     13     -3 (VIOLATED)
fanout3515/X                             10     13     -3 (VIOLATED)
fanout3517/X                             10     13     -3 (VIOLATED)
fanout3518/X                             10     13     -3 (VIOLATED)
fanout3520/X                             10     13     -3 (VIOLATED)
fanout384/X                              10     13     -3 (VIOLATED)
fanout393/X                              10     13     -3 (VIOLATED)
fanout4080/X                             10     13     -3 (VIOLATED)
fanout4087/X                             10     13     -3 (VIOLATED)
fanout4093/X                             10     13     -3 (VIOLATED)
fanout413/X                              10     13     -3 (VIOLATED)
fanout4135/X                             10     13     -3 (VIOLATED)
fanout4157/X                             10     13     -3 (VIOLATED)
fanout4161/X                             10     13     -3 (VIOLATED)
fanout4181/X                             10     13     -3 (VIOLATED)
fanout4222/X                             10     13     -3 (VIOLATED)
fanout4223/X                             10     13     -3 (VIOLATED)
fanout4296/X                             10     13     -3 (VIOLATED)
fanout4299/X                             10     13     -3 (VIOLATED)
fanout4314/X                             10     13     -3 (VIOLATED)
fanout4335/X                             10     13     -3 (VIOLATED)
fanout4373/X                             10     13     -3 (VIOLATED)
fanout4375/X                             10     13     -3 (VIOLATED)
fanout4377/X                             10     13     -3 (VIOLATED)
fanout439/X                              10     13     -3 (VIOLATED)
fanout4433/X                             10     13     -3 (VIOLATED)
fanout447/X                              10     13     -3 (VIOLATED)
fanout4491/X                             10     13     -3 (VIOLATED)
fanout451/X                              10     13     -3 (VIOLATED)
fanout4600/X                             10     13     -3 (VIOLATED)
fanout4613/X                             10     13     -3 (VIOLATED)
fanout4667/X                             10     13     -3 (VIOLATED)
fanout4686/X                             10     13     -3 (VIOLATED)
fanout4702/X                             10     13     -3 (VIOLATED)
fanout4720/X                             10     13     -3 (VIOLATED)
fanout480/X                              10     13     -3 (VIOLATED)
fanout482/X                              10     13     -3 (VIOLATED)
fanout4848/X                             10     13     -3 (VIOLATED)
fanout4887/X                             10     13     -3 (VIOLATED)
fanout4930/X                             10     13     -3 (VIOLATED)
fanout4934/X                             10     13     -3 (VIOLATED)
fanout4937/X                             10     13     -3 (VIOLATED)
fanout5020/X                             10     13     -3 (VIOLATED)
fanout5023/X                             10     13     -3 (VIOLATED)
fanout5118/X                             10     13     -3 (VIOLATED)
fanout5133/X                             10     13     -3 (VIOLATED)
fanout5140/X                             10     13     -3 (VIOLATED)
fanout5151/X                             10     13     -3 (VIOLATED)
fanout5163/X                             10     13     -3 (VIOLATED)
fanout5184/X                             10     13     -3 (VIOLATED)
fanout5188/X                             10     13     -3 (VIOLATED)
fanout5200/X                             10     13     -3 (VIOLATED)
fanout5236/X                             10     13     -3 (VIOLATED)
fanout5290/X                             10     13     -3 (VIOLATED)
fanout5354/X                             10     13     -3 (VIOLATED)
fanout5395/X                             10     13     -3 (VIOLATED)
fanout5405/X                             10     13     -3 (VIOLATED)
fanout5411/X                             10     13     -3 (VIOLATED)
fanout5434/X                             10     13     -3 (VIOLATED)
fanout5456/X                             10     13     -3 (VIOLATED)
fanout5458/X                             10     13     -3 (VIOLATED)
fanout552/X                              10     13     -3 (VIOLATED)
fanout554/X                              10     13     -3 (VIOLATED)
fanout5570/X                             10     13     -3 (VIOLATED)
fanout5574/X                             10     13     -3 (VIOLATED)
fanout558/X                              10     13     -3 (VIOLATED)
fanout5580/X                             10     13     -3 (VIOLATED)
fanout5597/X                             10     13     -3 (VIOLATED)
fanout560/X                              10     13     -3 (VIOLATED)
fanout5641/X                             10     13     -3 (VIOLATED)
fanout5673/X                             10     13     -3 (VIOLATED)
fanout570/X                              10     13     -3 (VIOLATED)
fanout5713/X                             10     13     -3 (VIOLATED)
fanout5767/X                             10     13     -3 (VIOLATED)
fanout5781/X                             10     13     -3 (VIOLATED)
fanout5783/X                             10     13     -3 (VIOLATED)
fanout5873/X                             10     13     -3 (VIOLATED)
fanout5883/X                             10     13     -3 (VIOLATED)
fanout5924/X                             10     13     -3 (VIOLATED)
fanout5952/X                             10     13     -3 (VIOLATED)
fanout5991/X                             10     13     -3 (VIOLATED)
fanout6000/X                             10     13     -3 (VIOLATED)
fanout6002/X                             10     13     -3 (VIOLATED)
fanout6032/X                             10     13     -3 (VIOLATED)
fanout6076/X                             10     13     -3 (VIOLATED)
fanout6099/X                             10     13     -3 (VIOLATED)
fanout6126/X                             10     13     -3 (VIOLATED)
fanout6149/X                             10     13     -3 (VIOLATED)
fanout6174/X                             10     13     -3 (VIOLATED)
fanout6187/X                             10     13     -3 (VIOLATED)
fanout6214/X                             10     13     -3 (VIOLATED)
fanout6273/X                             10     13     -3 (VIOLATED)
fanout6288/X                             10     13     -3 (VIOLATED)
fanout6291/X                             10     13     -3 (VIOLATED)
fanout6322/X                             10     13     -3 (VIOLATED)
fanout6324/X                             10     13     -3 (VIOLATED)
fanout6360/X                             10     13     -3 (VIOLATED)
fanout6404/X                             10     13     -3 (VIOLATED)
fanout6411/X                             10     13     -3 (VIOLATED)
fanout6415/X                             10     13     -3 (VIOLATED)
fanout6418/X                             10     13     -3 (VIOLATED)
fanout6441/X                             10     13     -3 (VIOLATED)
fanout6445/X                             10     13     -3 (VIOLATED)
fanout6450/X                             10     13     -3 (VIOLATED)
fanout6463/X                             10     13     -3 (VIOLATED)
fanout6464/X                             10     13     -3 (VIOLATED)
fanout6475/X                             10     13     -3 (VIOLATED)
fanout6476/X                             10     13     -3 (VIOLATED)
fanout6480/X                             10     13     -3 (VIOLATED)
fanout6490/X                             10     13     -3 (VIOLATED)
fanout6492/X                             10     13     -3 (VIOLATED)
fanout6510/X                             10     13     -3 (VIOLATED)
fanout6518/X                             10     13     -3 (VIOLATED)
fanout6519/X                             10     13     -3 (VIOLATED)
fanout6554/X                             10     13     -3 (VIOLATED)
fanout6572/X                             10     13     -3 (VIOLATED)
fanout6590/X                             10     13     -3 (VIOLATED)
fanout6593/X                             10     13     -3 (VIOLATED)
fanout6599/X                             10     13     -3 (VIOLATED)
fanout6609/X                             10     13     -3 (VIOLATED)
fanout6634/X                             10     13     -3 (VIOLATED)
fanout6635/X                             10     13     -3 (VIOLATED)
fanout6650/X                             10     13     -3 (VIOLATED)
fanout6654/X                             10     13     -3 (VIOLATED)
fanout666/X                              10     13     -3 (VIOLATED)
fanout6662/X                             10     13     -3 (VIOLATED)
fanout6667/X                             10     13     -3 (VIOLATED)
fanout6674/X                             10     13     -3 (VIOLATED)
fanout6687/X                             10     13     -3 (VIOLATED)
fanout6697/X                             10     13     -3 (VIOLATED)
fanout6708/X                             10     13     -3 (VIOLATED)
fanout6715/X                             10     13     -3 (VIOLATED)
fanout6716/X                             10     13     -3 (VIOLATED)
fanout6719/X                             10     13     -3 (VIOLATED)
fanout6753/X                             10     13     -3 (VIOLATED)
fanout6765/X                             10     13     -3 (VIOLATED)
fanout6770/X                             10     13     -3 (VIOLATED)
fanout6792/X                             10     13     -3 (VIOLATED)
fanout6849/X                             10     13     -3 (VIOLATED)
fanout685/X                              10     13     -3 (VIOLATED)
fanout6886/X                             10     13     -3 (VIOLATED)
fanout6901/X                             10     13     -3 (VIOLATED)
fanout6915/X                             10     13     -3 (VIOLATED)
fanout6944/X                             10     13     -3 (VIOLATED)
fanout697/X                              10     13     -3 (VIOLATED)
fanout6983/X                             10     13     -3 (VIOLATED)
fanout705/X                              10     13     -3 (VIOLATED)
fanout7073/X                             10     13     -3 (VIOLATED)
fanout710/X                              10     13     -3 (VIOLATED)
fanout7144/X                             10     13     -3 (VIOLATED)
fanout7162/X                             10     13     -3 (VIOLATED)
fanout7166/X                             10     13     -3 (VIOLATED)
fanout7183/X                             10     13     -3 (VIOLATED)
fanout7185/X                             10     13     -3 (VIOLATED)
fanout7193/X                             10     13     -3 (VIOLATED)
fanout7197/X                             10     13     -3 (VIOLATED)
fanout7261/X                             10     13     -3 (VIOLATED)
fanout7283/X                             10     13     -3 (VIOLATED)
fanout7315/X                             10     13     -3 (VIOLATED)
fanout7325/X                             10     13     -3 (VIOLATED)
fanout7329/X                             10     13     -3 (VIOLATED)
fanout7471/X                             10     13     -3 (VIOLATED)
fanout822/X                              10     13     -3 (VIOLATED)
fanout827/X                              10     13     -3 (VIOLATED)
fanout832/X                              10     13     -3 (VIOLATED)
fanout839/X                              10     13     -3 (VIOLATED)
fanout846/X                              10     13     -3 (VIOLATED)
fanout851/X                              10     13     -3 (VIOLATED)
fanout853/X                              10     13     -3 (VIOLATED)
fanout861/X                              10     13     -3 (VIOLATED)
fanout869/X                              10     13     -3 (VIOLATED)
fanout871/X                              10     13     -3 (VIOLATED)
fanout891/X                              10     13     -3 (VIOLATED)
fanout997/X                              10     13     -3 (VIOLATED)
hold10591/X                              10     13     -3 (VIOLATED)
hold10953/X                              10     13     -3 (VIOLATED)
hold11148/X                              10     13     -3 (VIOLATED)
hold11842/X                              10     13     -3 (VIOLATED)
hold12439/X                              10     13     -3 (VIOLATED)
hold12579/X                              10     13     -3 (VIOLATED)
hold12695/X                              10     13     -3 (VIOLATED)
hold13449/X                              10     13     -3 (VIOLATED)
hold13987/X                              10     13     -3 (VIOLATED)
hold14140/X                              10     13     -3 (VIOLATED)
hold142/X                                10     13     -3 (VIOLATED)
hold14503/X                              10     13     -3 (VIOLATED)
hold14543/X                              10     13     -3 (VIOLATED)
hold14694/X                              10     13     -3 (VIOLATED)
hold14757/X                              10     13     -3 (VIOLATED)
hold14858/X                              10     13     -3 (VIOLATED)
hold14998/X                              10     13     -3 (VIOLATED)
hold15008/X                              10     13     -3 (VIOLATED)
hold15111/X                              10     13     -3 (VIOLATED)
hold15182/X                              10     13     -3 (VIOLATED)
hold15205/X                              10     13     -3 (VIOLATED)
hold15238/X                              10     13     -3 (VIOLATED)
hold15363/X                              10     13     -3 (VIOLATED)
hold15389/X                              10     13     -3 (VIOLATED)
hold15411/X                              10     13     -3 (VIOLATED)
hold15428/X                              10     13     -3 (VIOLATED)
hold15450/X                              10     13     -3 (VIOLATED)
hold15460/X                              10     13     -3 (VIOLATED)
hold15483/X                              10     13     -3 (VIOLATED)
hold15529/X                              10     13     -3 (VIOLATED)
hold15627/X                              10     13     -3 (VIOLATED)
hold15683/X                              10     13     -3 (VIOLATED)
hold15686/X                              10     13     -3 (VIOLATED)
hold15698/X                              10     13     -3 (VIOLATED)
hold15747/X                              10     13     -3 (VIOLATED)
hold15751/X                              10     13     -3 (VIOLATED)
hold15761/X                              10     13     -3 (VIOLATED)
hold15770/X                              10     13     -3 (VIOLATED)
hold15849/X                              10     13     -3 (VIOLATED)
hold15932/X                              10     13     -3 (VIOLATED)
hold15954/X                              10     13     -3 (VIOLATED)
hold15994/X                              10     13     -3 (VIOLATED)
hold16159/X                              10     13     -3 (VIOLATED)
hold16166/X                              10     13     -3 (VIOLATED)
hold16173/X                              10     13     -3 (VIOLATED)
hold16190/X                              10     13     -3 (VIOLATED)
hold16245/X                              10     13     -3 (VIOLATED)
hold16287/X                              10     13     -3 (VIOLATED)
hold16294/X                              10     13     -3 (VIOLATED)
hold16371/X                              10     13     -3 (VIOLATED)
hold16401/X                              10     13     -3 (VIOLATED)
hold16500/X                              10     13     -3 (VIOLATED)
hold16514/X                              10     13     -3 (VIOLATED)
hold16555/X                              10     13     -3 (VIOLATED)
hold16561/X                              10     13     -3 (VIOLATED)
hold16586/X                              10     13     -3 (VIOLATED)
hold16598/X                              10     13     -3 (VIOLATED)
hold16620/X                              10     13     -3 (VIOLATED)
hold16657/X                              10     13     -3 (VIOLATED)
hold16711/X                              10     13     -3 (VIOLATED)
hold16741/X                              10     13     -3 (VIOLATED)
hold16761/X                              10     13     -3 (VIOLATED)
hold16807/X                              10     13     -3 (VIOLATED)
hold16823/X                              10     13     -3 (VIOLATED)
hold16846/X                              10     13     -3 (VIOLATED)
hold16890/X                              10     13     -3 (VIOLATED)
hold16894/X                              10     13     -3 (VIOLATED)
hold16902/X                              10     13     -3 (VIOLATED)
hold16906/X                              10     13     -3 (VIOLATED)
hold16974/X                              10     13     -3 (VIOLATED)
hold17008/X                              10     13     -3 (VIOLATED)
hold17044/X                              10     13     -3 (VIOLATED)
hold17078/X                              10     13     -3 (VIOLATED)
hold17104/X                              10     13     -3 (VIOLATED)
hold17112/X                              10     13     -3 (VIOLATED)
hold17119/X                              10     13     -3 (VIOLATED)
hold17132/X                              10     13     -3 (VIOLATED)
hold17138/X                              10     13     -3 (VIOLATED)
hold17258/X                              10     13     -3 (VIOLATED)
hold17280/X                              10     13     -3 (VIOLATED)
hold17325/X                              10     13     -3 (VIOLATED)
hold17363/X                              10     13     -3 (VIOLATED)
hold17395/X                              10     13     -3 (VIOLATED)
hold17467/X                              10     13     -3 (VIOLATED)
hold17476/X                              10     13     -3 (VIOLATED)
hold17479/X                              10     13     -3 (VIOLATED)
hold17483/X                              10     13     -3 (VIOLATED)
hold17500/X                              10     13     -3 (VIOLATED)
hold17505/X                              10     13     -3 (VIOLATED)
hold17603/X                              10     13     -3 (VIOLATED)
hold17611/X                              10     13     -3 (VIOLATED)
hold17620/X                              10     13     -3 (VIOLATED)
hold17643/X                              10     13     -3 (VIOLATED)
hold17659/X                              10     13     -3 (VIOLATED)
hold17671/X                              10     13     -3 (VIOLATED)
hold22910/X                              10     13     -3 (VIOLATED)
hold24605/X                              10     13     -3 (VIOLATED)
hold24871/X                              10     13     -3 (VIOLATED)
hold25032/X                              10     13     -3 (VIOLATED)
hold25258/X                              10     13     -3 (VIOLATED)
hold25281/X                              10     13     -3 (VIOLATED)
hold25389/X                              10     13     -3 (VIOLATED)
hold25400/X                              10     13     -3 (VIOLATED)
hold25422/X                              10     13     -3 (VIOLATED)
hold25622/X                              10     13     -3 (VIOLATED)
hold25659/X                              10     13     -3 (VIOLATED)
hold26087/X                              10     13     -3 (VIOLATED)
hold26103/X                              10     13     -3 (VIOLATED)
hold26143/X                              10     13     -3 (VIOLATED)
hold26229/X                              10     13     -3 (VIOLATED)
hold26319/X                              10     13     -3 (VIOLATED)
hold26527/X                              10     13     -3 (VIOLATED)
hold26591/X                              10     13     -3 (VIOLATED)
hold26624/X                              10     13     -3 (VIOLATED)
hold26643/X                              10     13     -3 (VIOLATED)
hold26704/X                              10     13     -3 (VIOLATED)
hold26815/X                              10     13     -3 (VIOLATED)
hold26836/X                              10     13     -3 (VIOLATED)
hold26968/X                              10     13     -3 (VIOLATED)
hold27021/X                              10     13     -3 (VIOLATED)
hold27124/X                              10     13     -3 (VIOLATED)
hold27169/X                              10     13     -3 (VIOLATED)
hold27226/X                              10     13     -3 (VIOLATED)
hold27238/X                              10     13     -3 (VIOLATED)
hold27315/X                              10     13     -3 (VIOLATED)
hold27351/X                              10     13     -3 (VIOLATED)
hold27535/X                              10     13     -3 (VIOLATED)
hold27650/X                              10     13     -3 (VIOLATED)
hold27664/X                              10     13     -3 (VIOLATED)
hold27864/X                              10     13     -3 (VIOLATED)
hold28080/X                              10     13     -3 (VIOLATED)
hold28084/X                              10     13     -3 (VIOLATED)
hold28100/X                              10     13     -3 (VIOLATED)
hold28302/X                              10     13     -3 (VIOLATED)
hold28872/X                              10     13     -3 (VIOLATED)
hold29056/X                              10     13     -3 (VIOLATED)
hold29973/X                              10     13     -3 (VIOLATED)
hold30114/X                              10     13     -3 (VIOLATED)
hold30142/X                              10     13     -3 (VIOLATED)
hold30293/X                              10     13     -3 (VIOLATED)
hold30433/X                              10     13     -3 (VIOLATED)
hold30501/X                              10     13     -3 (VIOLATED)
hold30505/X                              10     13     -3 (VIOLATED)
hold30616/X                              10     13     -3 (VIOLATED)
hold30781/X                              10     13     -3 (VIOLATED)
hold30815/X                              10     13     -3 (VIOLATED)
hold30831/X                              10     13     -3 (VIOLATED)
hold30877/X                              10     13     -3 (VIOLATED)
hold31037/X                              10     13     -3 (VIOLATED)
hold31114/X                              10     13     -3 (VIOLATED)
hold31181/X                              10     13     -3 (VIOLATED)
hold31196/X                              10     13     -3 (VIOLATED)
hold31435/X                              10     13     -3 (VIOLATED)
hold3147/X                               10     13     -3 (VIOLATED)
hold31484/X                              10     13     -3 (VIOLATED)
hold31644/X                              10     13     -3 (VIOLATED)
hold31709/X                              10     13     -3 (VIOLATED)
hold31767/X                              10     13     -3 (VIOLATED)
hold31796/X                              10     13     -3 (VIOLATED)
hold31873/X                              10     13     -3 (VIOLATED)
hold31987/X                              10     13     -3 (VIOLATED)
hold32085/X                              10     13     -3 (VIOLATED)
hold32240/X                              10     13     -3 (VIOLATED)
hold32272/X                              10     13     -3 (VIOLATED)
hold38929/X                              10     13     -3 (VIOLATED)
hold456/X                                10     13     -3 (VIOLATED)
hold6607/X                               10     13     -3 (VIOLATED)
hold6944/X                               10     13     -3 (VIOLATED)
hold72/X                                 10     13     -3 (VIOLATED)
hold7697/X                               10     13     -3 (VIOLATED)
hold9334/X                               10     13     -3 (VIOLATED)
hold97/X                                 10     13     -3 (VIOLATED)
hold9852/X                               10     13     -3 (VIOLATED)
hold9877/X                               10     13     -3 (VIOLATED)
max_length1315/X                         10     13     -3 (VIOLATED)
max_length7089/X                         10     13     -3 (VIOLATED)
wire1025/X                               10     13     -3 (VIOLATED)
wire1069/X                               10     13     -3 (VIOLATED)
wire1096/X                               10     13     -3 (VIOLATED)
wire1134/X                               10     13     -3 (VIOLATED)
wire1153/X                               10     13     -3 (VIOLATED)
wire1173/X                               10     13     -3 (VIOLATED)
wire1178/X                               10     13     -3 (VIOLATED)
wire1279/X                               10     13     -3 (VIOLATED)
wire1301/X                               10     13     -3 (VIOLATED)
wire1304/X                               10     13     -3 (VIOLATED)
wire1307/X                               10     13     -3 (VIOLATED)
wire1317/X                               10     13     -3 (VIOLATED)
wire1346/X                               10     13     -3 (VIOLATED)
wire1352/X                               10     13     -3 (VIOLATED)
wire1364/X                               10     13     -3 (VIOLATED)
wire1386/X                               10     13     -3 (VIOLATED)
wire1393/X                               10     13     -3 (VIOLATED)
wire1398/X                               10     13     -3 (VIOLATED)
wire1422/X                               10     13     -3 (VIOLATED)
wire1489/X                               10     13     -3 (VIOLATED)
wire1524/X                               10     13     -3 (VIOLATED)
wire1542/X                               10     13     -3 (VIOLATED)
wire2576/X                               10     13     -3 (VIOLATED)
wire3138/X                               10     13     -3 (VIOLATED)
wire3147/X                               10     13     -3 (VIOLATED)
wire3151/X                               10     13     -3 (VIOLATED)
wire453/X                                10     13     -3 (VIOLATED)
wire463/X                                10     13     -3 (VIOLATED)
wire5398/X                               10     13     -3 (VIOLATED)
wire6341/X                               10     13     -3 (VIOLATED)
wire6344/X                               10     13     -3 (VIOLATED)
wire6577/X                               10     13     -3 (VIOLATED)
wire6969/X                               10     13     -3 (VIOLATED)
wire6996/X                               10     13     -3 (VIOLATED)
wire7017/X                               10     13     -3 (VIOLATED)
wire7031/X                               10     13     -3 (VIOLATED)
wire7045/X                               10     13     -3 (VIOLATED)
wire7057/X                               10     13     -3 (VIOLATED)
wire7071/X                               10     13     -3 (VIOLATED)
wire7114/X                               10     13     -3 (VIOLATED)
wire7222/X                               10     13     -3 (VIOLATED)
wire7308/X                               10     13     -3 (VIOLATED)
wire7355/X                               10     13     -3 (VIOLATED)
wire7371/X                               10     13     -3 (VIOLATED)
wire7385/X                               10     13     -3 (VIOLATED)
wire7486/X                               10     13     -3 (VIOLATED)
wire7511/X                               10     13     -3 (VIOLATED)
wire889/X                                10     13     -3 (VIOLATED)
wire900/X                                10     13     -3 (VIOLATED)
wire910/X                                10     13     -3 (VIOLATED)
wire934/X                                10     13     -3 (VIOLATED)
wire953/X                                10     13     -3 (VIOLATED)
clkbuf_leaf_946_wb_clk_i/X               10     12     -2 (VIOLATED)
clkbuf_leaf_969_wb_clk_i/X               10     12     -2 (VIOLATED)
clkbuf_leaf_982_wb_clk_i/X               10     12     -2 (VIOLATED)
fanout2855/X                             10     12     -2 (VIOLATED)
hold25218/X                              10     12     -2 (VIOLATED)
hold25794/X                              10     12     -2 (VIOLATED)
hold28680/X                              10     12     -2 (VIOLATED)
hold30184/X                              10     12     -2 (VIOLATED)
_060724_/Y                               10     11        (VIOLATED)
_060863_/Y                               10     11        (VIOLATED)
_064596_/Y                               10     11        (VIOLATED)
_066338_/X                               10     11        (VIOLATED)
_067719_/X                               10     11        (VIOLATED)
_070389_/Y                               10     11        (VIOLATED)
_071134_/Y                               10     11        (VIOLATED)
_072648_/Y                               10     11        (VIOLATED)
_073017_/Y                               10     11        (VIOLATED)
_074521_/Y                               10     11        (VIOLATED)
_075668_/Y                               10     11        (VIOLATED)
_076004_/Y                               10     11        (VIOLATED)
_076433_/Y                               10     11        (VIOLATED)
_076576_/X                               10     11        (VIOLATED)
_076979_/X                               10     11        (VIOLATED)
_077120_/X                               10     11        (VIOLATED)
_077593_/Y                               10     11        (VIOLATED)
_079574_/Y                               10     11        (VIOLATED)
_080033_/Y                               10     11        (VIOLATED)
_080685_/Y                               10     11        (VIOLATED)
_081663_/X                               10     11        (VIOLATED)
_082338_/X                               10     11        (VIOLATED)
_082776_/X                               10     11        (VIOLATED)
_084995_/Y                               10     11        (VIOLATED)
_089985_/X                               10     11        (VIOLATED)
_090390_/Y                               10     11        (VIOLATED)
_091171_/X                               10     11        (VIOLATED)
_093540_/X                               10     11        (VIOLATED)
_093664_/X                               10     11        (VIOLATED)
_093672_/Y                               10     11        (VIOLATED)
_094546_/X                               10     11        (VIOLATED)
_095396_/X                               10     11        (VIOLATED)
_095404_/Y                               10     11        (VIOLATED)
_096293_/X                               10     11        (VIOLATED)
_098229_/Y                               10     11        (VIOLATED)
_098512_/Y                               10     11        (VIOLATED)
_098803_/X                               10     11        (VIOLATED)
_099187_/Y                               10     11        (VIOLATED)
_100031_/X                               10     11        (VIOLATED)
_100754_/Y                               10     11        (VIOLATED)
_101511_/Y                               10     11        (VIOLATED)
_102102_/X                               10     11        (VIOLATED)
_103337_/Y                               10     11        (VIOLATED)
_103417_/X                               10     11        (VIOLATED)
_103972_/X                               10     11        (VIOLATED)
_104929_/Y                               10     11        (VIOLATED)
_104936_/Y                               10     11        (VIOLATED)
_106310_/X                               10     11        (VIOLATED)
_106435_/X                               10     11        (VIOLATED)
_107252_/X                               10     11        (VIOLATED)
_108327_/Y                               10     11        (VIOLATED)
_109144_/Y                               10     11        (VIOLATED)
_109557_/Y                               10     11        (VIOLATED)
_109718_/X                               10     11        (VIOLATED)
_112860_/Y                               10     11        (VIOLATED)
_121702_/Q                               10     11        (VIOLATED)
_121705_/Q                               10     11        (VIOLATED)
_121749_/Q                               10     11        (VIOLATED)
_121846_/Q                               10     11        (VIOLATED)
_121849_/Q                               10     11        (VIOLATED)
_122078_/Q                               10     11        (VIOLATED)
clkbuf_7_38__f_wb_clk_i/X                10     11        (VIOLATED)
clkbuf_7_39__f_wb_clk_i/X                10     11        (VIOLATED)
clkbuf_7_4__f_wb_clk_i/X                 10     11        (VIOLATED)
clkbuf_7_5__f_wb_clk_i/X                 10     11        (VIOLATED)
clkbuf_leaf_1009_wb_clk_i/X              10     11        (VIOLATED)
clkbuf_leaf_1221_wb_clk_i/X              10     11        (VIOLATED)
clkbuf_leaf_1263_wb_clk_i/X              10     11        (VIOLATED)
clkbuf_leaf_1312_wb_clk_i/X              10     11        (VIOLATED)
clkbuf_leaf_842_wb_clk_i/X               10     11        (VIOLATED)
clkbuf_leaf_972_wb_clk_i/X               10     11        (VIOLATED)
clkbuf_leaf_979_wb_clk_i/X               10     11        (VIOLATED)
clkbuf_leaf_987_wb_clk_i/X               10     11        (VIOLATED)
fanout1033/X                             10     11        (VIOLATED)
fanout1054/X                             10     11        (VIOLATED)
fanout1057/X                             10     11        (VIOLATED)
fanout1063/X                             10     11        (VIOLATED)
fanout1066/X                             10     11        (VIOLATED)
fanout1075/X                             10     11        (VIOLATED)
fanout1080/X                             10     11        (VIOLATED)
fanout1125/X                             10     11        (VIOLATED)
fanout1152/X                             10     11        (VIOLATED)
fanout1184/X                             10     11        (VIOLATED)
fanout1205/X                             10     11        (VIOLATED)
fanout1226/X                             10     11        (VIOLATED)
fanout1267/X                             10     11        (VIOLATED)
fanout1284/X                             10     11        (VIOLATED)
fanout1316/X                             10     11        (VIOLATED)
fanout1325/X                             10     11        (VIOLATED)
fanout1342/X                             10     11        (VIOLATED)
fanout1363/X                             10     11        (VIOLATED)
fanout1459/X                             10     11        (VIOLATED)
fanout1485/X                             10     11        (VIOLATED)
fanout150/X                              10     11        (VIOLATED)
fanout1511/X                             10     11        (VIOLATED)
fanout1596/X                             10     11        (VIOLATED)
fanout1718/X                             10     11        (VIOLATED)
fanout1729/X                             10     11        (VIOLATED)
fanout1733/X                             10     11        (VIOLATED)
fanout1734/X                             10     11        (VIOLATED)
fanout1758/X                             10     11        (VIOLATED)
fanout1764/X                             10     11        (VIOLATED)
fanout1769/X                             10     11        (VIOLATED)
fanout1775/X                             10     11        (VIOLATED)
fanout1781/X                             10     11        (VIOLATED)
fanout1793/X                             10     11        (VIOLATED)
fanout1809/X                             10     11        (VIOLATED)
fanout182/X                              10     11        (VIOLATED)
fanout1821/X                             10     11        (VIOLATED)
fanout1843/X                             10     11        (VIOLATED)
fanout1877/X                             10     11        (VIOLATED)
fanout1891/X                             10     11        (VIOLATED)
fanout1893/X                             10     11        (VIOLATED)
fanout1904/X                             10     11        (VIOLATED)
fanout1906/X                             10     11        (VIOLATED)
fanout1914/X                             10     11        (VIOLATED)
fanout1925/X                             10     11        (VIOLATED)
fanout1927/X                             10     11        (VIOLATED)
fanout1929/X                             10     11        (VIOLATED)
fanout1930/X                             10     11        (VIOLATED)
fanout1932/X                             10     11        (VIOLATED)
fanout1938/X                             10     11        (VIOLATED)
fanout1947/X                             10     11        (VIOLATED)
fanout1951/X                             10     11        (VIOLATED)
fanout1955/X                             10     11        (VIOLATED)
fanout1969/X                             10     11        (VIOLATED)
fanout1978/X                             10     11        (VIOLATED)
fanout1981/X                             10     11        (VIOLATED)
fanout1989/X                             10     11        (VIOLATED)
fanout1990/X                             10     11        (VIOLATED)
fanout2060/X                             10     11        (VIOLATED)
fanout2061/X                             10     11        (VIOLATED)
fanout2078/X                             10     11        (VIOLATED)
fanout2079/X                             10     11        (VIOLATED)
fanout208/X                              10     11        (VIOLATED)
fanout2081/X                             10     11        (VIOLATED)
fanout2092/X                             10     11        (VIOLATED)
fanout2102/X                             10     11        (VIOLATED)
fanout212/X                              10     11        (VIOLATED)
fanout2138/X                             10     11        (VIOLATED)
fanout2139/X                             10     11        (VIOLATED)
fanout2143/X                             10     11        (VIOLATED)
fanout2164/X                             10     11        (VIOLATED)
fanout2170/X                             10     11        (VIOLATED)
fanout2171/X                             10     11        (VIOLATED)
fanout2173/X                             10     11        (VIOLATED)
fanout2195/X                             10     11        (VIOLATED)
fanout2209/X                             10     11        (VIOLATED)
fanout2220/X                             10     11        (VIOLATED)
fanout2234/X                             10     11        (VIOLATED)
fanout2236/X                             10     11        (VIOLATED)
fanout2260/X                             10     11        (VIOLATED)
fanout2281/X                             10     11        (VIOLATED)
fanout2282/X                             10     11        (VIOLATED)
fanout2289/X                             10     11        (VIOLATED)
fanout2295/X                             10     11        (VIOLATED)
fanout2300/X                             10     11        (VIOLATED)
fanout2317/X                             10     11        (VIOLATED)
fanout2340/X                             10     11        (VIOLATED)
fanout2344/X                             10     11        (VIOLATED)
fanout2350/X                             10     11        (VIOLATED)
fanout2354/X                             10     11        (VIOLATED)
fanout2363/X                             10     11        (VIOLATED)
fanout2369/X                             10     11        (VIOLATED)
fanout2388/X                             10     11        (VIOLATED)
fanout2394/X                             10     11        (VIOLATED)
fanout2396/X                             10     11        (VIOLATED)
fanout2401/X                             10     11        (VIOLATED)
fanout2429/X                             10     11        (VIOLATED)
fanout2445/X                             10     11        (VIOLATED)
fanout2453/X                             10     11        (VIOLATED)
fanout2464/X                             10     11        (VIOLATED)
fanout2465/X                             10     11        (VIOLATED)
fanout2473/X                             10     11        (VIOLATED)
fanout2486/X                             10     11        (VIOLATED)
fanout2489/X                             10     11        (VIOLATED)
fanout2493/X                             10     11        (VIOLATED)
fanout2498/X                             10     11        (VIOLATED)
fanout2500/X                             10     11        (VIOLATED)
fanout2510/X                             10     11        (VIOLATED)
fanout2531/X                             10     11        (VIOLATED)
fanout2532/X                             10     11        (VIOLATED)
fanout2555/X                             10     11        (VIOLATED)
fanout2558/X                             10     11        (VIOLATED)
fanout2583/X                             10     11        (VIOLATED)
fanout2590/X                             10     11        (VIOLATED)
fanout2591/X                             10     11        (VIOLATED)
fanout2619/X                             10     11        (VIOLATED)
fanout2622/X                             10     11        (VIOLATED)
fanout2633/X                             10     11        (VIOLATED)
fanout2656/X                             10     11        (VIOLATED)
fanout2705/X                             10     11        (VIOLATED)
fanout2715/X                             10     11        (VIOLATED)
fanout2728/X                             10     11        (VIOLATED)
fanout2730/X                             10     11        (VIOLATED)
fanout2744/X                             10     11        (VIOLATED)
fanout2755/X                             10     11        (VIOLATED)
fanout2761/X                             10     11        (VIOLATED)
fanout2762/X                             10     11        (VIOLATED)
fanout2772/X                             10     11        (VIOLATED)
fanout2773/X                             10     11        (VIOLATED)
fanout2785/X                             10     11        (VIOLATED)
fanout2786/X                             10     11        (VIOLATED)
fanout2809/X                             10     11        (VIOLATED)
fanout2810/X                             10     11        (VIOLATED)
fanout2813/X                             10     11        (VIOLATED)
fanout2839/X                             10     11        (VIOLATED)
fanout2848/X                             10     11        (VIOLATED)
fanout2850/X                             10     11        (VIOLATED)
fanout2879/X                             10     11        (VIOLATED)
fanout2880/X                             10     11        (VIOLATED)
fanout2887/X                             10     11        (VIOLATED)
fanout2907/X                             10     11        (VIOLATED)
fanout2912/X                             10     11        (VIOLATED)
fanout2917/X                             10     11        (VIOLATED)
fanout2918/X                             10     11        (VIOLATED)
fanout2932/X                             10     11        (VIOLATED)
fanout294/X                              10     11        (VIOLATED)
fanout2950/X                             10     11        (VIOLATED)
fanout2956/X                             10     11        (VIOLATED)
fanout2968/X                             10     11        (VIOLATED)
fanout2974/X                             10     11        (VIOLATED)
fanout2975/X                             10     11        (VIOLATED)
fanout2996/X                             10     11        (VIOLATED)
fanout2999/X                             10     11        (VIOLATED)
fanout3021/X                             10     11        (VIOLATED)
fanout3065/X                             10     11        (VIOLATED)
fanout3085/X                             10     11        (VIOLATED)
fanout3100/X                             10     11        (VIOLATED)
fanout3103/X                             10     11        (VIOLATED)
fanout3124/X                             10     11        (VIOLATED)
fanout3136/X                             10     11        (VIOLATED)
fanout3143/X                             10     11        (VIOLATED)
fanout3146/X                             10     11        (VIOLATED)
fanout3154/X                             10     11        (VIOLATED)
fanout3159/X                             10     11        (VIOLATED)
fanout316/X                              10     11        (VIOLATED)
fanout3163/X                             10     11        (VIOLATED)
fanout318/X                              10     11        (VIOLATED)
fanout3183/X                             10     11        (VIOLATED)
fanout3219/X                             10     11        (VIOLATED)
fanout3241/X                             10     11        (VIOLATED)
fanout3253/X                             10     11        (VIOLATED)
fanout3295/X                             10     11        (VIOLATED)
fanout3304/X                             10     11        (VIOLATED)
fanout3332/X                             10     11        (VIOLATED)
fanout3336/X                             10     11        (VIOLATED)
fanout3366/X                             10     11        (VIOLATED)
fanout3370/X                             10     11        (VIOLATED)
fanout3381/X                             10     11        (VIOLATED)
fanout3391/X                             10     11        (VIOLATED)
fanout3420/X                             10     11        (VIOLATED)
fanout3422/X                             10     11        (VIOLATED)
fanout3425/X                             10     11        (VIOLATED)
fanout3450/X                             10     11        (VIOLATED)
fanout3453/X                             10     11        (VIOLATED)
fanout3464/X                             10     11        (VIOLATED)
fanout3481/X                             10     11        (VIOLATED)
fanout3483/X                             10     11        (VIOLATED)
fanout3519/X                             10     11        (VIOLATED)
fanout3523/X                             10     11        (VIOLATED)
fanout397/X                              10     11        (VIOLATED)
fanout4073/X                             10     11        (VIOLATED)
fanout4081/X                             10     11        (VIOLATED)
fanout4096/X                             10     11        (VIOLATED)
fanout4115/X                             10     11        (VIOLATED)
fanout4133/X                             10     11        (VIOLATED)
fanout4168/X                             10     11        (VIOLATED)
fanout4172/X                             10     11        (VIOLATED)
fanout4173/X                             10     11        (VIOLATED)
fanout418/X                              10     11        (VIOLATED)
fanout421/X                              10     11        (VIOLATED)
fanout4229/X                             10     11        (VIOLATED)
fanout431/X                              10     11        (VIOLATED)
fanout4338/X                             10     11        (VIOLATED)
fanout4350/X                             10     11        (VIOLATED)
fanout436/X                              10     11        (VIOLATED)
fanout4379/X                             10     11        (VIOLATED)
fanout448/X                              10     11        (VIOLATED)
fanout4583/X                             10     11        (VIOLATED)
fanout4698/X                             10     11        (VIOLATED)
fanout4735/X                             10     11        (VIOLATED)
fanout4751/X                             10     11        (VIOLATED)
fanout4755/X                             10     11        (VIOLATED)
fanout4783/X                             10     11        (VIOLATED)
fanout4825/X                             10     11        (VIOLATED)
fanout4826/X                             10     11        (VIOLATED)
fanout4868/X                             10     11        (VIOLATED)
fanout4932/X                             10     11        (VIOLATED)
fanout5051/X                             10     11        (VIOLATED)
fanout5072/X                             10     11        (VIOLATED)
fanout5106/X                             10     11        (VIOLATED)
fanout5148/X                             10     11        (VIOLATED)
fanout5179/X                             10     11        (VIOLATED)
fanout5251/X                             10     11        (VIOLATED)
fanout5252/X                             10     11        (VIOLATED)
fanout5273/X                             10     11        (VIOLATED)
fanout5282/X                             10     11        (VIOLATED)
fanout5289/X                             10     11        (VIOLATED)
fanout5306/X                             10     11        (VIOLATED)
fanout5339/X                             10     11        (VIOLATED)
fanout5416/X                             10     11        (VIOLATED)
fanout5417/X                             10     11        (VIOLATED)
fanout5492/X                             10     11        (VIOLATED)
fanout5519/X                             10     11        (VIOLATED)
fanout5562/X                             10     11        (VIOLATED)
fanout5583/X                             10     11        (VIOLATED)
fanout5588/X                             10     11        (VIOLATED)
fanout5594/X                             10     11        (VIOLATED)
fanout5617/X                             10     11        (VIOLATED)
fanout5676/X                             10     11        (VIOLATED)
fanout5686/X                             10     11        (VIOLATED)
fanout5714/X                             10     11        (VIOLATED)
fanout5738/X                             10     11        (VIOLATED)
fanout5758/X                             10     11        (VIOLATED)
fanout5766/X                             10     11        (VIOLATED)
fanout5798/X                             10     11        (VIOLATED)
fanout5840/X                             10     11        (VIOLATED)
fanout5867/X                             10     11        (VIOLATED)
fanout5876/X                             10     11        (VIOLATED)
fanout5926/X                             10     11        (VIOLATED)
fanout5982/X                             10     11        (VIOLATED)
fanout6158/X                             10     11        (VIOLATED)
fanout6161/X                             10     11        (VIOLATED)
fanout6301/X                             10     11        (VIOLATED)
fanout6305/X                             10     11        (VIOLATED)
fanout6306/X                             10     11        (VIOLATED)
fanout6313/X                             10     11        (VIOLATED)
fanout6336/X                             10     11        (VIOLATED)
fanout6340/X                             10     11        (VIOLATED)
fanout6348/X                             10     11        (VIOLATED)
fanout6372/X                             10     11        (VIOLATED)
fanout6376/X                             10     11        (VIOLATED)
fanout6381/X                             10     11        (VIOLATED)
fanout6382/X                             10     11        (VIOLATED)
fanout6391/X                             10     11        (VIOLATED)
fanout6394/X                             10     11        (VIOLATED)
fanout6396/X                             10     11        (VIOLATED)
fanout6433/X                             10     11        (VIOLATED)
fanout6436/X                             10     11        (VIOLATED)
fanout6455/X                             10     11        (VIOLATED)
fanout6459/X                             10     11        (VIOLATED)
fanout6468/X                             10     11        (VIOLATED)
fanout6471/X                             10     11        (VIOLATED)
fanout6483/X                             10     11        (VIOLATED)
fanout6497/X                             10     11        (VIOLATED)
fanout6503/X                             10     11        (VIOLATED)
fanout6506/X                             10     11        (VIOLATED)
fanout6525/X                             10     11        (VIOLATED)
fanout6547/X                             10     11        (VIOLATED)
fanout6548/X                             10     11        (VIOLATED)
fanout6551/X                             10     11        (VIOLATED)
fanout6555/X                             10     11        (VIOLATED)
fanout6563/X                             10     11        (VIOLATED)
fanout6566/X                             10     11        (VIOLATED)
fanout6569/X                             10     11        (VIOLATED)
fanout6570/X                             10     11        (VIOLATED)
fanout6576/X                             10     11        (VIOLATED)
fanout6612/X                             10     11        (VIOLATED)
fanout6614/X                             10     11        (VIOLATED)
fanout6615/X                             10     11        (VIOLATED)
fanout6628/X                             10     11        (VIOLATED)
fanout6630/X                             10     11        (VIOLATED)
fanout6641/X                             10     11        (VIOLATED)
fanout6645/X                             10     11        (VIOLATED)
fanout6648/X                             10     11        (VIOLATED)
fanout6669/X                             10     11        (VIOLATED)
fanout6679/X                             10     11        (VIOLATED)
fanout6692/X                             10     11        (VIOLATED)
fanout671/X                              10     11        (VIOLATED)
fanout6718/X                             10     11        (VIOLATED)
fanout6728/X                             10     11        (VIOLATED)
fanout6733/X                             10     11        (VIOLATED)
fanout6742/X                             10     11        (VIOLATED)
fanout6757/X                             10     11        (VIOLATED)
fanout6758/X                             10     11        (VIOLATED)
fanout676/X                              10     11        (VIOLATED)
fanout6761/X                             10     11        (VIOLATED)
fanout6775/X                             10     11        (VIOLATED)
fanout6778/X                             10     11        (VIOLATED)
fanout6780/X                             10     11        (VIOLATED)
fanout6785/X                             10     11        (VIOLATED)
fanout681/X                              10     11        (VIOLATED)
fanout6928/X                             10     11        (VIOLATED)
fanout6958/X                             10     11        (VIOLATED)
fanout6968/X                             10     11        (VIOLATED)
fanout6995/X                             10     11        (VIOLATED)
fanout7044/X                             10     11        (VIOLATED)
fanout7056/X                             10     11        (VIOLATED)
fanout7059/X                             10     11        (VIOLATED)
fanout7060/X                             10     11        (VIOLATED)
fanout707/X                              10     11        (VIOLATED)
fanout7086/X                             10     11        (VIOLATED)
fanout7101/X                             10     11        (VIOLATED)
fanout7131/X                             10     11        (VIOLATED)
fanout7177/X                             10     11        (VIOLATED)
fanout7179/X                             10     11        (VIOLATED)
fanout7192/X                             10     11        (VIOLATED)
fanout7225/X                             10     11        (VIOLATED)
fanout7249/X                             10     11        (VIOLATED)
fanout7256/X                             10     11        (VIOLATED)
fanout7260/X                             10     11        (VIOLATED)
fanout7262/X                             10     11        (VIOLATED)
fanout7271/X                             10     11        (VIOLATED)
fanout7277/X                             10     11        (VIOLATED)
fanout7279/X                             10     11        (VIOLATED)
fanout7292/X                             10     11        (VIOLATED)
fanout7298/X                             10     11        (VIOLATED)
fanout7304/X                             10     11        (VIOLATED)
fanout7327/X                             10     11        (VIOLATED)
fanout7402/X                             10     11        (VIOLATED)
fanout824/X                              10     11        (VIOLATED)
fanout825/X                              10     11        (VIOLATED)
fanout837/X                              10     11        (VIOLATED)
fanout844/X                              10     11        (VIOLATED)
fanout858/X                              10     11        (VIOLATED)
fanout864/X                              10     11        (VIOLATED)
fanout873/X                              10     11        (VIOLATED)
fanout874/X                              10     11        (VIOLATED)
fanout882/X                              10     11        (VIOLATED)
fanout884/X                              10     11        (VIOLATED)
fanout887/X                              10     11        (VIOLATED)
fanout893/X                              10     11        (VIOLATED)
fanout899/X                              10     11        (VIOLATED)
fanout924/X                              10     11        (VIOLATED)
fanout978/X                              10     11        (VIOLATED)
hold10065/X                              10     11        (VIOLATED)
hold1008/X                               10     11        (VIOLATED)
hold10140/X                              10     11        (VIOLATED)
hold10492/X                              10     11        (VIOLATED)
hold10792/X                              10     11        (VIOLATED)
hold10858/X                              10     11        (VIOLATED)
hold11130/X                              10     11        (VIOLATED)
hold11235/X                              10     11        (VIOLATED)
hold12085/X                              10     11        (VIOLATED)
hold12561/X                              10     11        (VIOLATED)
hold12573/X                              10     11        (VIOLATED)
hold12644/X                              10     11        (VIOLATED)
hold12672/X                              10     11        (VIOLATED)
hold12730/X                              10     11        (VIOLATED)
hold13111/X                              10     11        (VIOLATED)
hold13235/X                              10     11        (VIOLATED)
hold13318/X                              10     11        (VIOLATED)
hold13656/X                              10     11        (VIOLATED)
hold13757/X                              10     11        (VIOLATED)
hold13851/X                              10     11        (VIOLATED)
hold14340/X                              10     11        (VIOLATED)
hold14385/X                              10     11        (VIOLATED)
hold14451/X                              10     11        (VIOLATED)
hold14744/X                              10     11        (VIOLATED)
hold14940/X                              10     11        (VIOLATED)
hold14980/X                              10     11        (VIOLATED)
hold15022/X                              10     11        (VIOLATED)
hold15038/X                              10     11        (VIOLATED)
hold15073/X                              10     11        (VIOLATED)
hold15081/X                              10     11        (VIOLATED)
hold15128/X                              10     11        (VIOLATED)
hold15219/X                              10     11        (VIOLATED)
hold15269/X                              10     11        (VIOLATED)
hold15299/X                              10     11        (VIOLATED)
hold15367/X                              10     11        (VIOLATED)
hold15379/X                              10     11        (VIOLATED)
hold15408/X                              10     11        (VIOLATED)
hold15422/X                              10     11        (VIOLATED)
hold15435/X                              10     11        (VIOLATED)
hold15462/X                              10     11        (VIOLATED)
hold15469/X                              10     11        (VIOLATED)
hold15472/X                              10     11        (VIOLATED)
hold15494/X                              10     11        (VIOLATED)
hold15526/X                              10     11        (VIOLATED)
hold15559/X                              10     11        (VIOLATED)
hold15568/X                              10     11        (VIOLATED)
hold15595/X                              10     11        (VIOLATED)
hold15621/X                              10     11        (VIOLATED)
hold15639/X                              10     11        (VIOLATED)
hold15709/X                              10     11        (VIOLATED)
hold15724/X                              10     11        (VIOLATED)
hold15758/X                              10     11        (VIOLATED)
hold15791/X                              10     11        (VIOLATED)
hold15808/X                              10     11        (VIOLATED)
hold15833/X                              10     11        (VIOLATED)
hold15835/X                              10     11        (VIOLATED)
hold15846/X                              10     11        (VIOLATED)
hold15929/X                              10     11        (VIOLATED)
hold15965/X                              10     11        (VIOLATED)
hold15967/X                              10     11        (VIOLATED)
hold15979/X                              10     11        (VIOLATED)
hold15982/X                              10     11        (VIOLATED)
hold15999/X                              10     11        (VIOLATED)
hold16022/X                              10     11        (VIOLATED)
hold16047/X                              10     11        (VIOLATED)
hold16055/X                              10     11        (VIOLATED)
hold16072/X                              10     11        (VIOLATED)
hold16122/X                              10     11        (VIOLATED)
hold16129/X                              10     11        (VIOLATED)
hold16196/X                              10     11        (VIOLATED)
hold16199/X                              10     11        (VIOLATED)
hold16213/X                              10     11        (VIOLATED)
hold16226/X                              10     11        (VIOLATED)
hold16242/X                              10     11        (VIOLATED)
hold16265/X                              10     11        (VIOLATED)
hold16270/X                              10     11        (VIOLATED)
hold16272/X                              10     11        (VIOLATED)
hold16273/X                              10     11        (VIOLATED)
hold16297/X                              10     11        (VIOLATED)
hold16299/X                              10     11        (VIOLATED)
hold16353/X                              10     11        (VIOLATED)
hold16469/X                              10     11        (VIOLATED)
hold16557/X                              10     11        (VIOLATED)
hold16565/X                              10     11        (VIOLATED)
hold16631/X                              10     11        (VIOLATED)
hold16640/X                              10     11        (VIOLATED)
hold16644/X                              10     11        (VIOLATED)
hold16664/X                              10     11        (VIOLATED)
hold16669/X                              10     11        (VIOLATED)
hold16687/X                              10     11        (VIOLATED)
hold16694/X                              10     11        (VIOLATED)
hold16697/X                              10     11        (VIOLATED)
hold16804/X                              10     11        (VIOLATED)
hold16820/X                              10     11        (VIOLATED)
hold16915/X                              10     11        (VIOLATED)
hold16927/X                              10     11        (VIOLATED)
hold16973/X                              10     11        (VIOLATED)
hold17034/X                              10     11        (VIOLATED)
hold17039/X                              10     11        (VIOLATED)
hold17111/X                              10     11        (VIOLATED)
hold17155/X                              10     11        (VIOLATED)
hold17181/X                              10     11        (VIOLATED)
hold17189/X                              10     11        (VIOLATED)
hold17244/X                              10     11        (VIOLATED)
hold17295/X                              10     11        (VIOLATED)
hold17309/X                              10     11        (VIOLATED)
hold17315/X                              10     11        (VIOLATED)
hold17318/X                              10     11        (VIOLATED)
hold17333/X                              10     11        (VIOLATED)
hold17358/X                              10     11        (VIOLATED)
hold17362/X                              10     11        (VIOLATED)
hold17391/X                              10     11        (VIOLATED)
hold17408/X                              10     11        (VIOLATED)
hold17416/X                              10     11        (VIOLATED)
hold17433/X                              10     11        (VIOLATED)
hold17438/X                              10     11        (VIOLATED)
hold17450/X                              10     11        (VIOLATED)
hold17458/X                              10     11        (VIOLATED)
hold17509/X                              10     11        (VIOLATED)
hold17544/X                              10     11        (VIOLATED)
hold17612/X                              10     11        (VIOLATED)
hold17631/X                              10     11        (VIOLATED)
hold17650/X                              10     11        (VIOLATED)
hold17656/X                              10     11        (VIOLATED)
hold17675/X                              10     11        (VIOLATED)
hold18401/X                              10     11        (VIOLATED)
hold18821/X                              10     11        (VIOLATED)
hold20491/X                              10     11        (VIOLATED)
hold22716/X                              10     11        (VIOLATED)
hold22850/X                              10     11        (VIOLATED)
hold22886/X                              10     11        (VIOLATED)
hold22920/X                              10     11        (VIOLATED)
hold22966/X                              10     11        (VIOLATED)
hold23000/X                              10     11        (VIOLATED)
hold23369/X                              10     11        (VIOLATED)
hold23472/X                              10     11        (VIOLATED)
hold23484/X                              10     11        (VIOLATED)
hold23604/X                              10     11        (VIOLATED)
hold23648/X                              10     11        (VIOLATED)
hold23688/X                              10     11        (VIOLATED)
hold23692/X                              10     11        (VIOLATED)
hold23700/X                              10     11        (VIOLATED)
hold23708/X                              10     11        (VIOLATED)
hold23724/X                              10     11        (VIOLATED)
hold23763/X                              10     11        (VIOLATED)
hold23842/X                              10     11        (VIOLATED)
hold23902/X                              10     11        (VIOLATED)
hold23926/X                              10     11        (VIOLATED)
hold23951/X                              10     11        (VIOLATED)
hold24025/X                              10     11        (VIOLATED)
hold24144/X                              10     11        (VIOLATED)
hold24160/X                              10     11        (VIOLATED)
hold24172/X                              10     11        (VIOLATED)
hold24180/X                              10     11        (VIOLATED)
hold24238/X                              10     11        (VIOLATED)
hold24278/X                              10     11        (VIOLATED)
hold24300/X                              10     11        (VIOLATED)
hold24315/X                              10     11        (VIOLATED)
hold24323/X                              10     11        (VIOLATED)
hold24346/X                              10     11        (VIOLATED)
hold24373/X                              10     11        (VIOLATED)
hold24380/X                              10     11        (VIOLATED)
hold24399/X                              10     11        (VIOLATED)
hold244/X                                10     11        (VIOLATED)
hold24420/X                              10     11        (VIOLATED)
hold24424/X                              10     11        (VIOLATED)
hold24454/X                              10     11        (VIOLATED)
hold24503/X                              10     11        (VIOLATED)
hold24518/X                              10     11        (VIOLATED)
hold24561/X                              10     11        (VIOLATED)
hold24569/X                              10     11        (VIOLATED)
hold24640/X                              10     11        (VIOLATED)
hold24648/X                              10     11        (VIOLATED)
hold24689/X                              10     11        (VIOLATED)
hold24705/X                              10     11        (VIOLATED)
hold24725/X                              10     11        (VIOLATED)
hold24733/X                              10     11        (VIOLATED)
hold24744/X                              10     11        (VIOLATED)
hold24759/X                              10     11        (VIOLATED)
hold24767/X                              10     11        (VIOLATED)
hold24894/X                              10     11        (VIOLATED)
hold24921/X                              10     11        (VIOLATED)
hold24925/X                              10     11        (VIOLATED)
hold24961/X                              10     11        (VIOLATED)
hold24965/X                              10     11        (VIOLATED)
hold24985/X                              10     11        (VIOLATED)
hold25022/X                              10     11        (VIOLATED)
hold25028/X                              10     11        (VIOLATED)
hold25036/X                              10     11        (VIOLATED)
hold25063/X                              10     11        (VIOLATED)
hold25079/X                              10     11        (VIOLATED)
hold25083/X                              10     11        (VIOLATED)
hold25123/X                              10     11        (VIOLATED)
hold25164/X                              10     11        (VIOLATED)
hold25172/X                              10     11        (VIOLATED)
hold25184/X                              10     11        (VIOLATED)
hold25195/X                              10     11        (VIOLATED)
hold25222/X                              10     11        (VIOLATED)
hold25285/X                              10     11        (VIOLATED)
hold25306/X                              10     11        (VIOLATED)
hold25368/X                              10     11        (VIOLATED)
hold25379/X                              10     11        (VIOLATED)
hold2538/X                               10     11        (VIOLATED)
hold25393/X                              10     11        (VIOLATED)
hold25404/X                              10     11        (VIOLATED)
hold25440/X                              10     11        (VIOLATED)
hold25454/X                              10     11        (VIOLATED)
hold25462/X                              10     11        (VIOLATED)
hold25505/X                              10     11        (VIOLATED)
hold25551/X                              10     11        (VIOLATED)
hold25558/X                              10     11        (VIOLATED)
hold2556/X                               10     11        (VIOLATED)
hold25585/X                              10     11        (VIOLATED)
hold25599/X                              10     11        (VIOLATED)
hold25610/X                              10     11        (VIOLATED)
hold25655/X                              10     11        (VIOLATED)
hold25663/X                              10     11        (VIOLATED)
hold25678/X                              10     11        (VIOLATED)
hold25686/X                              10     11        (VIOLATED)
hold25735/X                              10     11        (VIOLATED)
hold25750/X                              10     11        (VIOLATED)
hold25761/X                              10     11        (VIOLATED)
hold25798/X                              10     11        (VIOLATED)
hold25865/X                              10     11        (VIOLATED)
hold25879/X                              10     11        (VIOLATED)
hold25925/X                              10     11        (VIOLATED)
hold25936/X                              10     11        (VIOLATED)
hold25954/X                              10     11        (VIOLATED)
hold26043/X                              10     11        (VIOLATED)
hold26057/X                              10     11        (VIOLATED)
hold26064/X                              10     11        (VIOLATED)
hold26095/X                              10     11        (VIOLATED)
hold26111/X                              10     11        (VIOLATED)
hold26147/X                              10     11        (VIOLATED)
hold26207/X                              10     11        (VIOLATED)
hold26211/X                              10     11        (VIOLATED)
hold26215/X                              10     11        (VIOLATED)
hold26240/X                              10     11        (VIOLATED)
hold26291/X                              10     11        (VIOLATED)
hold26323/X                              10     11        (VIOLATED)
hold26327/X                              10     11        (VIOLATED)
hold26335/X                              10     11        (VIOLATED)
hold26339/X                              10     11        (VIOLATED)
hold26362/X                              10     11        (VIOLATED)
hold26366/X                              10     11        (VIOLATED)
hold26412/X                              10     11        (VIOLATED)
hold26428/X                              10     11        (VIOLATED)
hold26432/X                              10     11        (VIOLATED)
hold26545/X                              10     11        (VIOLATED)
hold26573/X                              10     11        (VIOLATED)
hold26602/X                              10     11        (VIOLATED)
hold26620/X                              10     11        (VIOLATED)
hold26684/X                              10     11        (VIOLATED)
hold26687/X                              10     11        (VIOLATED)
hold26696/X                              10     11        (VIOLATED)
hold26708/X                              10     11        (VIOLATED)
hold26733/X                              10     11        (VIOLATED)
hold26737/X                              10     11        (VIOLATED)
hold26755/X                              10     11        (VIOLATED)
hold26758/X                              10     11        (VIOLATED)
hold26794/X                              10     11        (VIOLATED)
hold26803/X                              10     11        (VIOLATED)
hold26807/X                              10     11        (VIOLATED)
hold26822/X                              10     11        (VIOLATED)
hold26867/X                              10     11        (VIOLATED)
hold26912/X                              10     11        (VIOLATED)
hold26916/X                              10     11        (VIOLATED)
hold26932/X                              10     11        (VIOLATED)
hold26976/X                              10     11        (VIOLATED)
hold27037/X                              10     11        (VIOLATED)
hold27079/X                              10     11        (VIOLATED)
hold27089/X                              10     11        (VIOLATED)
hold27093/X                              10     11        (VIOLATED)
hold27146/X                              10     11        (VIOLATED)
hold27161/X                              10     11        (VIOLATED)
hold27165/X                              10     11        (VIOLATED)
hold27258/X                              10     11        (VIOLATED)
hold27265/X                              10     11        (VIOLATED)
hold27276/X                              10     11        (VIOLATED)
hold27326/X                              10     11        (VIOLATED)
hold27347/X                              10     11        (VIOLATED)
hold27477/X                              10     11        (VIOLATED)
hold27493/X                              10     11        (VIOLATED)
hold27508/X                              10     11        (VIOLATED)
hold27574/X                              10     11        (VIOLATED)
hold27632/X                              10     11        (VIOLATED)
hold27707/X                              10     11        (VIOLATED)
hold27898/X                              10     11        (VIOLATED)
hold27969/X                              10     11        (VIOLATED)
hold28116/X                              10     11        (VIOLATED)
hold28129/X                              10     11        (VIOLATED)
hold28175/X                              10     11        (VIOLATED)
hold28213/X                              10     11        (VIOLATED)
hold28268/X                              10     11        (VIOLATED)
hold28292/X                              10     11        (VIOLATED)
hold28340/X                              10     11        (VIOLATED)
hold28388/X                              10     11        (VIOLATED)
hold28482/X                              10     11        (VIOLATED)
hold28545/X                              10     11        (VIOLATED)
hold28640/X                              10     11        (VIOLATED)
hold28728/X                              10     11        (VIOLATED)
hold28756/X                              10     11        (VIOLATED)
hold28766/X                              10     11        (VIOLATED)
hold28794/X                              10     11        (VIOLATED)
hold28859/X                              10     11        (VIOLATED)
hold28951/X                              10     11        (VIOLATED)
hold29011/X                              10     11        (VIOLATED)
hold29044/X                              10     11        (VIOLATED)
hold29254/X                              10     11        (VIOLATED)
hold29275/X                              10     11        (VIOLATED)
hold29337/X                              10     11        (VIOLATED)
hold29416/X                              10     11        (VIOLATED)
hold29482/X                              10     11        (VIOLATED)
hold29500/X                              10     11        (VIOLATED)
hold29607/X                              10     11        (VIOLATED)
hold29614/X                              10     11        (VIOLATED)
hold29620/X                              10     11        (VIOLATED)
hold29641/X                              10     11        (VIOLATED)
hold29656/X                              10     11        (VIOLATED)
hold29711/X                              10     11        (VIOLATED)
hold29740/X                              10     11        (VIOLATED)
hold29775/X                              10     11        (VIOLATED)
hold29781/X                              10     11        (VIOLATED)
hold29820/X                              10     11        (VIOLATED)
hold29868/X                              10     11        (VIOLATED)
hold29877/X                              10     11        (VIOLATED)
hold29914/X                              10     11        (VIOLATED)
hold29997/X                              10     11        (VIOLATED)
hold30010/X                              10     11        (VIOLATED)
hold30037/X                              10     11        (VIOLATED)
hold30053/X                              10     11        (VIOLATED)
hold30057/X                              10     11        (VIOLATED)
hold30079/X                              10     11        (VIOLATED)
hold30108/X                              10     11        (VIOLATED)
hold30126/X                              10     11        (VIOLATED)
hold30148/X                              10     11        (VIOLATED)
hold30160/X                              10     11        (VIOLATED)
hold30207/X                              10     11        (VIOLATED)
hold30212/X                              10     11        (VIOLATED)
hold30382/X                              10     11        (VIOLATED)
hold30392/X                              10     11        (VIOLATED)
hold30409/X                              10     11        (VIOLATED)
hold30470/X                              10     11        (VIOLATED)
hold30490/X                              10     11        (VIOLATED)
hold30494/X                              10     11        (VIOLATED)
hold30622/X                              10     11        (VIOLATED)
hold30629/X                              10     11        (VIOLATED)
hold30673/X                              10     11        (VIOLATED)
hold30702/X                              10     11        (VIOLATED)
hold30793/X                              10     11        (VIOLATED)
hold30825/X                              10     11        (VIOLATED)
hold30841/X                              10     11        (VIOLATED)
hold30881/X                              10     11        (VIOLATED)
hold30893/X                              10     11        (VIOLATED)
hold30946/X                              10     11        (VIOLATED)
hold30951/X                              10     11        (VIOLATED)
hold31/X                                 10     11        (VIOLATED)
hold31008/X                              10     11        (VIOLATED)
hold31050/X                              10     11        (VIOLATED)
hold31152/X                              10     11        (VIOLATED)
hold31200/X                              10     11        (VIOLATED)
hold31218/X                              10     11        (VIOLATED)
hold31237/X                              10     11        (VIOLATED)
hold31272/X                              10     11        (VIOLATED)
hold31298/X                              10     11        (VIOLATED)
hold31305/X                              10     11        (VIOLATED)
hold31347/X                              10     11        (VIOLATED)
hold31406/X                              10     11        (VIOLATED)
hold31420/X                              10     11        (VIOLATED)
hold31702/X                              10     11        (VIOLATED)
hold31750/X                              10     11        (VIOLATED)
hold31803/X                              10     11        (VIOLATED)
hold31840/X                              10     11        (VIOLATED)
hold31845/X                              10     11        (VIOLATED)
hold31856/X                              10     11        (VIOLATED)
hold31904/X                              10     11        (VIOLATED)
hold31911/X                              10     11        (VIOLATED)
hold31964/X                              10     11        (VIOLATED)
hold31997/X                              10     11        (VIOLATED)
hold32200/X                              10     11        (VIOLATED)
hold32364/X                              10     11        (VIOLATED)
hold32465/X                              10     11        (VIOLATED)
hold345/X                                10     11        (VIOLATED)
hold38020/X                              10     11        (VIOLATED)
hold392/X                                10     11        (VIOLATED)
hold3969/X                               10     11        (VIOLATED)
hold403/X                                10     11        (VIOLATED)
hold4085/X                               10     11        (VIOLATED)
hold422/X                                10     11        (VIOLATED)
hold44/X                                 10     11        (VIOLATED)
hold49/X                                 10     11        (VIOLATED)
hold6214/X                               10     11        (VIOLATED)
hold6776/X                               10     11        (VIOLATED)
hold6967/X                               10     11        (VIOLATED)
hold7712/X                               10     11        (VIOLATED)
hold8025/X                               10     11        (VIOLATED)
hold8053/X                               10     11        (VIOLATED)
hold8104/X                               10     11        (VIOLATED)
hold8397/X                               10     11        (VIOLATED)
hold8615/X                               10     11        (VIOLATED)
hold9066/X                               10     11        (VIOLATED)
hold9693/X                               10     11        (VIOLATED)
hold9814/X                               10     11        (VIOLATED)
hold9946/X                               10     11        (VIOLATED)
hold9955/X                               10     11        (VIOLATED)
max_length1008/X                         10     11        (VIOLATED)
max_length1009/X                         10     11        (VIOLATED)
max_length1028/X                         10     11        (VIOLATED)
max_length1036/X                         10     11        (VIOLATED)
max_length1065/X                         10     11        (VIOLATED)
max_length1076/X                         10     11        (VIOLATED)
max_length1106/X                         10     11        (VIOLATED)
max_length1124/X                         10     11        (VIOLATED)
max_length1140/X                         10     11        (VIOLATED)
max_length1144/X                         10     11        (VIOLATED)
max_length1150/X                         10     11        (VIOLATED)
max_length1151/X                         10     11        (VIOLATED)
max_length1276/X                         10     11        (VIOLATED)
max_length1355/X                         10     11        (VIOLATED)
max_length1404/X                         10     11        (VIOLATED)
max_length1468/X                         10     11        (VIOLATED)
max_length1509/X                         10     11        (VIOLATED)
max_length1530/X                         10     11        (VIOLATED)
max_length1534/X                         10     11        (VIOLATED)
max_length3098/X                         10     11        (VIOLATED)
max_length394/X                          10     11        (VIOLATED)
max_length6579/X                         10     11        (VIOLATED)
max_length946/X                          10     11        (VIOLATED)
max_length981/X                          10     11        (VIOLATED)
max_length987/X                          10     11        (VIOLATED)
wire1012/X                               10     11        (VIOLATED)
wire1024/X                               10     11        (VIOLATED)
wire1072/X                               10     11        (VIOLATED)
wire1113/X                               10     11        (VIOLATED)
wire1147/X                               10     11        (VIOLATED)
wire1156/X                               10     11        (VIOLATED)
wire1189/X                               10     11        (VIOLATED)
wire1191/X                               10     11        (VIOLATED)
wire1201/X                               10     11        (VIOLATED)
wire1257/X                               10     11        (VIOLATED)
wire1339/X                               10     11        (VIOLATED)
wire1368/X                               10     11        (VIOLATED)
wire1377/X                               10     11        (VIOLATED)
wire1410/X                               10     11        (VIOLATED)
wire1420/X                               10     11        (VIOLATED)
wire1429/X                               10     11        (VIOLATED)
wire1432/X                               10     11        (VIOLATED)
wire1448/X                               10     11        (VIOLATED)
wire1458/X                               10     11        (VIOLATED)
wire1460/X                               10     11        (VIOLATED)
wire1463/X                               10     11        (VIOLATED)
wire1483/X                               10     11        (VIOLATED)
wire1494/X                               10     11        (VIOLATED)
wire1519/X                               10     11        (VIOLATED)
wire1539/X                               10     11        (VIOLATED)
wire1600/X                               10     11        (VIOLATED)
wire246/X                                10     11        (VIOLATED)
wire2650/X                               10     11        (VIOLATED)
wire2657/X                               10     11        (VIOLATED)
wire2663/X                               10     11        (VIOLATED)
wire2676/X                               10     11        (VIOLATED)
wire2804/X                               10     11        (VIOLATED)
wire302/X                                10     11        (VIOLATED)
wire3025/X                               10     11        (VIOLATED)
wire3088/X                               10     11        (VIOLATED)
wire3149/X                               10     11        (VIOLATED)
wire322/X                                10     11        (VIOLATED)
wire3271/X                               10     11        (VIOLATED)
wire359/X                                10     11        (VIOLATED)
wire4094/X                               10     11        (VIOLATED)
wire428/X                                10     11        (VIOLATED)
wire6985/X                               10     11        (VIOLATED)
wire7022/X                               10     11        (VIOLATED)
wire7036/X                               10     11        (VIOLATED)
wire7076/X                               10     11        (VIOLATED)
wire7146/X                               10     11        (VIOLATED)
wire7206/X                               10     11        (VIOLATED)
wire7231/X                               10     11        (VIOLATED)
wire7265/X                               10     11        (VIOLATED)
wire7300/X                               10     11        (VIOLATED)
wire7392/X                               10     11        (VIOLATED)
wire7416/X                               10     11        (VIOLATED)
wire7489/X                               10     11        (VIOLATED)
wire892/X                                10     11        (VIOLATED)
wire915/X                                10     11        (VIOLATED)
wire921/X                                10     11        (VIOLATED)
wire931/X                                10     11        (VIOLATED)
wire932/X                                10     11        (VIOLATED)
wire957/X                                10     11        (VIOLATED)
wire960/X                                10     11        (VIOLATED)
wire983/X                                10     11        (VIOLATED)
wire990/X                                10     11        (VIOLATED)
wire993/X                                10     11        (VIOLATED)
wire998/X                                10     11        (VIOLATED)



===========================================================================
report_parasitic_annotation -report_unannotated
============================================================================
Found 1662 unannotated drivers.
 analog_io[13]
 analog_io[14]
 analog_io[15]
 analog_io[16]
 analog_io[17]
 analog_io[18]
 analog_io[19]
 analog_io[20]
 analog_io[21]
 analog_io[22]
 analog_io[23]
 analog_io[24]
 analog_io[25]
 analog_io[26]
 analog_io[27]
 analog_io[28]
 analog_io[4]
 io_in[0]
 io_in[10]
 io_in[11]
 io_in[12]
 io_in[13]
 io_in[14]
 io_in[15]
 io_in[16]
 io_in[17]
 io_in[18]
 io_in[19]
 io_in[1]
 io_in[20]
 io_in[23]
 io_in[26]
 io_in[27]
 io_in[28]
 io_in[29]
 io_in[2]
 io_in[30]
 io_in[31]
 io_in[32]
 io_in[33]
 io_in[34]
 io_in[35]
 io_in[36]
 io_in[37]
 io_in[3]
 io_in[4]
 io_in[5]
 io_in[6]
 io_in[7]
 io_in[8]
 io_in[9]
 la_data_in[0]
 la_data_in[100]
 la_data_in[101]
 la_data_in[102]
 la_data_in[103]
 la_data_in[104]
 la_data_in[105]
 la_data_in[106]
 la_data_in[107]
 la_data_in[108]
 la_data_in[109]
 la_data_in[10]
 la_data_in[110]
 la_data_in[111]
 la_data_in[112]
 la_data_in[113]
 la_data_in[114]
 la_data_in[115]
 la_data_in[116]
 la_data_in[117]
 la_data_in[118]
 la_data_in[119]
 la_data_in[11]
 la_data_in[120]
 la_data_in[121]
 la_data_in[122]
 la_data_in[123]
 la_data_in[124]
 la_data_in[125]
 la_data_in[126]
 la_data_in[127]
 la_data_in[12]
 la_data_in[13]
 la_data_in[14]
 la_data_in[15]
 la_data_in[16]
 la_data_in[17]
 la_data_in[18]
 la_data_in[19]
 la_data_in[1]
 la_data_in[20]
 la_data_in[21]
 la_data_in[22]
 la_data_in[23]
 la_data_in[24]
 la_data_in[25]
 la_data_in[26]
 la_data_in[27]
 la_data_in[28]
 la_data_in[29]
 la_data_in[2]
 la_data_in[30]
 la_data_in[31]
 la_data_in[32]
 la_data_in[33]
 la_data_in[34]
 la_data_in[35]
 la_data_in[36]
 la_data_in[37]
 la_data_in[38]
 la_data_in[39]
 la_data_in[3]
 la_data_in[40]
 la_data_in[41]
 la_data_in[42]
 la_data_in[43]
 la_data_in[44]
 la_data_in[45]
 la_data_in[46]
 la_data_in[47]
 la_data_in[48]
 la_data_in[49]
 la_data_in[4]
 la_data_in[50]
 la_data_in[51]
 la_data_in[52]
 la_data_in[53]
 la_data_in[54]
 la_data_in[55]
 la_data_in[56]
 la_data_in[57]
 la_data_in[58]
 la_data_in[59]
 la_data_in[5]
 la_data_in[60]
 la_data_in[61]
 la_data_in[62]
 la_data_in[63]
 la_data_in[64]
 la_data_in[65]
 la_data_in[66]
 la_data_in[67]
 la_data_in[68]
 la_data_in[69]
 la_data_in[6]
 la_data_in[70]
 la_data_in[71]
 la_data_in[72]
 la_data_in[73]
 la_data_in[74]
 la_data_in[75]
 la_data_in[76]
 la_data_in[77]
 la_data_in[78]
 la_data_in[79]
 la_data_in[7]
 la_data_in[80]
 la_data_in[81]
 la_data_in[82]
 la_data_in[83]
 la_data_in[84]
 la_data_in[85]
 la_data_in[86]
 la_data_in[87]
 la_data_in[88]
 la_data_in[89]
 la_data_in[8]
 la_data_in[90]
 la_data_in[91]
 la_data_in[92]
 la_data_in[93]
 la_data_in[94]
 la_data_in[95]
 la_data_in[96]
 la_data_in[97]
 la_data_in[98]
 la_data_in[99]
 la_data_in[9]
 la_oenb[0]
 la_oenb[100]
 la_oenb[101]
 la_oenb[102]
 la_oenb[103]
 la_oenb[104]
 la_oenb[105]
 la_oenb[106]
 la_oenb[107]
 la_oenb[108]
 la_oenb[109]
 la_oenb[10]
 la_oenb[110]
 la_oenb[111]
 la_oenb[112]
 la_oenb[113]
 la_oenb[114]
 la_oenb[115]
 la_oenb[116]
 la_oenb[117]
 la_oenb[118]
 la_oenb[119]
 la_oenb[11]
 la_oenb[120]
 la_oenb[121]
 la_oenb[122]
 la_oenb[123]
 la_oenb[124]
 la_oenb[125]
 la_oenb[126]
 la_oenb[127]
 la_oenb[12]
 la_oenb[13]
 la_oenb[14]
 la_oenb[15]
 la_oenb[16]
 la_oenb[17]
 la_oenb[18]
 la_oenb[19]
 la_oenb[1]
 la_oenb[20]
 la_oenb[21]
 la_oenb[22]
 la_oenb[23]
 la_oenb[24]
 la_oenb[25]
 la_oenb[26]
 la_oenb[27]
 la_oenb[28]
 la_oenb[29]
 la_oenb[2]
 la_oenb[30]
 la_oenb[31]
 la_oenb[32]
 la_oenb[33]
 la_oenb[34]
 la_oenb[35]
 la_oenb[36]
 la_oenb[37]
 la_oenb[38]
 la_oenb[39]
 la_oenb[3]
 la_oenb[40]
 la_oenb[41]
 la_oenb[42]
 la_oenb[43]
 la_oenb[44]
 la_oenb[45]
 la_oenb[46]
 la_oenb[47]
 la_oenb[48]
 la_oenb[49]
 la_oenb[4]
 la_oenb[50]
 la_oenb[51]
 la_oenb[52]
 la_oenb[53]
 la_oenb[54]
 la_oenb[55]
 la_oenb[56]
 la_oenb[57]
 la_oenb[58]
 la_oenb[59]
 la_oenb[5]
 la_oenb[60]
 la_oenb[61]
 la_oenb[62]
 la_oenb[63]
 la_oenb[64]
 la_oenb[65]
 la_oenb[66]
 la_oenb[67]
 la_oenb[68]
 la_oenb[69]
 la_oenb[6]
 la_oenb[70]
 la_oenb[71]
 la_oenb[72]
 la_oenb[73]
 la_oenb[74]
 la_oenb[75]
 la_oenb[76]
 la_oenb[77]
 la_oenb[78]
 la_oenb[79]
 la_oenb[7]
 la_oenb[80]
 la_oenb[81]
 la_oenb[82]
 la_oenb[83]
 la_oenb[84]
 la_oenb[85]
 la_oenb[86]
 la_oenb[87]
 la_oenb[88]
 la_oenb[89]
 la_oenb[8]
 la_oenb[90]
 la_oenb[91]
 la_oenb[92]
 la_oenb[93]
 la_oenb[94]
 la_oenb[95]
 la_oenb[96]
 la_oenb[97]
 la_oenb[98]
 la_oenb[99]
 la_oenb[9]
 user_clock2
 clkload0/X
 clkload1/X
 clkload10/Y
 clkload100/Y
 clkload1000/Y
 clkload1001/Y
 clkload1002/Y
 clkload1003/Y
 clkload1004/Y
 clkload1005/X
 clkload1006/Y
 clkload1007/X
 clkload1008/Y
 clkload1009/X
 clkload101/Y
 clkload1010/Y
 clkload1011/X
 clkload1012/Y
 clkload1013/Y
 clkload1014/X
 clkload1015/Y
 clkload1016/Y
 clkload1017/X
 clkload1018/Y
 clkload1019/Y
 clkload102/Y
 clkload1020/Y
 clkload1021/Y
 clkload1022/Y
 clkload1023/Y
 clkload1024/Y
 clkload1025/Y
 clkload1026/Y
 clkload1027/Y
 clkload1028/X
 clkload1029/Y
 clkload103/Y
 clkload1030/Y
 clkload1031/Y
 clkload1032/Y
 clkload1033/Y
 clkload1034/Y
 clkload1035/Y
 clkload1036/Y
 clkload1037/Y
 clkload1038/X
 clkload1039/Y
 clkload104/Y
 clkload1040/Y
 clkload1041/Y
 clkload1042/Y
 clkload1043/Y
 clkload1044/Y
 clkload1045/Y
 clkload1046/Y
 clkload1047/Y
 clkload1048/Y
 clkload1049/Y
 clkload105/Y
 clkload1050/Y
 clkload1051/Y
 clkload1052/Y
 clkload1053/Y
 clkload1054/Y
 clkload1055/Y
 clkload1056/Y
 clkload1057/X
 clkload1058/Y
 clkload1059/Y
 clkload106/Y
 clkload1060/Y
 clkload1061/X
 clkload1062/X
 clkload1063/Y
 clkload1064/Y
 clkload1065/X
 clkload1066/X
 clkload1067/X
 clkload1068/Y
 clkload1069/X
 clkload107/X
 clkload1070/Y
 clkload1071/Y
 clkload1072/Y
 clkload1073/Y
 clkload1074/Y
 clkload1075/Y
 clkload1076/X
 clkload1077/Y
 clkload1078/Y
 clkload1079/Y
 clkload108/Y
 clkload1080/Y
 clkload1081/X
 clkload1082/X
 clkload1083/X
 clkload1084/X
 clkload1085/Y
 clkload1086/X
 clkload1087/X
 clkload1088/Y
 clkload1089/Y
 clkload109/Y
 clkload1090/Y
 clkload1091/Y
 clkload1092/Y
 clkload1093/Y
 clkload1094/Y
 clkload1095/X
 clkload1096/Y
 clkload1097/X
 clkload1098/Y
 clkload1099/Y
 clkload11/X
 clkload110/Y
 clkload1100/Y
 clkload1101/Y
 clkload1102/Y
 clkload1103/Y
 clkload1104/X
 clkload1105/X
 clkload1106/Y
 clkload1107/X
 clkload1108/Y
 clkload1109/X
 clkload111/Y
 clkload1110/Y
 clkload1111/Y
 clkload1112/Y
 clkload1113/Y
 clkload1114/Y
 clkload1115/Y
 clkload1116/X
 clkload1117/X
 clkload1118/Y
 clkload1119/Y
 clkload112/Y
 clkload1120/Y
 clkload1121/Y
 clkload1122/Y
 clkload1123/Y
 clkload1124/Y
 clkload1125/Y
 clkload1126/Y
 clkload1127/Y
 clkload1128/Y
 clkload1129/Y
 clkload113/Y
 clkload1130/X
 clkload1131/Y
 clkload1132/Y
 clkload1133/Y
 clkload1134/Y
 clkload1135/Y
 clkload1136/X
 clkload1137/X
 clkload1138/Y
 clkload1139/Y
 clkload114/Y
 clkload1140/X
 clkload1141/Y
 clkload1142/Y
 clkload1143/X
 clkload1144/X
 clkload1145/X
 clkload115/Y
 clkload116/X
 clkload117/X
 clkload118/Y
 clkload119/Y
 clkload12/Y
 clkload120/Y
 clkload121/X
 clkload122/X
 clkload123/Y
 clkload124/X
 clkload125/Y
 clkload126/Y
 clkload127/X
 clkload128/X
 clkload129/X
 clkload13/Y
 clkload130/Y
 clkload131/X
 clkload132/X
 clkload133/Y
 clkload134/Y
 clkload135/X
 clkload136/Y
 clkload137/Y
 clkload138/Y
 clkload139/X
 clkload14/Y
 clkload140/X
 clkload141/X
 clkload142/X
 clkload143/Y
 clkload144/Y
 clkload145/X
 clkload146/Y
 clkload147/Y
 clkload148/Y
 clkload149/Y
 clkload15/Y
 clkload150/Y
 clkload151/Y
 clkload152/Y
 clkload153/Y
 clkload154/Y
 clkload155/X
 clkload156/X
 clkload157/Y
 clkload158/X
 clkload159/Y
 clkload16/X
 clkload160/X
 clkload161/X
 clkload162/X
 clkload163/X
 clkload164/Y
 clkload165/X
 clkload166/Y
 clkload167/Y
 clkload168/Y
 clkload169/Y
 clkload17/Y
 clkload170/Y
 clkload171/Y
 clkload172/X
 clkload173/Y
 clkload174/X
 clkload175/Y
 clkload176/Y
 clkload177/X
 clkload178/Y
 clkload179/Y
 clkload18/X
 clkload180/Y
 clkload181/Y
 clkload182/Y
 clkload183/X
 clkload184/Y
 clkload185/Y
 clkload186/Y
 clkload187/Y
 clkload188/Y
 clkload189/Y
 clkload19/Y
 clkload190/Y
 clkload191/Y
 clkload192/X
 clkload193/X
 clkload194/X
 clkload195/Y
 clkload196/Y
 clkload197/X
 clkload198/Y
 clkload199/Y
 clkload2/X
 clkload20/Y
 clkload200/X
 clkload201/Y
 clkload202/Y
 clkload203/X
 clkload204/Y
 clkload205/Y
 clkload206/Y
 clkload207/X
 clkload208/X
 clkload209/X
 clkload21/Y
 clkload210/Y
 clkload211/X
 clkload212/X
 clkload213/Y
 clkload214/Y
 clkload215/X
 clkload216/X
 clkload217/X
 clkload218/Y
 clkload219/X
 clkload22/Y
 clkload220/X
 clkload221/X
 clkload222/Y
 clkload223/Y
 clkload224/Y
 clkload225/X
 clkload226/Y
 clkload227/Y
 clkload228/Y
 clkload229/X
 clkload23/Y
 clkload230/Y
 clkload231/Y
 clkload232/Y
 clkload233/Y
 clkload234/X
 clkload235/Y
 clkload236/Y
 clkload237/Y
 clkload238/Y
 clkload239/Y
 clkload24/X
 clkload240/Y
 clkload241/Y
 clkload242/Y
 clkload243/Y
 clkload244/Y
 clkload245/Y
 clkload246/Y
 clkload247/X
 clkload248/Y
 clkload249/Y
 clkload25/Y
 clkload250/Y
 clkload251/X
 clkload252/Y
 clkload253/Y
 clkload254/Y
 clkload255/Y
 clkload256/Y
 clkload257/Y
 clkload258/Y
 clkload259/Y
 clkload26/X
 clkload260/X
 clkload261/Y
 clkload262/Y
 clkload263/Y
 clkload264/Y
 clkload265/Y
 clkload266/Y
 clkload267/Y
 clkload268/Y
 clkload269/Y
 clkload27/Y
 clkload270/Y
 clkload271/Y
 clkload272/X
 clkload273/Y
 clkload274/Y
 clkload275/Y
 clkload276/X
 clkload277/Y
 clkload278/Y
 clkload279/Y
 clkload28/Y
 clkload280/Y
 clkload281/Y
 clkload282/X
 clkload283/X
 clkload284/Y
 clkload285/X
 clkload286/Y
 clkload287/Y
 clkload288/Y
 clkload289/Y
 clkload29/Y
 clkload290/X
 clkload291/Y
 clkload292/Y
 clkload293/Y
 clkload294/Y
 clkload295/X
 clkload296/Y
 clkload297/X
 clkload298/X
 clkload299/Y
 clkload3/Y
 clkload30/Y
 clkload300/Y
 clkload301/Y
 clkload302/Y
 clkload303/Y
 clkload304/Y
 clkload305/Y
 clkload306/Y
 clkload307/Y
 clkload308/Y
 clkload309/Y
 clkload31/Y
 clkload310/Y
 clkload311/X
 clkload312/Y
 clkload313/Y
 clkload314/Y
 clkload315/Y
 clkload316/Y
 clkload317/Y
 clkload318/X
 clkload319/Y
 clkload32/X
 clkload320/Y
 clkload321/Y
 clkload322/Y
 clkload323/Y
 clkload324/Y
 clkload325/Y
 clkload326/Y
 clkload327/Y
 clkload328/X
 clkload329/Y
 clkload33/Y
 clkload330/Y
 clkload331/Y
 clkload332/X
 clkload333/Y
 clkload334/X
 clkload335/X
 clkload336/Y
 clkload337/Y
 clkload338/Y
 clkload339/Y
 clkload34/X
 clkload340/Y
 clkload341/X
 clkload342/X
 clkload343/Y
 clkload344/Y
 clkload345/X
 clkload346/Y
 clkload347/Y
 clkload348/X
 clkload349/X
 clkload35/Y
 clkload350/X
 clkload351/X
 clkload352/Y
 clkload353/Y
 clkload354/X
 clkload355/Y
 clkload356/Y
 clkload357/Y
 clkload358/Y
 clkload359/Y
 clkload36/X
 clkload360/Y
 clkload361/X
 clkload362/X
 clkload363/Y
 clkload364/Y
 clkload365/Y
 clkload366/Y
 clkload367/Y
 clkload368/Y
 clkload369/Y
 clkload37/X
 clkload370/Y
 clkload371/Y
 clkload372/Y
 clkload373/Y
 clkload374/X
 clkload375/Y
 clkload376/Y
 clkload377/X
 clkload378/Y
 clkload379/Y
 clkload38/Y
 clkload380/X
 clkload381/X
 clkload382/Y
 clkload383/X
 clkload384/Y
 clkload385/X
 clkload386/Y
 clkload387/Y
 clkload388/Y
 clkload389/Y
 clkload39/Y
 clkload390/Y
 clkload391/Y
 clkload392/Y
 clkload393/Y
 clkload394/Y
 clkload395/X
 clkload396/Y
 clkload397/Y
 clkload398/Y
 clkload399/Y
 clkload4/Y
 clkload40/X
 clkload400/Y
 clkload401/X
 clkload402/X
 clkload403/Y
 clkload404/Y
 clkload405/X
 clkload406/Y
 clkload407/Y
 clkload408/X
 clkload409/X
 clkload41/Y
 clkload410/X
 clkload411/Y
 clkload412/X
 clkload413/Y
 clkload414/X
 clkload415/Y
 clkload416/Y
 clkload417/Y
 clkload418/X
 clkload419/X
 clkload42/Y
 clkload420/X
 clkload421/Y
 clkload422/X
 clkload423/Y
 clkload424/Y
 clkload425/Y
 clkload426/Y
 clkload427/Y
 clkload428/Y
 clkload429/Y
 clkload43/Y
 clkload430/Y
 clkload431/Y
 clkload432/X
 clkload433/Y
 clkload434/Y
 clkload435/Y
 clkload436/Y
 clkload437/X
 clkload438/Y
 clkload439/Y
 clkload44/Y
 clkload440/Y
 clkload441/Y
 clkload442/X
 clkload443/Y
 clkload444/X
 clkload445/Y
 clkload446/Y
 clkload447/X
 clkload448/Y
 clkload449/Y
 clkload45/Y
 clkload450/Y
 clkload451/Y
 clkload452/Y
 clkload453/X
 clkload454/Y
 clkload455/Y
 clkload456/Y
 clkload457/Y
 clkload458/Y
 clkload459/Y
 clkload46/X
 clkload460/Y
 clkload461/Y
 clkload462/X
 clkload463/X
 clkload464/Y
 clkload465/X
 clkload466/X
 clkload467/Y
 clkload468/X
 clkload469/Y
 clkload47/X
 clkload470/Y
 clkload471/Y
 clkload472/Y
 clkload473/Y
 clkload474/Y
 clkload475/Y
 clkload476/Y
 clkload477/X
 clkload478/Y
 clkload479/Y
 clkload48/Y
 clkload480/X
 clkload481/X
 clkload482/X
 clkload483/Y
 clkload484/Y
 clkload485/X
 clkload486/X
 clkload487/Y
 clkload488/X
 clkload489/X
 clkload49/Y
 clkload490/X
 clkload491/Y
 clkload492/Y
 clkload493/Y
 clkload494/Y
 clkload495/Y
 clkload496/Y
 clkload497/Y
 clkload498/Y
 clkload499/Y
 clkload5/Y
 clkload50/X
 clkload500/X
 clkload501/Y
 clkload502/Y
 clkload503/Y
 clkload504/Y
 clkload505/Y
 clkload506/X
 clkload507/X
 clkload508/Y
 clkload509/Y
 clkload51/Y
 clkload510/Y
 clkload511/Y
 clkload512/X
 clkload513/X
 clkload514/Y
 clkload515/Y
 clkload516/X
 clkload517/X
 clkload518/Y
 clkload519/X
 clkload52/Y
 clkload520/X
 clkload521/Y
 clkload522/Y
 clkload523/Y
 clkload524/Y
 clkload525/Y
 clkload526/Y
 clkload527/Y
 clkload528/Y
 clkload529/Y
 clkload53/Y
 clkload530/Y
 clkload531/Y
 clkload532/Y
 clkload533/Y
 clkload534/X
 clkload535/X
 clkload536/Y
 clkload537/X
 clkload538/X
 clkload539/X
 clkload54/Y
 clkload540/Y
 clkload541/Y
 clkload542/Y
 clkload543/Y
 clkload544/Y
 clkload545/Y
 clkload546/X
 clkload547/X
 clkload548/X
 clkload549/X
 clkload55/X
 clkload550/X
 clkload551/Y
 clkload552/X
 clkload553/Y
 clkload554/Y
 clkload555/X
 clkload556/Y
 clkload557/X
 clkload558/X
 clkload559/X
 clkload56/X
 clkload560/Y
 clkload561/X
 clkload562/Y
 clkload563/Y
 clkload564/Y
 clkload565/Y
 clkload566/Y
 clkload567/Y
 clkload568/Y
 clkload569/Y
 clkload57/X
 clkload570/X
 clkload571/Y
 clkload572/Y
 clkload573/Y
 clkload574/Y
 clkload575/Y
 clkload576/Y
 clkload577/Y
 clkload578/Y
 clkload579/Y
 clkload58/Y
 clkload580/Y
 clkload581/X
 clkload582/Y
 clkload583/Y
 clkload584/Y
 clkload585/Y
 clkload586/Y
 clkload587/Y
 clkload588/Y
 clkload589/Y
 clkload59/Y
 clkload590/Y
 clkload591/Y
 clkload592/Y
 clkload593/Y
 clkload594/Y
 clkload595/Y
 clkload596/X
 clkload597/Y
 clkload598/Y
 clkload599/X
 clkload6/X
 clkload60/Y
 clkload600/Y
 clkload601/Y
 clkload602/Y
 clkload603/X
 clkload604/X
 clkload605/X
 clkload606/X
 clkload607/Y
 clkload608/X
 clkload609/Y
 clkload61/Y
 clkload610/X
 clkload611/Y
 clkload612/Y
 clkload613/X
 clkload614/X
 clkload615/Y
 clkload616/X
 clkload617/X
 clkload618/Y
 clkload619/Y
 clkload62/Y
 clkload620/Y
 clkload621/Y
 clkload622/X
 clkload623/Y
 clkload624/Y
 clkload625/Y
 clkload626/X
 clkload627/Y
 clkload628/Y
 clkload629/Y
 clkload63/Y
 clkload630/Y
 clkload631/Y
 clkload632/Y
 clkload633/Y
 clkload634/Y
 clkload635/Y
 clkload636/Y
 clkload637/Y
 clkload638/Y
 clkload639/Y
 clkload64/Y
 clkload640/Y
 clkload641/X
 clkload642/Y
 clkload643/Y
 clkload644/Y
 clkload645/X
 clkload646/X
 clkload647/Y
 clkload648/Y
 clkload649/Y
 clkload65/Y
 clkload650/X
 clkload651/Y
 clkload652/X
 clkload653/Y
 clkload654/X
 clkload655/X
 clkload656/X
 clkload657/Y
 clkload658/X
 clkload659/X
 clkload66/Y
 clkload660/Y
 clkload661/X
 clkload662/Y
 clkload663/Y
 clkload664/X
 clkload665/Y
 clkload666/Y
 clkload667/Y
 clkload668/Y
 clkload669/Y
 clkload67/X
 clkload670/X
 clkload671/X
 clkload672/X
 clkload673/X
 clkload674/Y
 clkload675/Y
 clkload676/Y
 clkload677/Y
 clkload678/Y
 clkload679/X
 clkload68/Y
 clkload680/Y
 clkload681/X
 clkload682/Y
 clkload683/Y
 clkload684/Y
 clkload685/X
 clkload686/Y
 clkload687/Y
 clkload688/X
 clkload689/X
 clkload69/Y
 clkload690/Y
 clkload691/Y
 clkload692/Y
 clkload693/Y
 clkload694/Y
 clkload695/Y
 clkload696/Y
 clkload697/Y
 clkload698/Y
 clkload699/X
 clkload7/Y
 clkload70/Y
 clkload700/Y
 clkload701/Y
 clkload702/Y
 clkload703/Y
 clkload704/Y
 clkload705/Y
 clkload706/X
 clkload707/Y
 clkload708/X
 clkload709/X
 clkload71/Y
 clkload710/X
 clkload711/Y
 clkload712/X
 clkload713/Y
 clkload714/Y
 clkload715/Y
 clkload716/Y
 clkload717/X
 clkload718/Y
 clkload719/Y
 clkload72/Y
 clkload720/X
 clkload721/X
 clkload722/X
 clkload723/Y
 clkload724/X
 clkload725/Y
 clkload726/Y
 clkload727/X
 clkload728/Y
 clkload729/X
 clkload73/Y
 clkload730/Y
 clkload731/Y
 clkload732/Y
 clkload733/X
 clkload734/Y
 clkload735/Y
 clkload736/Y
 clkload737/Y
 clkload738/Y
 clkload739/X
 clkload74/Y
 clkload740/X
 clkload741/Y
 clkload742/Y
 clkload743/Y
 clkload744/Y
 clkload745/Y
 clkload746/Y
 clkload747/Y
 clkload748/X
 clkload749/Y
 clkload75/Y
 clkload750/X
 clkload751/Y
 clkload752/Y
 clkload753/X
 clkload754/X
 clkload755/Y
 clkload756/Y
 clkload757/X
 clkload758/Y
 clkload759/Y
 clkload76/Y
 clkload760/Y
 clkload761/Y
 clkload762/X
 clkload763/Y
 clkload764/Y
 clkload765/Y
 clkload766/Y
 clkload767/Y
 clkload768/Y
 clkload769/Y
 clkload77/Y
 clkload770/Y
 clkload771/Y
 clkload772/Y
 clkload773/X
 clkload774/Y
 clkload775/X
 clkload776/Y
 clkload777/X
 clkload778/Y
 clkload779/Y
 clkload78/Y
 clkload780/Y
 clkload781/Y
 clkload782/Y
 clkload783/Y
 clkload784/Y
 clkload785/Y
 clkload786/X
 clkload787/Y
 clkload788/Y
 clkload789/Y
 clkload79/Y
 clkload790/Y
 clkload791/Y
 clkload792/Y
 clkload793/Y
 clkload794/Y
 clkload795/Y
 clkload796/Y
 clkload797/X
 clkload798/Y
 clkload799/Y
 clkload8/X
 clkload80/X
 clkload800/Y
 clkload801/Y
 clkload802/Y
 clkload803/Y
 clkload804/Y
 clkload805/Y
 clkload806/Y
 clkload807/Y
 clkload808/Y
 clkload809/X
 clkload81/Y
 clkload810/X
 clkload811/Y
 clkload812/Y
 clkload813/X
 clkload814/Y
 clkload815/X
 clkload816/Y
 clkload817/Y
 clkload818/X
 clkload819/Y
 clkload82/Y
 clkload820/Y
 clkload821/Y
 clkload822/Y
 clkload823/X
 clkload824/X
 clkload825/X
 clkload826/Y
 clkload827/Y
 clkload828/Y
 clkload829/Y
 clkload83/X
 clkload830/Y
 clkload831/Y
 clkload832/X
 clkload833/Y
 clkload834/X
 clkload835/X
 clkload836/X
 clkload837/X
 clkload838/Y
 clkload839/Y
 clkload84/Y
 clkload840/X
 clkload841/X
 clkload842/X
 clkload843/Y
 clkload844/Y
 clkload845/Y
 clkload846/Y
 clkload847/X
 clkload848/X
 clkload849/X
 clkload85/X
 clkload850/X
 clkload851/Y
 clkload852/X
 clkload853/Y
 clkload854/X
 clkload855/X
 clkload856/X
 clkload857/Y
 clkload858/X
 clkload859/X
 clkload86/Y
 clkload860/X
 clkload861/Y
 clkload862/Y
 clkload863/Y
 clkload864/X
 clkload865/Y
 clkload866/Y
 clkload867/X
 clkload868/X
 clkload869/X
 clkload87/Y
 clkload870/X
 clkload871/Y
 clkload872/X
 clkload873/X
 clkload874/X
 clkload875/X
 clkload876/X
 clkload877/Y
 clkload878/Y
 clkload879/X
 clkload88/X
 clkload880/Y
 clkload881/Y
 clkload882/X
 clkload883/Y
 clkload884/Y
 clkload885/Y
 clkload886/Y
 clkload887/Y
 clkload888/X
 clkload889/X
 clkload89/Y
 clkload890/Y
 clkload891/Y
 clkload892/Y
 clkload893/X
 clkload894/X
 clkload895/Y
 clkload896/Y
 clkload897/Y
 clkload898/Y
 clkload899/Y
 clkload9/Y
 clkload90/X
 clkload900/Y
 clkload901/X
 clkload902/Y
 clkload903/Y
 clkload904/Y
 clkload905/Y
 clkload906/X
 clkload907/Y
 clkload908/Y
 clkload909/Y
 clkload91/X
 clkload910/Y
 clkload911/Y
 clkload912/Y
 clkload913/Y
 clkload914/X
 clkload915/Y
 clkload916/Y
 clkload917/X
 clkload918/X
 clkload919/Y
 clkload92/Y
 clkload920/Y
 clkload921/Y
 clkload922/X
 clkload923/Y
 clkload924/Y
 clkload925/Y
 clkload926/Y
 clkload927/Y
 clkload928/Y
 clkload929/X
 clkload93/Y
 clkload930/Y
 clkload931/X
 clkload932/Y
 clkload933/Y
 clkload934/Y
 clkload935/Y
 clkload936/Y
 clkload937/Y
 clkload938/Y
 clkload939/Y
 clkload94/Y
 clkload940/Y
 clkload941/Y
 clkload942/Y
 clkload943/Y
 clkload944/Y
 clkload945/Y
 clkload946/Y
 clkload947/Y
 clkload948/Y
 clkload949/Y
 clkload95/Y
 clkload950/X
 clkload951/Y
 clkload952/Y
 clkload953/Y
 clkload954/Y
 clkload955/Y
 clkload956/Y
 clkload957/Y
 clkload958/X
 clkload959/Y
 clkload96/X
 clkload960/Y
 clkload961/Y
 clkload962/X
 clkload963/X
 clkload964/Y
 clkload965/X
 clkload966/X
 clkload967/Y
 clkload968/X
 clkload969/X
 clkload97/X
 clkload970/X
 clkload971/Y
 clkload972/Y
 clkload973/Y
 clkload974/Y
 clkload975/Y
 clkload976/Y
 clkload977/Y
 clkload978/Y
 clkload979/Y
 clkload98/X
 clkload980/Y
 clkload981/Y
 clkload982/Y
 clkload983/X
 clkload984/Y
 clkload985/Y
 clkload986/Y
 clkload987/Y
 clkload988/Y
 clkload989/X
 clkload99/Y
 clkload990/Y
 clkload991/Y
 clkload992/Y
 clkload993/Y
 clkload994/Y
 clkload995/Y
 clkload996/Y
 clkload997/Y
 clkload998/Y
 clkload999/Y
 neuro_inst/VDDA
 neuro_inst/VDDC
 neuro_inst/VSS
 user_project_wrapper_7799/HI
 user_project_wrapper_7800/HI
 user_project_wrapper_7801/HI
 user_project_wrapper_7802/HI
 user_project_wrapper_7803/HI
 user_project_wrapper_7804/HI
 user_project_wrapper_7805/HI
 user_project_wrapper_7806/HI
 user_project_wrapper_7807/HI
 user_project_wrapper_7808/HI
 user_project_wrapper_7809/HI
 user_project_wrapper_7810/HI
 user_project_wrapper_7811/HI
 user_project_wrapper_7812/HI
 user_project_wrapper_7813/HI
 user_project_wrapper_7814/HI
 user_project_wrapper_7815/HI
 user_project_wrapper_7816/HI
 user_project_wrapper_7817/HI
 user_project_wrapper_7818/HI
 user_project_wrapper_7819/HI
 user_project_wrapper_7820/HI
 user_project_wrapper_7821/HI
 user_project_wrapper_7822/HI
 user_project_wrapper_7823/HI
 user_project_wrapper_7824/HI
 user_project_wrapper_7825/HI
 user_project_wrapper_7826/HI
 user_project_wrapper_7827/HI
 user_project_wrapper_7828/HI
 user_project_wrapper_7829/HI
 user_project_wrapper_7830/HI
 user_project_wrapper_7831/HI
 user_project_wrapper_7832/HI
 user_project_wrapper_7833/HI
 user_project_wrapper_7834/HI
 user_project_wrapper_7835/HI
 user_project_wrapper_7836/HI
 user_project_wrapper_7837/HI
 user_project_wrapper_7838/HI
 user_project_wrapper_7839/HI
 user_project_wrapper_7840/HI
 user_project_wrapper_7841/HI
 user_project_wrapper_7842/HI
 user_project_wrapper_7843/HI
 user_project_wrapper_7844/HI
 user_project_wrapper_7845/HI
 user_project_wrapper_7846/HI
 user_project_wrapper_7847/HI
 user_project_wrapper_7848/HI
 user_project_wrapper_7849/HI
 user_project_wrapper_7850/HI
 user_project_wrapper_7851/HI
 user_project_wrapper_7852/HI
 user_project_wrapper_7853/HI
 user_project_wrapper_7854/HI
 user_project_wrapper_7855/HI
 user_project_wrapper_7856/HI
 user_project_wrapper_7857/HI
 user_project_wrapper_7858/HI
 user_project_wrapper_7859/HI
 user_project_wrapper_7860/HI
 user_project_wrapper_7861/HI
 user_project_wrapper_7862/HI
 user_project_wrapper_7863/HI
 user_project_wrapper_7864/HI
 user_project_wrapper_7865/HI
 user_project_wrapper_7866/HI
 user_project_wrapper_7867/HI
 user_project_wrapper_7868/HI
 user_project_wrapper_7869/HI
 user_project_wrapper_7870/HI
 user_project_wrapper_7871/HI
 user_project_wrapper_7872/HI
 user_project_wrapper_7873/HI
 user_project_wrapper_7874/HI
 user_project_wrapper_7875/HI
 user_project_wrapper_7876/HI
 user_project_wrapper_7877/HI
 user_project_wrapper_7878/HI
 user_project_wrapper_7879/HI
 user_project_wrapper_7880/HI
 user_project_wrapper_7881/HI
 user_project_wrapper_7882/HI
 user_project_wrapper_7883/HI
 user_project_wrapper_7884/HI
 user_project_wrapper_7885/HI
 user_project_wrapper_7886/HI
 user_project_wrapper_7887/HI
 user_project_wrapper_7888/HI
 user_project_wrapper_7889/HI
 user_project_wrapper_7890/HI
 user_project_wrapper_7891/HI
 user_project_wrapper_7892/HI
 user_project_wrapper_7893/HI
 user_project_wrapper_7894/HI
 user_project_wrapper_7895/HI
 user_project_wrapper_7896/HI
 user_project_wrapper_7897/HI
 user_project_wrapper_7898/HI
 user_project_wrapper_7899/HI
 user_project_wrapper_7900/HI
 user_project_wrapper_7901/HI
 user_project_wrapper_7902/HI
 user_project_wrapper_7903/HI
 user_project_wrapper_7904/HI
 user_project_wrapper_7905/HI
 user_project_wrapper_7906/HI
 user_project_wrapper_7907/HI
 user_project_wrapper_7908/HI
 user_project_wrapper_7909/HI
 user_project_wrapper_7910/HI
 user_project_wrapper_7911/HI
 user_project_wrapper_7912/HI
 user_project_wrapper_7913/HI
 user_project_wrapper_7914/HI
 user_project_wrapper_7915/HI
 user_project_wrapper_7916/HI
 user_project_wrapper_7917/HI
 user_project_wrapper_7918/HI
 user_project_wrapper_7919/HI
 user_project_wrapper_7920/HI
 user_project_wrapper_7921/HI
 user_project_wrapper_7922/HI
 user_project_wrapper_7923/HI
 user_project_wrapper_7924/HI
 user_project_wrapper_7925/HI
 user_project_wrapper_7926/HI
 user_project_wrapper_7927/HI
 user_project_wrapper_7928/HI
 user_project_wrapper_7929/HI
 user_project_wrapper_7930/HI
 user_project_wrapper_7931/HI
 user_project_wrapper_7932/HI
 user_project_wrapper_7933/HI
 user_project_wrapper_7934/HI
 user_project_wrapper_7935/HI
 user_project_wrapper_7936/HI
 user_project_wrapper_7937/HI
 user_project_wrapper_7938/HI
 user_project_wrapper_7939/HI
 user_project_wrapper_7940/HI
 user_project_wrapper_7941/HI
 user_project_wrapper_7942/HI
 user_project_wrapper_7943/HI
 user_project_wrapper_7944/HI
 user_project_wrapper_7945/HI
 user_project_wrapper_7946/HI
 user_project_wrapper_7947/HI
 user_project_wrapper_7948/HI
 user_project_wrapper_7949/HI
 user_project_wrapper_7950/HI
 user_project_wrapper_7951/HI
 user_project_wrapper_7952/HI
 user_project_wrapper_7953/HI
 user_project_wrapper_7954/HI
 user_project_wrapper_7955/HI
 user_project_wrapper_7956/HI
 user_project_wrapper_7957/HI
 user_project_wrapper_7958/HI
 user_project_wrapper_7959/HI
 user_project_wrapper_7960/HI
 user_project_wrapper_7961/HI
 user_project_wrapper_7962/HI
 user_project_wrapper_7963/HI
 user_project_wrapper_7964/HI
 user_project_wrapper_7965/HI
 user_project_wrapper_7966/HI
 user_project_wrapper_7967/LO
 user_project_wrapper_7968/LO
 user_project_wrapper_7969/LO
 user_project_wrapper_7970/LO
 user_project_wrapper_7971/LO
 user_project_wrapper_7972/LO
 user_project_wrapper_7973/LO
 user_project_wrapper_7974/LO
 user_project_wrapper_7975/LO
 user_project_wrapper_7976/LO
 user_project_wrapper_7977/LO
 user_project_wrapper_7978/LO
 user_project_wrapper_7979/LO
 user_project_wrapper_7980/LO
 user_project_wrapper_7981/LO
 user_project_wrapper_7982/LO
 user_project_wrapper_7983/LO
 user_project_wrapper_7984/LO
 user_project_wrapper_7985/LO
 user_project_wrapper_7986/LO
 user_project_wrapper_7987/LO
 user_project_wrapper_7988/LO
 user_project_wrapper_7989/LO
 user_project_wrapper_7990/LO
 user_project_wrapper_7991/LO
 user_project_wrapper_7992/LO
 user_project_wrapper_7993/LO
 user_project_wrapper_7994/LO
 user_project_wrapper_7995/LO
 user_project_wrapper_7996/LO
 user_project_wrapper_7997/LO
 user_project_wrapper_7998/LO
 user_project_wrapper_7999/LO
 user_project_wrapper_8000/LO
 user_project_wrapper_8001/LO
 user_project_wrapper_8002/LO
 user_project_wrapper_8003/LO
Found 0 partially unannotated drivers.

===========================================================================
max slew violation count 0
max fanout violation count 5071
max cap violation count 0
============================================================================

===========================================================================
check_setup -verbose -unconstrained_endpoints -multiple_clock -no_clock -no_input_delay -loops -generated_clocks
===========================================================================
Warning: There are 68 input ports missing set_input_delay.
  analog_io[0]
  analog_io[10]
  analog_io[11]
  analog_io[12]
  analog_io[13]
  analog_io[14]
  analog_io[15]
  analog_io[16]
  analog_io[17]
  analog_io[18]
  analog_io[19]
  analog_io[1]
  analog_io[20]
  analog_io[21]
  analog_io[22]
  analog_io[23]
  analog_io[24]
  analog_io[25]
  analog_io[26]
  analog_io[27]
  analog_io[28]
  analog_io[2]
  analog_io[3]
  analog_io[4]
  analog_io[5]
  analog_io[6]
  analog_io[7]
  analog_io[8]
  analog_io[9]
  io_in[0]
  io_in[10]
  io_in[11]
  io_in[12]
  io_in[13]
  io_in[14]
  io_in[15]
  io_in[16]
  io_in[17]
  io_in[18]
  io_in[19]
  io_in[1]
  io_in[20]
  io_in[21]
  io_in[22]
  io_in[23]
  io_in[24]
  io_in[25]
  io_in[26]
  io_in[27]
  io_in[28]
  io_in[29]
  io_in[2]
  io_in[30]
  io_in[31]
  io_in[32]
  io_in[33]
  io_in[34]
  io_in[35]
  io_in[36]
  io_in[37]
  io_in[3]
  io_in[4]
  io_in[5]
  io_in[6]
  io_in[7]
  io_in[8]
  io_in[9]
  user_clock2
Warning: There are 235 unconstrained endpoints.
  analog_io[0]
  analog_io[10]
  analog_io[11]
  analog_io[12]
  analog_io[13]
  analog_io[14]
  analog_io[15]
  analog_io[16]
  analog_io[17]
  analog_io[18]
  analog_io[19]
  analog_io[1]
  analog_io[20]
  analog_io[21]
  analog_io[22]
  analog_io[23]
  analog_io[24]
  analog_io[25]
  analog_io[26]
  analog_io[27]
  analog_io[28]
  analog_io[2]
  analog_io[3]
  analog_io[4]
  analog_io[5]
  analog_io[6]
  analog_io[7]
  analog_io[8]
  analog_io[9]
  io_oeb[0]
  io_oeb[10]
  io_oeb[11]
  io_oeb[12]
  io_oeb[13]
  io_oeb[14]
  io_oeb[15]
  io_oeb[16]
  io_oeb[17]
  io_oeb[18]
  io_oeb[19]
  io_oeb[1]
  io_oeb[20]
  io_oeb[21]
  io_oeb[22]
  io_oeb[23]
  io_oeb[24]
  io_oeb[25]
  io_oeb[26]
  io_oeb[27]
  io_oeb[28]
  io_oeb[29]
  io_oeb[2]
  io_oeb[30]
  io_oeb[31]
  io_oeb[32]
  io_oeb[33]
  io_oeb[34]
  io_oeb[35]
  io_oeb[36]
  io_oeb[37]
  io_oeb[3]
  io_oeb[4]
  io_oeb[5]
  io_oeb[6]
  io_oeb[7]
  io_oeb[8]
  io_oeb[9]
  io_out[0]
  io_out[10]
  io_out[11]
  io_out[12]
  io_out[13]
  io_out[14]
  io_out[15]
  io_out[16]
  io_out[17]
  io_out[18]
  io_out[19]
  io_out[1]
  io_out[20]
  io_out[21]
  io_out[22]
  io_out[23]
  io_out[24]
  io_out[25]
  io_out[26]
  io_out[27]
  io_out[28]
  io_out[29]
  io_out[2]
  io_out[30]
  io_out[31]
  io_out[32]
  io_out[33]
  io_out[34]
  io_out[35]
  io_out[36]
  io_out[37]
  io_out[3]
  io_out[4]
  io_out[5]
  io_out[6]
  io_out[7]
  io_out[8]
  io_out[9]
  la_data_out[0]
  la_data_out[100]
  la_data_out[101]
  la_data_out[102]
  la_data_out[103]
  la_data_out[104]
  la_data_out[105]
  la_data_out[106]
  la_data_out[107]
  la_data_out[108]
  la_data_out[109]
  la_data_out[10]
  la_data_out[110]
  la_data_out[111]
  la_data_out[112]
  la_data_out[113]
  la_data_out[114]
  la_data_out[115]
  la_data_out[116]
  la_data_out[117]
  la_data_out[118]
  la_data_out[119]
  la_data_out[11]
  la_data_out[120]
  la_data_out[121]
  la_data_out[122]
  la_data_out[123]
  la_data_out[124]
  la_data_out[125]
  la_data_out[126]
  la_data_out[127]
  la_data_out[12]
  la_data_out[13]
  la_data_out[14]
  la_data_out[15]
  la_data_out[16]
  la_data_out[17]
  la_data_out[18]
  la_data_out[19]
  la_data_out[1]
  la_data_out[20]
  la_data_out[21]
  la_data_out[22]
  la_data_out[23]
  la_data_out[24]
  la_data_out[25]
  la_data_out[26]
  la_data_out[27]
  la_data_out[28]
  la_data_out[29]
  la_data_out[2]
  la_data_out[30]
  la_data_out[31]
  la_data_out[32]
  la_data_out[33]
  la_data_out[34]
  la_data_out[35]
  la_data_out[36]
  la_data_out[37]
  la_data_out[38]
  la_data_out[39]
  la_data_out[3]
  la_data_out[40]
  la_data_out[41]
  la_data_out[42]
  la_data_out[43]
  la_data_out[44]
  la_data_out[45]
  la_data_out[46]
  la_data_out[47]
  la_data_out[48]
  la_data_out[49]
  la_data_out[4]
  la_data_out[50]
  la_data_out[51]
  la_data_out[52]
  la_data_out[53]
  la_data_out[54]
  la_data_out[55]
  la_data_out[56]
  la_data_out[57]
  la_data_out[58]
  la_data_out[59]
  la_data_out[5]
  la_data_out[60]
  la_data_out[61]
  la_data_out[62]
  la_data_out[63]
  la_data_out[64]
  la_data_out[65]
  la_data_out[66]
  la_data_out[67]
  la_data_out[68]
  la_data_out[69]
  la_data_out[6]
  la_data_out[70]
  la_data_out[71]
  la_data_out[72]
  la_data_out[73]
  la_data_out[74]
  la_data_out[75]
  la_data_out[76]
  la_data_out[77]
  la_data_out[78]
  la_data_out[79]
  la_data_out[7]
  la_data_out[80]
  la_data_out[81]
  la_data_out[82]
  la_data_out[83]
  la_data_out[84]
  la_data_out[85]
  la_data_out[86]
  la_data_out[87]
  la_data_out[88]
  la_data_out[89]
  la_data_out[8]
  la_data_out[90]
  la_data_out[91]
  la_data_out[92]
  la_data_out[93]
  la_data_out[94]
  la_data_out[95]
  la_data_out[96]
  la_data_out[97]
  la_data_out[98]
  la_data_out[99]
  la_data_out[9]
  user_irq[1]
  user_irq[2]
