
===========================================================================
report_checks -unconstrained
===========================================================================
======================= max_ss_100C_1v60 Corner ===================================

Startpoint: _123296_ (rising edge-triggered flip-flop clocked by clk)
Endpoint: _123234_ (rising edge-triggered flip-flop clocked by clk)
Path Group: clk
Path Type: max

Fanout         Cap        Slew       Delay        Time   Description
---------------------------------------------------------------------------------------------
                                  0.000000    0.000000   clock clk (rise edge)
                                  5.570000    5.570000   clock source latency
     4    0.440458    0.610000    0.000000    5.570000 ^ wb_clk_i (in)
                                                         wb_clk_i (net)
                      0.818283    0.104142    5.674142 ^ clkbuf_0_wb_clk_i/A (sky130_fd_sc_hd__clkbuf_16)
     5    0.125713    0.222790    0.618380    6.292521 ^ clkbuf_0_wb_clk_i/X (sky130_fd_sc_hd__clkbuf_16)
                                                         clknet_0_wb_clk_i (net)
                      0.231658    0.034798    6.327320 ^ clkbuf_1_1_0_wb_clk_i/A (sky130_fd_sc_hd__clkbuf_8)
     9    0.365989    0.957105    0.856409    7.183729 ^ clkbuf_1_1_0_wb_clk_i/X (sky130_fd_sc_hd__clkbuf_8)
                                                         clknet_1_1_0_wb_clk_i (net)
                      0.983825    0.127260    7.310989 ^ clkbuf_1_1_1_wb_clk_i/A (sky130_fd_sc_hd__clkbuf_8)
    11    0.382091    0.994791    1.184069    8.495058 ^ clkbuf_1_1_1_wb_clk_i/X (sky130_fd_sc_hd__clkbuf_8)
                                                         clknet_1_1_1_wb_clk_i (net)
                      0.995250    0.018429    8.513487 ^ clkbuf_2_2_0_wb_clk_i/A (sky130_fd_sc_hd__clkbuf_8)
     5    0.230547    0.610315    0.939476    9.452963 ^ clkbuf_2_2_0_wb_clk_i/X (sky130_fd_sc_hd__clkbuf_8)
                                                         clknet_2_2_0_wb_clk_i (net)
                      0.612732    0.031979    9.484942 ^ clkbuf_3_5_0_wb_clk_i/A (sky130_fd_sc_hd__clkbuf_8)
     5    0.136260    0.371164    0.654714   10.139656 ^ clkbuf_3_5_0_wb_clk_i/X (sky130_fd_sc_hd__clkbuf_8)
                                                         clknet_3_5_0_wb_clk_i (net)
                      0.390115    0.065456   10.205112 ^ clkbuf_4_11_0_wb_clk_i/A (sky130_fd_sc_hd__clkbuf_8)
     5    0.083365    0.238321    0.494407   10.699519 ^ clkbuf_4_11_0_wb_clk_i/X (sky130_fd_sc_hd__clkbuf_8)
                                                         clknet_4_11_0_wb_clk_i (net)
                      0.238987    0.009391   10.708910 ^ clkbuf_5_23_0_wb_clk_i/A (sky130_fd_sc_hd__clkbuf_8)
     9    0.110711    0.309499    0.460604   11.169514 ^ clkbuf_5_23_0_wb_clk_i/X (sky130_fd_sc_hd__clkbuf_8)
                                                         clknet_5_23_0_wb_clk_i (net)
                      0.318771    0.042388   11.211902 ^ clkbuf_7_93_0_wb_clk_i/A (sky130_fd_sc_hd__clkbuf_8)
     5    0.046959    0.148269    0.397551   11.609453 ^ clkbuf_7_93_0_wb_clk_i/X (sky130_fd_sc_hd__clkbuf_8)
                                                         clknet_7_93_0_wb_clk_i (net)
                      0.149179    0.008460   11.617913 ^ clkbuf_8_187__f_wb_clk_i/A (sky130_fd_sc_hd__clkbuf_16)
    23    0.177186    0.289754    0.416868   12.034781 ^ clkbuf_8_187__f_wb_clk_i/X (sky130_fd_sc_hd__clkbuf_16)
                                                         clknet_8_187__leaf_wb_clk_i (net)
                      0.300449    0.043770   12.078552 ^ clkbuf_leaf_528_wb_clk_i/A (sky130_fd_sc_hd__clkbuf_8)
     4    0.012829    0.069243    0.321910   12.400461 ^ clkbuf_leaf_528_wb_clk_i/X (sky130_fd_sc_hd__clkbuf_8)
                                                         clknet_leaf_528_wb_clk_i (net)
                      0.069243    0.000872   12.401334 ^ _123296_/CLK (sky130_fd_sc_hd__dfxtp_2)
     3    0.064717    0.513802    0.977890   13.379224 ^ _123296_/Q (sky130_fd_sc_hd__dfxtp_2)
                                                         matmul_inst.gen_row[2].gen_col[2].pe_inst.a_out[4] (net)
                      0.514481    0.016634   13.395857 ^ hold2533/A (sky130_fd_sc_hd__dlygate4sd3_1)
     3    0.030347    0.475542    1.503205   14.899062 ^ hold2533/X (sky130_fd_sc_hd__dlygate4sd3_1)
                                                         net14920 (net)
                      0.475582    0.004603   14.903665 ^ wire8681/A (sky130_fd_sc_hd__buf_4)
     3    0.027351    0.139674    0.431090   15.334754 ^ wire8681/X (sky130_fd_sc_hd__buf_4)
                                                         net8681 (net)
                      0.139795    0.003716   15.338470 ^ hold2534/A (sky130_fd_sc_hd__dlygate4sd3_1)
     3    0.029315    0.460512    1.367228   16.705698 ^ hold2534/X (sky130_fd_sc_hd__dlygate4sd3_1)
                                                         net14921 (net)
                      0.460532    0.003533   16.709232 ^ wire8680/A (sky130_fd_sc_hd__buf_6)
     1    0.004332    0.046384    0.299123   17.008354 ^ wire8680/X (sky130_fd_sc_hd__buf_6)
                                                         net8680 (net)
                      0.046384    0.000300   17.008654 ^ hold2535/A (sky130_fd_sc_hd__dlygate4sd3_1)
     5    0.070217    1.049783    1.750260   18.758915 ^ hold2535/X (sky130_fd_sc_hd__dlygate4sd3_1)
                                                         net14922 (net)
                      1.049812    0.006667   18.765581 ^ wire8679/A (sky130_fd_sc_hd__buf_4)
     3    0.063480    0.294292    0.705951   19.471533 ^ wire8679/X (sky130_fd_sc_hd__buf_4)
                                                         net8679 (net)
                      0.295925    0.016732   19.488264 ^ wire8678/A (sky130_fd_sc_hd__buf_6)
     5    0.078406    0.255056    0.402965   19.891230 ^ wire8678/X (sky130_fd_sc_hd__buf_6)
                                                         net8678 (net)
                      0.256931    0.017730   19.908958 ^ fanout8676/A (sky130_fd_sc_hd__buf_4)
    21    0.083986    0.370654    0.509802   20.418760 ^ fanout8676/X (sky130_fd_sc_hd__buf_4)
                                                         net8676 (net)
                      0.371312    0.012884   20.431644 ^ _096340_/B (sky130_fd_sc_hd__nand2_1)
     2    0.008034    0.172734    0.275742   20.707386 v _096340_/Y (sky130_fd_sc_hd__nand2_1)
                                                         _039883_ (net)
                      0.172734    0.000547   20.707933 v _096344_/A (sky130_fd_sc_hd__or3b_2)
     3    0.014273    0.234000    1.234778   21.942711 v _096344_/X (sky130_fd_sc_hd__or3b_2)
                                                         _039887_ (net)
                      0.234001    0.001101   21.943813 v _096351_/A1 (sky130_fd_sc_hd__a21o_1)
     2    0.008775    0.106912    0.403496   22.347309 v _096351_/X (sky130_fd_sc_hd__a21o_1)
                                                         _039894_ (net)
                      0.106916    0.000787   22.348095 v _096352_/D (sky130_fd_sc_hd__and4b_1)
     2    0.009566    0.130998    0.485251   22.833347 v _096352_/X (sky130_fd_sc_hd__and4b_1)
                                                         _039895_ (net)
                      0.130999    0.000664   22.834011 v _096354_/A_N (sky130_fd_sc_hd__nand2b_1)
     1    0.010449    0.200307    0.415378   23.249390 v _096354_/Y (sky130_fd_sc_hd__nand2b_1)
                                                         _039897_ (net)
                      0.200308    0.000892   23.250280 v _096355_/B (sky130_fd_sc_hd__xnor2_2)
     3    0.013806    0.180882    0.352205   23.602486 v _096355_/Y (sky130_fd_sc_hd__xnor2_2)
                                                         _039898_ (net)
                      0.180883    0.000904   23.603390 v _096358_/B (sky130_fd_sc_hd__xnor2_1)
     1    0.005976    0.149454    0.291536   23.894926 v _096358_/Y (sky130_fd_sc_hd__xnor2_1)
                                                         _039901_ (net)
                      0.149454    0.000290   23.895216 v _096359_/B (sky130_fd_sc_hd__xnor2_1)
     3    0.011544    0.469861    0.463595   24.358810 ^ _096359_/Y (sky130_fd_sc_hd__xnor2_1)
                                                         _039902_ (net)
                      0.469862    0.000645   24.359455 ^ _096363_/A (sky130_fd_sc_hd__xor2_1)
     1    0.007720    0.323078    0.470218   24.829674 ^ _096363_/X (sky130_fd_sc_hd__xor2_1)
                                                         _039906_ (net)
                      0.323078    0.000647   24.830320 ^ _096365_/A (sky130_fd_sc_hd__xnor2_1)
     2    0.012532    0.502654    0.391937   25.222258 ^ _096365_/Y (sky130_fd_sc_hd__xnor2_1)
                                                         _039908_ (net)
                      0.502658    0.001146   25.223402 ^ _096366_/B (sky130_fd_sc_hd__xnor2_1)
     2    0.006382    0.195202    0.309150   25.532553 v _096366_/Y (sky130_fd_sc_hd__xnor2_1)
                                                         _039909_ (net)
                      0.195202    0.000357   25.532909 v _096367_/B1 (sky130_fd_sc_hd__a21oi_1)
     2    0.008785    0.347304    0.372621   25.905531 ^ _096367_/Y (sky130_fd_sc_hd__a21oi_1)
                                                         _039910_ (net)
                      0.347306    0.000549   25.906080 ^ _096491_/B1 (sky130_fd_sc_hd__a21o_1)
     1    0.003001    0.074446    0.237094   26.143173 ^ _096491_/X (sky130_fd_sc_hd__a21o_1)
                                                         _040033_ (net)
                      0.074446    0.000222   26.143396 ^ hold19403/A (sky130_fd_sc_hd__dlygate4sd3_1)
     2    0.016387    0.275661    1.205921   27.349316 ^ hold19403/X (sky130_fd_sc_hd__dlygate4sd3_1)
                                                         net31790 (net)
                      0.275661    0.000556   27.349873 ^ _096566_/A2 (sky130_fd_sc_hd__a21oi_2)
     7    0.037199    0.303733    0.367558   27.717430 v _096566_/Y (sky130_fd_sc_hd__a21oi_2)
                                                         _040107_ (net)
                      0.303938    0.006478   27.723909 v _096571_/A2 (sky130_fd_sc_hd__o21ba_1)
     2    0.019971    0.206203    0.540576   28.264484 v _096571_/X (sky130_fd_sc_hd__o21ba_1)
                                                         _040111_ (net)
                      0.206216    0.001826   28.266312 v _096699_/A1 (sky130_fd_sc_hd__o21a_1)
     3    0.017107    0.187073    0.507915   28.774227 v _096699_/X (sky130_fd_sc_hd__o21a_1)
                                                         _040238_ (net)
                      0.187088    0.001775   28.776001 v _096766_/A2 (sky130_fd_sc_hd__o211ai_2)
     3    0.015605    0.377890    0.414099   29.190100 ^ _096766_/Y (sky130_fd_sc_hd__o211ai_2)
                                                         _040304_ (net)
                      0.377890    0.001306   29.191406 ^ _096908_/A2 (sky130_fd_sc_hd__a31o_1)
     2    0.010203    0.183602    0.480755   29.672161 ^ _096908_/X (sky130_fd_sc_hd__a31o_1)
                                                         _040443_ (net)
                      0.183602    0.000741   29.672901 ^ _096909_/A2 (sky130_fd_sc_hd__a21o_2)
     5    0.158465    1.199236    1.103242   30.776144 ^ _096909_/X (sky130_fd_sc_hd__a21o_2)
                                                         _040444_ (net)
                      1.200953    0.037616   30.813759 ^ wire223/A (sky130_fd_sc_hd__buf_4)
     3    0.077022    0.352102    0.782965   31.596724 ^ wire223/X (sky130_fd_sc_hd__buf_4)
                                                         net223 (net)
                      0.354874    0.025278   31.622002 ^ wire222/A (sky130_fd_sc_hd__buf_6)
     3    0.089619    0.291468    0.437030   32.059032 ^ wire222/X (sky130_fd_sc_hd__buf_6)
                                                         net222 (net)
                      0.298847    0.036795   32.095829 ^ wire221/A (sky130_fd_sc_hd__buf_6)
     3    0.238962    0.737553    0.719449   32.815277 ^ wire221/X (sky130_fd_sc_hd__buf_6)
                                                         net221 (net)
                      0.748532    0.072298   32.887573 ^ wire220/A (sky130_fd_sc_hd__buf_6)
     2    0.020311    0.093333    0.424265   33.311840 ^ wire220/X (sky130_fd_sc_hd__buf_6)
                                                         net220 (net)
                      0.093440    0.002789   33.314629 ^ _096930_/A2 (sky130_fd_sc_hd__a21bo_1)
     3    0.039446    0.521816    0.548074   33.862701 ^ _096930_/X (sky130_fd_sc_hd__a21bo_1)
                                                         _040463_ (net)
                      0.521938    0.006676   33.869377 ^ wire167/A (sky130_fd_sc_hd__clkbuf_2)
     7    0.049525    0.417904    0.619632   34.489010 ^ wire167/X (sky130_fd_sc_hd__clkbuf_2)
                                                         net167 (net)
                      0.418426    0.010292   34.499302 ^ _096946_/A3 (sky130_fd_sc_hd__a31o_2)
     5    0.055265    0.491024    0.767745   35.267048 ^ _096946_/X (sky130_fd_sc_hd__a31o_2)
                                                         _040477_ (net)
                      0.491728    0.013298   35.280346 ^ _096959_/A2 (sky130_fd_sc_hd__a31oi_4)
     7    0.083823    0.612488    0.681201   35.961544 v _096959_/Y (sky130_fd_sc_hd__a31oi_4)
                                                         _040488_ (net)
                      0.613977    0.024574   35.986118 v _096988_/A1 (sky130_fd_sc_hd__o21ba_2)
     5    0.062717    0.300808    0.834351   36.820473 v _096988_/X (sky130_fd_sc_hd__o21ba_2)
                                                         _040513_ (net)
                      0.301982    0.016190   36.836662 v _096989_/B (sky130_fd_sc_hd__nor2_2)
    11    0.050536    0.890704    0.795495   37.632156 ^ _096989_/Y (sky130_fd_sc_hd__nor2_2)
                                                         _040514_ (net)
                      0.890858    0.009898   37.642056 ^ _097014_/A1 (sky130_fd_sc_hd__o211a_1)
     5    0.025992    0.358594    0.794138   38.436192 ^ _097014_/X (sky130_fd_sc_hd__o211a_1)
                                                         _040535_ (net)
                      0.358624    0.003453   38.439644 ^ _097017_/A1 (sky130_fd_sc_hd__o21a_1)
     3    0.020315    0.321278    0.527507   38.967152 ^ _097017_/X (sky130_fd_sc_hd__o21a_1)
                                                         _040538_ (net)
                      0.321305    0.003094   38.970245 ^ _097026_/B1 (sky130_fd_sc_hd__a211o_1)
     2    0.013371    0.201197    0.366217   39.336464 ^ _097026_/X (sky130_fd_sc_hd__a211o_1)
                                                         _040546_ (net)
                      0.201199    0.000998   39.337463 ^ _097033_/B (sky130_fd_sc_hd__nand2_1)
     2    0.016103    0.274246    0.312031   39.649494 v _097033_/Y (sky130_fd_sc_hd__nand2_1)
                                                         _040552_ (net)
                      0.274325    0.001361   39.650856 v _097034_/B (sky130_fd_sc_hd__xor2_1)
     1    0.004225    0.124375    0.355545   40.006401 v _097034_/X (sky130_fd_sc_hd__xor2_1)
                                                         _040553_ (net)
                      0.124375    0.000295   40.006695 v hold30873/A (sky130_fd_sc_hd__dlygate4sd3_1)
     1    0.005497    0.133869    1.188830   41.195526 v hold30873/X (sky130_fd_sc_hd__dlygate4sd3_1)
                                                         net43260 (net)
                      0.133869    0.000394   41.195919 v _097036_/A2 (sky130_fd_sc_hd__o211a_1)
     1    0.004363    0.085940    0.418115   41.614033 v _097036_/X (sky130_fd_sc_hd__o211a_1)
                                                         _002160_ (net)
                      0.085940    0.000224   41.614258 v hold8696/A (sky130_fd_sc_hd__dlygate4sd3_1)
     1    0.002337    0.102067    1.122729   42.736988 v hold8696/X (sky130_fd_sc_hd__dlygate4sd3_1)
                                                         net21083 (net)
                      0.102067    0.000160   42.737148 v _123234_/D (sky130_fd_sc_hd__dfxtp_1)
                                             42.737148   data arrival time

                                 25.000000   25.000000   clock clk (rise edge)
                                  4.650000   29.650000   clock source latency
     4    0.440458    0.610000    0.000000   29.650000 ^ wb_clk_i (in)
                                                         wb_clk_i (net)
                      0.818283    0.104142   29.754141 ^ clkbuf_0_wb_clk_i/A (sky130_fd_sc_hd__clkbuf_16)
     5    0.125713    0.222790    0.618378   30.372520 ^ clkbuf_0_wb_clk_i/X (sky130_fd_sc_hd__clkbuf_16)
                                                         clknet_0_wb_clk_i (net)
                      0.223842    0.012587   30.385107 ^ clkbuf_1_0_0_wb_clk_i/A (sky130_fd_sc_hd__clkbuf_8)
     3    0.084534    0.239634    0.426439   30.811546 ^ clkbuf_1_0_0_wb_clk_i/X (sky130_fd_sc_hd__clkbuf_8)
                                                         clknet_1_0_0_wb_clk_i (net)
                      0.240317    0.009521   30.821068 ^ clkbuf_1_0_1_wb_clk_i/A (sky130_fd_sc_hd__clkbuf_8)
     5    0.146969    0.395608    0.534921   31.355989 ^ clkbuf_1_0_1_wb_clk_i/X (sky130_fd_sc_hd__clkbuf_8)
                                                         clknet_1_0_1_wb_clk_i (net)
                      0.399252    0.030735   31.386723 ^ clkbuf_2_0_0_wb_clk_i/A (sky130_fd_sc_hd__clkbuf_8)
     5    0.076951    0.224576    0.478696   31.865419 ^ clkbuf_2_0_0_wb_clk_i/X (sky130_fd_sc_hd__clkbuf_8)
                                                         clknet_2_0_0_wb_clk_i (net)
                      0.228641    0.023995   31.889414 ^ clkbuf_3_0_0_wb_clk_i/A (sky130_fd_sc_hd__clkbuf_8)
     5    0.080786    0.232548    0.412701   32.302116 ^ clkbuf_3_0_0_wb_clk_i/X (sky130_fd_sc_hd__clkbuf_8)
                                                         clknet_3_0_0_wb_clk_i (net)
                      0.237686    0.027423   32.329540 ^ clkbuf_4_1_0_wb_clk_i/A (sky130_fd_sc_hd__clkbuf_8)
     5    0.076279    0.221176    0.410140   32.739677 ^ clkbuf_4_1_0_wb_clk_i/X (sky130_fd_sc_hd__clkbuf_8)
                                                         clknet_4_1_0_wb_clk_i (net)
                      0.225024    0.023217   32.762894 ^ clkbuf_5_3_0_wb_clk_i/A (sky130_fd_sc_hd__clkbuf_8)
     9    0.110357    0.305492    0.466596   33.229492 ^ clkbuf_5_3_0_wb_clk_i/X (sky130_fd_sc_hd__clkbuf_8)
                                                         clknet_5_3_0_wb_clk_i (net)
                      0.305578    0.004391   33.233883 ^ clkbuf_7_14_0_wb_clk_i/A (sky130_fd_sc_hd__clkbuf_8)
     5    0.057154    0.172922    0.412008   33.645889 ^ clkbuf_7_14_0_wb_clk_i/X (sky130_fd_sc_hd__clkbuf_8)
                                                         clknet_7_14_0_wb_clk_i (net)
                      0.173565    0.007656   33.653545 ^ clkbuf_8_28__f_wb_clk_i/A (sky130_fd_sc_hd__clkbuf_16)
    23    0.138635    0.231765    0.400703   34.054249 ^ clkbuf_8_28__f_wb_clk_i/X (sky130_fd_sc_hd__clkbuf_16)
                                                         clknet_8_28__leaf_wb_clk_i (net)
                      0.232313    0.008296   34.062546 ^ clkbuf_leaf_1308_wb_clk_i/A (sky130_fd_sc_hd__clkbuf_8)
     4    0.013790    0.069750    0.295685   34.358231 ^ clkbuf_leaf_1308_wb_clk_i/X (sky130_fd_sc_hd__clkbuf_8)
                                                         clknet_leaf_1308_wb_clk_i (net)
                      0.069750    0.001016   34.359245 ^ _123234_/CLK (sky130_fd_sc_hd__dfxtp_1)
                                 -0.250000   34.109245   clock uncertainty
                                  0.920000   35.029247   clock reconvergence pessimism
                                 -0.282376   34.746868   library setup time
                                             34.746868   data required time
---------------------------------------------------------------------------------------------
                                             34.746868   data required time
                                            -42.737148   data arrival time
---------------------------------------------------------------------------------------------
                                             -7.990277   slack (VIOLATED)




===========================================================================
report_checks --slack_max -0.01
============================================================================
======================= max_ss_100C_1v60 Corner ===================================

Startpoint: _123296_ (rising edge-triggered flip-flop clocked by clk)
Endpoint: _123234_ (rising edge-triggered flip-flop clocked by clk)
Path Group: clk
Path Type: max

Fanout         Cap        Slew       Delay        Time   Description
---------------------------------------------------------------------------------------------
                                  0.000000    0.000000   clock clk (rise edge)
                                  5.570000    5.570000   clock source latency
     4    0.440458    0.610000    0.000000    5.570000 ^ wb_clk_i (in)
                                                         wb_clk_i (net)
                      0.818283    0.104142    5.674142 ^ clkbuf_0_wb_clk_i/A (sky130_fd_sc_hd__clkbuf_16)
     5    0.125713    0.222790    0.618380    6.292521 ^ clkbuf_0_wb_clk_i/X (sky130_fd_sc_hd__clkbuf_16)
                                                         clknet_0_wb_clk_i (net)
                      0.231658    0.034798    6.327320 ^ clkbuf_1_1_0_wb_clk_i/A (sky130_fd_sc_hd__clkbuf_8)
     9    0.365989    0.957105    0.856409    7.183729 ^ clkbuf_1_1_0_wb_clk_i/X (sky130_fd_sc_hd__clkbuf_8)
                                                         clknet_1_1_0_wb_clk_i (net)
                      0.983825    0.127260    7.310989 ^ clkbuf_1_1_1_wb_clk_i/A (sky130_fd_sc_hd__clkbuf_8)
    11    0.382091    0.994791    1.184069    8.495058 ^ clkbuf_1_1_1_wb_clk_i/X (sky130_fd_sc_hd__clkbuf_8)
                                                         clknet_1_1_1_wb_clk_i (net)
                      0.995250    0.018429    8.513487 ^ clkbuf_2_2_0_wb_clk_i/A (sky130_fd_sc_hd__clkbuf_8)
     5    0.230547    0.610315    0.939476    9.452963 ^ clkbuf_2_2_0_wb_clk_i/X (sky130_fd_sc_hd__clkbuf_8)
                                                         clknet_2_2_0_wb_clk_i (net)
                      0.612732    0.031979    9.484942 ^ clkbuf_3_5_0_wb_clk_i/A (sky130_fd_sc_hd__clkbuf_8)
     5    0.136260    0.371164    0.654714   10.139656 ^ clkbuf_3_5_0_wb_clk_i/X (sky130_fd_sc_hd__clkbuf_8)
                                                         clknet_3_5_0_wb_clk_i (net)
                      0.390115    0.065456   10.205112 ^ clkbuf_4_11_0_wb_clk_i/A (sky130_fd_sc_hd__clkbuf_8)
     5    0.083365    0.238321    0.494407   10.699519 ^ clkbuf_4_11_0_wb_clk_i/X (sky130_fd_sc_hd__clkbuf_8)
                                                         clknet_4_11_0_wb_clk_i (net)
                      0.238987    0.009391   10.708910 ^ clkbuf_5_23_0_wb_clk_i/A (sky130_fd_sc_hd__clkbuf_8)
     9    0.110711    0.309499    0.460604   11.169514 ^ clkbuf_5_23_0_wb_clk_i/X (sky130_fd_sc_hd__clkbuf_8)
                                                         clknet_5_23_0_wb_clk_i (net)
                      0.318771    0.042388   11.211902 ^ clkbuf_7_93_0_wb_clk_i/A (sky130_fd_sc_hd__clkbuf_8)
     5    0.046959    0.148269    0.397551   11.609453 ^ clkbuf_7_93_0_wb_clk_i/X (sky130_fd_sc_hd__clkbuf_8)
                                                         clknet_7_93_0_wb_clk_i (net)
                      0.149179    0.008460   11.617913 ^ clkbuf_8_187__f_wb_clk_i/A (sky130_fd_sc_hd__clkbuf_16)
    23    0.177186    0.289754    0.416868   12.034781 ^ clkbuf_8_187__f_wb_clk_i/X (sky130_fd_sc_hd__clkbuf_16)
                                                         clknet_8_187__leaf_wb_clk_i (net)
                      0.300449    0.043770   12.078552 ^ clkbuf_leaf_528_wb_clk_i/A (sky130_fd_sc_hd__clkbuf_8)
     4    0.012829    0.069243    0.321910   12.400461 ^ clkbuf_leaf_528_wb_clk_i/X (sky130_fd_sc_hd__clkbuf_8)
                                                         clknet_leaf_528_wb_clk_i (net)
                      0.069243    0.000872   12.401334 ^ _123296_/CLK (sky130_fd_sc_hd__dfxtp_2)
     3    0.064717    0.513802    0.977890   13.379224 ^ _123296_/Q (sky130_fd_sc_hd__dfxtp_2)
                                                         matmul_inst.gen_row[2].gen_col[2].pe_inst.a_out[4] (net)
                      0.514481    0.016634   13.395857 ^ hold2533/A (sky130_fd_sc_hd__dlygate4sd3_1)
     3    0.030347    0.475542    1.503205   14.899062 ^ hold2533/X (sky130_fd_sc_hd__dlygate4sd3_1)
                                                         net14920 (net)
                      0.475582    0.004603   14.903665 ^ wire8681/A (sky130_fd_sc_hd__buf_4)
     3    0.027351    0.139674    0.431090   15.334754 ^ wire8681/X (sky130_fd_sc_hd__buf_4)
                                                         net8681 (net)
                      0.139795    0.003716   15.338470 ^ hold2534/A (sky130_fd_sc_hd__dlygate4sd3_1)
     3    0.029315    0.460512    1.367228   16.705698 ^ hold2534/X (sky130_fd_sc_hd__dlygate4sd3_1)
                                                         net14921 (net)
                      0.460532    0.003533   16.709232 ^ wire8680/A (sky130_fd_sc_hd__buf_6)
     1    0.004332    0.046384    0.299123   17.008354 ^ wire8680/X (sky130_fd_sc_hd__buf_6)
                                                         net8680 (net)
                      0.046384    0.000300   17.008654 ^ hold2535/A (sky130_fd_sc_hd__dlygate4sd3_1)
     5    0.070217    1.049783    1.750260   18.758915 ^ hold2535/X (sky130_fd_sc_hd__dlygate4sd3_1)
                                                         net14922 (net)
                      1.049812    0.006667   18.765581 ^ wire8679/A (sky130_fd_sc_hd__buf_4)
     3    0.063480    0.294292    0.705951   19.471533 ^ wire8679/X (sky130_fd_sc_hd__buf_4)
                                                         net8679 (net)
                      0.295925    0.016732   19.488264 ^ wire8678/A (sky130_fd_sc_hd__buf_6)
     5    0.078406    0.255056    0.402965   19.891230 ^ wire8678/X (sky130_fd_sc_hd__buf_6)
                                                         net8678 (net)
                      0.256931    0.017730   19.908958 ^ fanout8676/A (sky130_fd_sc_hd__buf_4)
    21    0.083986    0.370654    0.509802   20.418760 ^ fanout8676/X (sky130_fd_sc_hd__buf_4)
                                                         net8676 (net)
                      0.371312    0.012884   20.431644 ^ _096340_/B (sky130_fd_sc_hd__nand2_1)
     2    0.008034    0.172734    0.275742   20.707386 v _096340_/Y (sky130_fd_sc_hd__nand2_1)
                                                         _039883_ (net)
                      0.172734    0.000547   20.707933 v _096344_/A (sky130_fd_sc_hd__or3b_2)
     3    0.014273    0.234000    1.234778   21.942711 v _096344_/X (sky130_fd_sc_hd__or3b_2)
                                                         _039887_ (net)
                      0.234001    0.001101   21.943813 v _096351_/A1 (sky130_fd_sc_hd__a21o_1)
     2    0.008775    0.106912    0.403496   22.347309 v _096351_/X (sky130_fd_sc_hd__a21o_1)
                                                         _039894_ (net)
                      0.106916    0.000787   22.348095 v _096352_/D (sky130_fd_sc_hd__and4b_1)
     2    0.009566    0.130998    0.485251   22.833347 v _096352_/X (sky130_fd_sc_hd__and4b_1)
                                                         _039895_ (net)
                      0.130999    0.000664   22.834011 v _096354_/A_N (sky130_fd_sc_hd__nand2b_1)
     1    0.010449    0.200307    0.415378   23.249390 v _096354_/Y (sky130_fd_sc_hd__nand2b_1)
                                                         _039897_ (net)
                      0.200308    0.000892   23.250280 v _096355_/B (sky130_fd_sc_hd__xnor2_2)
     3    0.013806    0.180882    0.352205   23.602486 v _096355_/Y (sky130_fd_sc_hd__xnor2_2)
                                                         _039898_ (net)
                      0.180883    0.000904   23.603390 v _096358_/B (sky130_fd_sc_hd__xnor2_1)
     1    0.005976    0.149454    0.291536   23.894926 v _096358_/Y (sky130_fd_sc_hd__xnor2_1)
                                                         _039901_ (net)
                      0.149454    0.000290   23.895216 v _096359_/B (sky130_fd_sc_hd__xnor2_1)
     3    0.011544    0.469861    0.463595   24.358810 ^ _096359_/Y (sky130_fd_sc_hd__xnor2_1)
                                                         _039902_ (net)
                      0.469862    0.000645   24.359455 ^ _096363_/A (sky130_fd_sc_hd__xor2_1)
     1    0.007720    0.323078    0.470218   24.829674 ^ _096363_/X (sky130_fd_sc_hd__xor2_1)
                                                         _039906_ (net)
                      0.323078    0.000647   24.830320 ^ _096365_/A (sky130_fd_sc_hd__xnor2_1)
     2    0.012532    0.502654    0.391937   25.222258 ^ _096365_/Y (sky130_fd_sc_hd__xnor2_1)
                                                         _039908_ (net)
                      0.502658    0.001146   25.223402 ^ _096366_/B (sky130_fd_sc_hd__xnor2_1)
     2    0.006382    0.195202    0.309150   25.532553 v _096366_/Y (sky130_fd_sc_hd__xnor2_1)
                                                         _039909_ (net)
                      0.195202    0.000357   25.532909 v _096367_/B1 (sky130_fd_sc_hd__a21oi_1)
     2    0.008785    0.347304    0.372621   25.905531 ^ _096367_/Y (sky130_fd_sc_hd__a21oi_1)
                                                         _039910_ (net)
                      0.347306    0.000549   25.906080 ^ _096491_/B1 (sky130_fd_sc_hd__a21o_1)
     1    0.003001    0.074446    0.237094   26.143173 ^ _096491_/X (sky130_fd_sc_hd__a21o_1)
                                                         _040033_ (net)
                      0.074446    0.000222   26.143396 ^ hold19403/A (sky130_fd_sc_hd__dlygate4sd3_1)
     2    0.016387    0.275661    1.205921   27.349316 ^ hold19403/X (sky130_fd_sc_hd__dlygate4sd3_1)
                                                         net31790 (net)
                      0.275661    0.000556   27.349873 ^ _096566_/A2 (sky130_fd_sc_hd__a21oi_2)
     7    0.037199    0.303733    0.367558   27.717430 v _096566_/Y (sky130_fd_sc_hd__a21oi_2)
                                                         _040107_ (net)
                      0.303938    0.006478   27.723909 v _096571_/A2 (sky130_fd_sc_hd__o21ba_1)
     2    0.019971    0.206203    0.540576   28.264484 v _096571_/X (sky130_fd_sc_hd__o21ba_1)
                                                         _040111_ (net)
                      0.206216    0.001826   28.266312 v _096699_/A1 (sky130_fd_sc_hd__o21a_1)
     3    0.017107    0.187073    0.507915   28.774227 v _096699_/X (sky130_fd_sc_hd__o21a_1)
                                                         _040238_ (net)
                      0.187088    0.001775   28.776001 v _096766_/A2 (sky130_fd_sc_hd__o211ai_2)
     3    0.015605    0.377890    0.414099   29.190100 ^ _096766_/Y (sky130_fd_sc_hd__o211ai_2)
                                                         _040304_ (net)
                      0.377890    0.001306   29.191406 ^ _096908_/A2 (sky130_fd_sc_hd__a31o_1)
     2    0.010203    0.183602    0.480755   29.672161 ^ _096908_/X (sky130_fd_sc_hd__a31o_1)
                                                         _040443_ (net)
                      0.183602    0.000741   29.672901 ^ _096909_/A2 (sky130_fd_sc_hd__a21o_2)
     5    0.158465    1.199236    1.103242   30.776144 ^ _096909_/X (sky130_fd_sc_hd__a21o_2)
                                                         _040444_ (net)
                      1.200953    0.037616   30.813759 ^ wire223/A (sky130_fd_sc_hd__buf_4)
     3    0.077022    0.352102    0.782965   31.596724 ^ wire223/X (sky130_fd_sc_hd__buf_4)
                                                         net223 (net)
                      0.354874    0.025278   31.622002 ^ wire222/A (sky130_fd_sc_hd__buf_6)
     3    0.089619    0.291468    0.437030   32.059032 ^ wire222/X (sky130_fd_sc_hd__buf_6)
                                                         net222 (net)
                      0.298847    0.036795   32.095829 ^ wire221/A (sky130_fd_sc_hd__buf_6)
     3    0.238962    0.737553    0.719449   32.815277 ^ wire221/X (sky130_fd_sc_hd__buf_6)
                                                         net221 (net)
                      0.748532    0.072298   32.887573 ^ wire220/A (sky130_fd_sc_hd__buf_6)
     2    0.020311    0.093333    0.424265   33.311840 ^ wire220/X (sky130_fd_sc_hd__buf_6)
                                                         net220 (net)
                      0.093440    0.002789   33.314629 ^ _096930_/A2 (sky130_fd_sc_hd__a21bo_1)
     3    0.039446    0.521816    0.548074   33.862701 ^ _096930_/X (sky130_fd_sc_hd__a21bo_1)
                                                         _040463_ (net)
                      0.521938    0.006676   33.869377 ^ wire167/A (sky130_fd_sc_hd__clkbuf_2)
     7    0.049525    0.417904    0.619632   34.489010 ^ wire167/X (sky130_fd_sc_hd__clkbuf_2)
                                                         net167 (net)
                      0.418426    0.010292   34.499302 ^ _096946_/A3 (sky130_fd_sc_hd__a31o_2)
     5    0.055265    0.491024    0.767745   35.267048 ^ _096946_/X (sky130_fd_sc_hd__a31o_2)
                                                         _040477_ (net)
                      0.491728    0.013298   35.280346 ^ _096959_/A2 (sky130_fd_sc_hd__a31oi_4)
     7    0.083823    0.612488    0.681201   35.961544 v _096959_/Y (sky130_fd_sc_hd__a31oi_4)
                                                         _040488_ (net)
                      0.613977    0.024574   35.986118 v _096988_/A1 (sky130_fd_sc_hd__o21ba_2)
     5    0.062717    0.300808    0.834351   36.820473 v _096988_/X (sky130_fd_sc_hd__o21ba_2)
                                                         _040513_ (net)
                      0.301982    0.016190   36.836662 v _096989_/B (sky130_fd_sc_hd__nor2_2)
    11    0.050536    0.890704    0.795495   37.632156 ^ _096989_/Y (sky130_fd_sc_hd__nor2_2)
                                                         _040514_ (net)
                      0.890858    0.009898   37.642056 ^ _097014_/A1 (sky130_fd_sc_hd__o211a_1)
     5    0.025992    0.358594    0.794138   38.436192 ^ _097014_/X (sky130_fd_sc_hd__o211a_1)
                                                         _040535_ (net)
                      0.358624    0.003453   38.439644 ^ _097017_/A1 (sky130_fd_sc_hd__o21a_1)
     3    0.020315    0.321278    0.527507   38.967152 ^ _097017_/X (sky130_fd_sc_hd__o21a_1)
                                                         _040538_ (net)
                      0.321305    0.003094   38.970245 ^ _097026_/B1 (sky130_fd_sc_hd__a211o_1)
     2    0.013371    0.201197    0.366217   39.336464 ^ _097026_/X (sky130_fd_sc_hd__a211o_1)
                                                         _040546_ (net)
                      0.201199    0.000998   39.337463 ^ _097033_/B (sky130_fd_sc_hd__nand2_1)
     2    0.016103    0.274246    0.312031   39.649494 v _097033_/Y (sky130_fd_sc_hd__nand2_1)
                                                         _040552_ (net)
                      0.274325    0.001361   39.650856 v _097034_/B (sky130_fd_sc_hd__xor2_1)
     1    0.004225    0.124375    0.355545   40.006401 v _097034_/X (sky130_fd_sc_hd__xor2_1)
                                                         _040553_ (net)
                      0.124375    0.000295   40.006695 v hold30873/A (sky130_fd_sc_hd__dlygate4sd3_1)
     1    0.005497    0.133869    1.188830   41.195526 v hold30873/X (sky130_fd_sc_hd__dlygate4sd3_1)
                                                         net43260 (net)
                      0.133869    0.000394   41.195919 v _097036_/A2 (sky130_fd_sc_hd__o211a_1)
     1    0.004363    0.085940    0.418115   41.614033 v _097036_/X (sky130_fd_sc_hd__o211a_1)
                                                         _002160_ (net)
                      0.085940    0.000224   41.614258 v hold8696/A (sky130_fd_sc_hd__dlygate4sd3_1)
     1    0.002337    0.102067    1.122729   42.736988 v hold8696/X (sky130_fd_sc_hd__dlygate4sd3_1)
                                                         net21083 (net)
                      0.102067    0.000160   42.737148 v _123234_/D (sky130_fd_sc_hd__dfxtp_1)
                                             42.737148   data arrival time

                                 25.000000   25.000000   clock clk (rise edge)
                                  4.650000   29.650000   clock source latency
     4    0.440458    0.610000    0.000000   29.650000 ^ wb_clk_i (in)
                                                         wb_clk_i (net)
                      0.818283    0.104142   29.754141 ^ clkbuf_0_wb_clk_i/A (sky130_fd_sc_hd__clkbuf_16)
     5    0.125713    0.222790    0.618378   30.372520 ^ clkbuf_0_wb_clk_i/X (sky130_fd_sc_hd__clkbuf_16)
                                                         clknet_0_wb_clk_i (net)
                      0.223842    0.012587   30.385107 ^ clkbuf_1_0_0_wb_clk_i/A (sky130_fd_sc_hd__clkbuf_8)
     3    0.084534    0.239634    0.426439   30.811546 ^ clkbuf_1_0_0_wb_clk_i/X (sky130_fd_sc_hd__clkbuf_8)
                                                         clknet_1_0_0_wb_clk_i (net)
                      0.240317    0.009521   30.821068 ^ clkbuf_1_0_1_wb_clk_i/A (sky130_fd_sc_hd__clkbuf_8)
     5    0.146969    0.395608    0.534921   31.355989 ^ clkbuf_1_0_1_wb_clk_i/X (sky130_fd_sc_hd__clkbuf_8)
                                                         clknet_1_0_1_wb_clk_i (net)
                      0.399252    0.030735   31.386723 ^ clkbuf_2_0_0_wb_clk_i/A (sky130_fd_sc_hd__clkbuf_8)
     5    0.076951    0.224576    0.478696   31.865419 ^ clkbuf_2_0_0_wb_clk_i/X (sky130_fd_sc_hd__clkbuf_8)
                                                         clknet_2_0_0_wb_clk_i (net)
                      0.228641    0.023995   31.889414 ^ clkbuf_3_0_0_wb_clk_i/A (sky130_fd_sc_hd__clkbuf_8)
     5    0.080786    0.232548    0.412701   32.302116 ^ clkbuf_3_0_0_wb_clk_i/X (sky130_fd_sc_hd__clkbuf_8)
                                                         clknet_3_0_0_wb_clk_i (net)
                      0.237686    0.027423   32.329540 ^ clkbuf_4_1_0_wb_clk_i/A (sky130_fd_sc_hd__clkbuf_8)
     5    0.076279    0.221176    0.410140   32.739677 ^ clkbuf_4_1_0_wb_clk_i/X (sky130_fd_sc_hd__clkbuf_8)
                                                         clknet_4_1_0_wb_clk_i (net)
                      0.225024    0.023217   32.762894 ^ clkbuf_5_3_0_wb_clk_i/A (sky130_fd_sc_hd__clkbuf_8)
     9    0.110357    0.305492    0.466596   33.229492 ^ clkbuf_5_3_0_wb_clk_i/X (sky130_fd_sc_hd__clkbuf_8)
                                                         clknet_5_3_0_wb_clk_i (net)
                      0.305578    0.004391   33.233883 ^ clkbuf_7_14_0_wb_clk_i/A (sky130_fd_sc_hd__clkbuf_8)
     5    0.057154    0.172922    0.412008   33.645889 ^ clkbuf_7_14_0_wb_clk_i/X (sky130_fd_sc_hd__clkbuf_8)
                                                         clknet_7_14_0_wb_clk_i (net)
                      0.173565    0.007656   33.653545 ^ clkbuf_8_28__f_wb_clk_i/A (sky130_fd_sc_hd__clkbuf_16)
    23    0.138635    0.231765    0.400703   34.054249 ^ clkbuf_8_28__f_wb_clk_i/X (sky130_fd_sc_hd__clkbuf_16)
                                                         clknet_8_28__leaf_wb_clk_i (net)
                      0.232313    0.008296   34.062546 ^ clkbuf_leaf_1308_wb_clk_i/A (sky130_fd_sc_hd__clkbuf_8)
     4    0.013790    0.069750    0.295685   34.358231 ^ clkbuf_leaf_1308_wb_clk_i/X (sky130_fd_sc_hd__clkbuf_8)
                                                         clknet_leaf_1308_wb_clk_i (net)
                      0.069750    0.001016   34.359245 ^ _123234_/CLK (sky130_fd_sc_hd__dfxtp_1)
                                 -0.250000   34.109245   clock uncertainty
                                  0.920000   35.029247   clock reconvergence pessimism
                                 -0.282376   34.746868   library setup time
                                             34.746868   data required time
---------------------------------------------------------------------------------------------
                                             34.746868   data required time
                                            -42.737148   data arrival time
---------------------------------------------------------------------------------------------
                                             -7.990277   slack (VIOLATED)




===========================================================================
 report_check_types -max_slew -max_cap -max_fanout -violators
============================================================================
======================= max_ss_100C_1v60 Corner ===================================

max slew

Pin                                        Limit        Slew       Slack
------------------------------------------------------------------------
wire3919/A                              1.500000    2.422090   -0.922090 (VIOLATED)
ANTENNA_wire3919_A/DIODE                1.500000    2.422086   -0.922086 (VIOLATED)
hold17128/X                             1.498918    2.420070   -0.921152 (VIOLATED)
ANTENNA_hold17128_X/DIODE               1.500000    2.420080   -0.920080 (VIOLATED)
wire3654/A                              1.500000    2.396825   -0.896825 (VIOLATED)
ANTENNA_wire3654_A/DIODE                1.500000    2.396808   -0.896808 (VIOLATED)
hold17087/X                             1.498918    2.393940   -0.895022 (VIOLATED)
ANTENNA_hold17087_X/DIODE               1.500000    2.393948   -0.893948 (VIOLATED)
hold294/X                               1.498918    2.262347   -0.763429 (VIOLATED)
_120714_/A1                             1.500000    2.263391   -0.763391 (VIOLATED)
ANTENNA__120714__A1/DIODE               1.500000    2.263384   -0.763384 (VIOLATED)
_120684_/A1                             1.500000    2.263265   -0.763265 (VIOLATED)
ANTENNA__120684__A1/DIODE               1.500000    2.263261   -0.763261 (VIOLATED)
ANTENNA_fanout11907_A/DIODE             1.500000    2.262533   -0.762533 (VIOLATED)
fanout11907/A                           1.500000    2.262534   -0.762534 (VIOLATED)
fanout11904/A                           1.500000    2.262495   -0.762495 (VIOLATED)
ANTENNA_fanout11904_A/DIODE             1.500000    2.262492   -0.762492 (VIOLATED)
_120874_/A1                             1.500000    2.262421   -0.762421 (VIOLATED)
ANTENNA__120874__A1/DIODE               1.500000    2.262419   -0.762419 (VIOLATED)
ANTENNA_hold294_X/DIODE                 1.500000    2.262354   -0.762354 (VIOLATED)
wire7010/A                              1.500000    2.259325   -0.759325 (VIOLATED)
ANTENNA_1002/DIODE                      1.500000    2.259314   -0.759314 (VIOLATED)
ANTENNA_wire7010_A/DIODE                1.500000    2.259305   -0.759306 (VIOLATED)
hold15011/X                             1.498918    2.256523   -0.757605 (VIOLATED)
ANTENNA_hold37264_A/DIODE               1.500000    2.256567   -0.756567 (VIOLATED)
hold37264/A                             1.500000    2.256568   -0.756568 (VIOLATED)
ANTENNA_hold15011_X/DIODE               1.500000    2.256530   -0.756530 (VIOLATED)
hold18656/X                             1.498918    2.251783   -0.752865 (VIOLATED)
_113604_/B1                             1.500000    2.251917   -0.751917 (VIOLATED)
ANTENNA__113604__B1/DIODE               1.500000    2.251915   -0.751915 (VIOLATED)
_113979_/B1                             1.500000    2.251912   -0.751912 (VIOLATED)
ANTENNA__113979__B1/DIODE               1.500000    2.251910   -0.751910 (VIOLATED)
ANTENNA__114356__B1/DIODE               1.500000    2.251856   -0.751856 (VIOLATED)
_114356_/B1                             1.500000    2.251857   -0.751857 (VIOLATED)
ANTENNA__114482__B1/DIODE               1.500000    2.251844   -0.751844 (VIOLATED)
_114482_/B1                             1.500000    2.251844   -0.751844 (VIOLATED)
ANTENNA__114167__B1/DIODE               1.500000    2.251829   -0.751829 (VIOLATED)
_114167_/B1                             1.500000    2.251829   -0.751829 (VIOLATED)
ANTENNA__114608__B1/DIODE               1.500000    2.251794   -0.751794 (VIOLATED)
_114608_/B1                             1.500000    2.251794   -0.751794 (VIOLATED)
ANTENNA__114922__B1/DIODE               1.500000    2.251793   -0.751794 (VIOLATED)
_114922_/B1                             1.500000    2.251794   -0.751794 (VIOLATED)
_113355_/B1                             1.500000    2.251784   -0.751784 (VIOLATED)
ANTENNA__113355__B1/DIODE               1.500000    2.251783   -0.751783 (VIOLATED)
ANTENNA_hold18656_X/DIODE               1.500000    2.251783   -0.751783 (VIOLATED)
ANTENNA_1011/DIODE                      1.500000    2.180512   -0.680512 (VIOLATED)
_116425_/A1                             1.500000    2.180512   -0.680512 (VIOLATED)
ANTENNA__116425__A1/DIODE               1.500000    2.180492   -0.680492 (VIOLATED)
hold32087/X                             1.498918    2.177801   -0.678883 (VIOLATED)
ANTENNA__076679__A/DIODE                1.500000    2.178103   -0.678103 (VIOLATED)
_076679_/A                              1.500000    2.178104   -0.678104 (VIOLATED)
ANTENNA__076675__B1/DIODE               1.500000    2.177840   -0.677840 (VIOLATED)
_076675_/B1                             1.500000    2.177841   -0.677841 (VIOLATED)
ANTENNA__076674__A/DIODE                1.500000    2.177835   -0.677835 (VIOLATED)
_076674_/A                              1.500000    2.177835   -0.677836 (VIOLATED)
ANTENNA_hold32087_X/DIODE               1.500000    2.177811   -0.677811 (VIOLATED)
_113464_/X                              1.492506    2.167993   -0.675487 (VIOLATED)
wire1309/A                              1.500000    2.171902   -0.671903 (VIOLATED)
ANTENNA_13/DIODE                        1.500000    2.171900   -0.671900 (VIOLATED)
ANTENNA_15/DIODE                        1.500000    2.171900   -0.671900 (VIOLATED)
ANTENNA_17/DIODE                        1.500000    2.171901   -0.671901 (VIOLATED)
ANTENNA_12/DIODE                        1.500000    2.171898   -0.671898 (VIOLATED)
ANTENNA_14/DIODE                        1.500000    2.171897   -0.671897 (VIOLATED)
ANTENNA_16/DIODE                        1.500000    2.171896   -0.671896 (VIOLATED)
ANTENNA_18/DIODE                        1.500000    2.171895   -0.671895 (VIOLATED)
ANTENNA_wire1309_A/DIODE                1.500000    2.171893   -0.671893 (VIOLATED)
ANTENNA__113464__X/DIODE                1.500000    2.168073   -0.668073 (VIOLATED)
_120758_/A1                             1.500000    2.125804   -0.625804 (VIOLATED)
ANTENNA__120758__A1/DIODE               1.500000    2.125802   -0.625802 (VIOLATED)
_120708_/A1                             1.500000    2.125771   -0.625771 (VIOLATED)
ANTENNA__120708__A1/DIODE               1.500000    2.125765   -0.625765 (VIOLATED)
_061221_/A1                             1.500000    2.125759   -0.625759 (VIOLATED)
ANTENNA__061221__A1/DIODE               1.500000    2.125757   -0.625757 (VIOLATED)
_061119_/A1                             1.500000    2.125637   -0.625637 (VIOLATED)
ANTENNA__061119__A1/DIODE               1.500000    2.125633   -0.625633 (VIOLATED)
hold54/X                                1.498918    2.123876   -0.624958 (VIOLATED)
fanout11255/A                           1.500000    2.124369   -0.624369 (VIOLATED)
ANTENNA_fanout11255_A/DIODE             1.500000    2.124347   -0.624347 (VIOLATED)
_120998_/A1                             1.500000    2.123928   -0.623928 (VIOLATED)
ANTENNA__120998__A1/DIODE               1.500000    2.123928   -0.623928 (VIOLATED)
_121038_/A1                             1.500000    2.123917   -0.623917 (VIOLATED)
ANTENNA__121038__A1/DIODE               1.500000    2.123914   -0.623914 (VIOLATED)
ANTENNA_hold54_X/DIODE                  1.500000    2.123888   -0.623888 (VIOLATED)
wire1359/A                              1.500000    2.110085   -0.610086 (VIOLATED)
ANTENNA_9/DIODE                         1.500000    2.110079   -0.610079 (VIOLATED)
ANTENNA_7/DIODE                         1.500000    2.110078   -0.610078 (VIOLATED)
ANTENNA_6/DIODE                         1.500000    2.110071   -0.610071 (VIOLATED)
ANTENNA_8/DIODE                         1.500000    2.110069   -0.610069 (VIOLATED)
ANTENNA_10/DIODE                        1.500000    2.110066   -0.610066 (VIOLATED)
ANTENNA_wire1359_A/DIODE                1.500000    2.109955   -0.609955 (VIOLATED)
wire6655/A                              1.500000    2.095789   -0.595789 (VIOLATED)
ANTENNA_wire6655_A/DIODE                1.500000    2.095781   -0.595781 (VIOLATED)
hold14627/X                             1.498918    2.092552   -0.593634 (VIOLATED)
ANTENNA_hold14627_X/DIODE               1.500000    2.092564   -0.592564 (VIOLATED)
hold37143/A                             1.500000    2.092560   -0.592560 (VIOLATED)
ANTENNA_hold37143_A/DIODE               1.500000    2.092560   -0.592560 (VIOLATED)
_113266_/X                              1.492506    2.072970   -0.580464 (VIOLATED)
ANTENNA__113266__X/DIODE                1.500000    2.073005   -0.573005 (VIOLATED)
_116433_/A1                             1.500000    2.056628   -0.556628 (VIOLATED)
ANTENNA__116433__A1/DIODE               1.500000    2.056619   -0.556619 (VIOLATED)
hold8938/X                              1.498918    2.054545   -0.555627 (VIOLATED)
_076767_/A                              1.500000    2.054563   -0.554563 (VIOLATED)
ANTENNA__076766__A/DIODE                1.500000    2.054562   -0.554562 (VIOLATED)
ANTENNA__076767__A/DIODE                1.500000    2.054562   -0.554562 (VIOLATED)
_076766_/A                              1.500000    2.054562   -0.554562 (VIOLATED)
ANTENNA_hold8938_X/DIODE                1.500000    2.054555   -0.554555 (VIOLATED)
ANTENNA__076770__A/DIODE                1.500000    2.054554   -0.554554 (VIOLATED)
_076770_/A                              1.500000    2.054552   -0.554552 (VIOLATED)
hold1174/X                              1.498918    2.033903   -0.534985 (VIOLATED)
_113980_/A                              1.500000    2.034113   -0.534113 (VIOLATED)
ANTENNA__113980__A/DIODE                1.500000    2.034112   -0.534113 (VIOLATED)
_114430_/B1                             1.500000    2.034023   -0.534023 (VIOLATED)
ANTENNA__114430__B1/DIODE               1.500000    2.034021   -0.534021 (VIOLATED)
_114682_/B1                             1.500000    2.033963   -0.533963 (VIOLATED)
_114745_/B1                             1.500000    2.033963   -0.533963 (VIOLATED)
ANTENNA__114682__B1/DIODE               1.500000    2.033962   -0.533962 (VIOLATED)
ANTENNA__114745__B1/DIODE               1.500000    2.033962   -0.533962 (VIOLATED)
_114556_/A1                             1.500000    2.033919   -0.533919 (VIOLATED)
ANTENNA__114556__A1/DIODE               1.500000    2.033917   -0.533917 (VIOLATED)
ANTENNA__113175__B1/DIODE               1.500000    2.033916   -0.533916 (VIOLATED)
ANTENNA__113239__B1/DIODE               1.500000    2.033916   -0.533916 (VIOLATED)
_113175_/B1                             1.500000    2.033916   -0.533916 (VIOLATED)
_113239_/B1                             1.500000    2.033916   -0.533916 (VIOLATED)
ANTENNA__113303__B1/DIODE               1.500000    2.033912   -0.533912 (VIOLATED)
_113303_/B1                             1.500000    2.033912   -0.533912 (VIOLATED)
ANTENNA__113105__B1/DIODE               1.500000    2.033905   -0.533905 (VIOLATED)
_113105_/B1                             1.500000    2.033905   -0.533905 (VIOLATED)
ANTENNA__115058__B1/DIODE               1.500000    2.033903   -0.533903 (VIOLATED)
ANTENNA_hold1174_X/DIODE                1.500000    2.033903   -0.533903 (VIOLATED)
_115058_/B1                             1.500000    2.033903   -0.533903 (VIOLATED)
_113266_/A2                             1.500000    1.988694   -0.488694 (VIOLATED)
ANTENNA__113266__A2/DIODE               1.500000    1.988668   -0.488668 (VIOLATED)
ANTENNA_wire3108_X/DIODE                1.500000    1.981683   -0.481683 (VIOLATED)
wire3108/X                              1.500000    1.981582   -0.481582 (VIOLATED)
hold18584/X                             1.498918    1.949545   -0.450627 (VIOLATED)
_113480_/A                              1.500000    1.950441   -0.450441 (VIOLATED)
ANTENNA__113480__A/DIODE                1.500000    1.950441   -0.450441 (VIOLATED)
_113803_/A1                             1.500000    1.950433   -0.450433 (VIOLATED)
ANTENNA__113803__A1/DIODE               1.500000    1.950430   -0.450430 (VIOLATED)
_113865_/B1                             1.500000    1.950422   -0.450422 (VIOLATED)
ANTENNA__113865__B1/DIODE               1.500000    1.950420   -0.450421 (VIOLATED)
_113741_/A1                             1.500000    1.950413   -0.450413 (VIOLATED)
ANTENNA__113741__A1/DIODE               1.500000    1.950412   -0.450412 (VIOLATED)
_114051_/B1                             1.500000    1.949635   -0.449635 (VIOLATED)
ANTENNA__114051__B1/DIODE               1.500000    1.949634   -0.449634 (VIOLATED)
_113366_/C1                             1.500000    1.949589   -0.449589 (VIOLATED)
ANTENNA__113366__C1/DIODE               1.500000    1.949587   -0.449587 (VIOLATED)
_113615_/C1                             1.500000    1.949573   -0.449573 (VIOLATED)
ANTENNA__113615__C1/DIODE               1.500000    1.949573   -0.449573 (VIOLATED)
ANTENNA__113228__A/DIODE                1.500000    1.949545   -0.449545 (VIOLATED)
ANTENNA__113418__A/DIODE                1.500000    1.949545   -0.449545 (VIOLATED)
ANTENNA__113542__A/DIODE                1.500000    1.949545   -0.449545 (VIOLATED)
ANTENNA_hold18584_X/DIODE               1.500000    1.949545   -0.449545 (VIOLATED)
_113228_/A                              1.500000    1.949545   -0.449545 (VIOLATED)
_113418_/A                              1.500000    1.949545   -0.449545 (VIOLATED)
_113542_/A                              1.500000    1.949545   -0.449545 (VIOLATED)
_102038_/Y                              1.494004    1.929588   -0.435584 (VIOLATED)
wire309/A                               1.500000    1.929628   -0.429628 (VIOLATED)
ANTENNA_wire309_A/DIODE                 1.500000    1.929627   -0.429627 (VIOLATED)
ANTENNA__102038__Y/DIODE                1.500000    1.929588   -0.429588 (VIOLATED)
wire6777/A                              1.500000    1.926382   -0.426382 (VIOLATED)
ANTENNA_wire6777_A/DIODE                1.500000    1.926371   -0.426371 (VIOLATED)
hold11880/X                             1.498918    1.923955   -0.425037 (VIOLATED)
hold17775/X                             1.498918    1.923856   -0.424938 (VIOLATED)
_106682_/A1                             1.500000    1.924076   -0.424076 (VIOLATED)
ANTENNA__106682__A1/DIODE               1.500000    1.924074   -0.424074 (VIOLATED)
_106681_/A1                             1.500000    1.924072   -0.424072 (VIOLATED)
ANTENNA__106681__A1/DIODE               1.500000    1.924065   -0.424065 (VIOLATED)
_106683_/A                              1.500000    1.924047   -0.424047 (VIOLATED)
ANTENNA__106683__A/DIODE                1.500000    1.924047   -0.424047 (VIOLATED)
ANTENNA_1309/DIODE                      1.500000    1.924033   -0.424033 (VIOLATED)
ANTENNA_1307/DIODE                      1.500000    1.924029   -0.424029 (VIOLATED)
ANTENNA_1305/DIODE                      1.500000    1.924023   -0.424024 (VIOLATED)
ANTENNA_1304/DIODE                      1.500000    1.924019   -0.424019 (VIOLATED)
ANTENNA_1306/DIODE                      1.500000    1.924019   -0.424019 (VIOLATED)
ANTENNA_1308/DIODE                      1.500000    1.924019   -0.424019 (VIOLATED)
ANTENNA_1310/DIODE                      1.500000    1.924020   -0.424020 (VIOLATED)
ANTENNA_1303/DIODE                      1.500000    1.923996   -0.423996 (VIOLATED)
ANTENNA_hold34583_A/DIODE               1.500000    1.923991   -0.423991 (VIOLATED)
ANTENNA__106536__A/DIODE                1.500000    1.923986   -0.423986 (VIOLATED)
_106536_/A                              1.500000    1.923985   -0.423985 (VIOLATED)
ANTENNA__106534__B2/DIODE               1.500000    1.923964   -0.423964 (VIOLATED)
ANTENNA_hold11880_X/DIODE               1.500000    1.923962   -0.423962 (VIOLATED)
hold34583/A                             1.500000    1.923962   -0.423962 (VIOLATED)
_106534_/B2                             1.500000    1.923939   -0.423939 (VIOLATED)
_106537_/A                              1.500000    1.923934   -0.423934 (VIOLATED)
ANTENNA__106537__A/DIODE                1.500000    1.923933   -0.423933 (VIOLATED)
_106482_/A                              1.500000    1.923929   -0.423929 (VIOLATED)
ANTENNA__106482__A/DIODE                1.500000    1.923925   -0.423925 (VIOLATED)
_106479_/B2                             1.500000    1.923920   -0.423920 (VIOLATED)
ANTENNA__106479__B2/DIODE               1.500000    1.923919   -0.423919 (VIOLATED)
_106481_/A                              1.500000    1.923910   -0.423910 (VIOLATED)
ANTENNA__106481__A/DIODE                1.500000    1.923910   -0.423910 (VIOLATED)
ANTENNA__106352__B/DIODE                1.500000    1.923857   -0.423857 (VIOLATED)
_106352_/B                              1.500000    1.923856   -0.423857 (VIOLATED)
ANTENNA_hold17775_X/DIODE               1.500000    1.923856   -0.423856 (VIOLATED)
hold15786/X                             1.498918    1.910268   -0.411350 (VIOLATED)
_075431_/A2                             1.500000    1.911146   -0.411146 (VIOLATED)
ANTENNA__075431__A2/DIODE               1.500000    1.911144   -0.411144 (VIOLATED)
_075300_/B                              1.500000    1.911132   -0.411132 (VIOLATED)
ANTENNA__075300__B/DIODE                1.500000    1.911122   -0.411122 (VIOLATED)
_075433_/B                              1.500000    1.910460   -0.410461 (VIOLATED)
ANTENNA__075433__B/DIODE                1.500000    1.910458   -0.410458 (VIOLATED)
_075501_/B                              1.500000    1.910442   -0.410443 (VIOLATED)
ANTENNA__075501__B/DIODE                1.500000    1.910441   -0.410441 (VIOLATED)
_075680_/A                              1.500000    1.910383   -0.410383 (VIOLATED)
ANTENNA__075680__A/DIODE                1.500000    1.910382   -0.410382 (VIOLATED)
_075624_/B                              1.500000    1.910374   -0.410374 (VIOLATED)
ANTENNA__075624__B/DIODE                1.500000    1.910373   -0.410373 (VIOLATED)
_075569_/B                              1.500000    1.910373   -0.410373 (VIOLATED)
ANTENNA__075569__B/DIODE                1.500000    1.910372   -0.410372 (VIOLATED)
_075625_/A1                             1.500000    1.910316   -0.410316 (VIOLATED)
ANTENNA__075625__A1/DIODE               1.500000    1.910315   -0.410315 (VIOLATED)
_075623_/A                              1.500000    1.910297   -0.410297 (VIOLATED)
ANTENNA__075623__A/DIODE                1.500000    1.910296   -0.410296 (VIOLATED)
ANTENNA__075142__B/DIODE                1.500000    1.910275   -0.410275 (VIOLATED)
_075142_/B                              1.500000    1.910275   -0.410275 (VIOLATED)
ANTENNA_hold15786_X/DIODE               1.500000    1.910268   -0.410268 (VIOLATED)
hold17184/X                             1.498918    1.900829   -0.401911 (VIOLATED)
_091973_/B                              1.500000    1.901004   -0.401004 (VIOLATED)
ANTENNA__091973__B/DIODE                1.500000    1.901003   -0.401003 (VIOLATED)
_092005_/B1                             1.500000    1.900973   -0.400973 (VIOLATED)
_092075_/C                              1.500000    1.900955   -0.400955 (VIOLATED)
ANTENNA__092075__C/DIODE                1.500000    1.900953   -0.400953 (VIOLATED)
ANTENNA__092005__B1/DIODE               1.500000    1.900949   -0.400949 (VIOLATED)
_092076_/A2                             1.500000    1.900947   -0.400947 (VIOLATED)
ANTENNA__092076__A2/DIODE               1.500000    1.900946   -0.400946 (VIOLATED)
_092025_/C                              1.500000    1.900946   -0.400946 (VIOLATED)
_092004_/D                              1.500000    1.900938   -0.400938 (VIOLATED)
ANTENNA__092004__D/DIODE                1.500000    1.900935   -0.400935 (VIOLATED)
_092026_/A2                             1.500000    1.900931   -0.400931 (VIOLATED)
ANTENNA__092026__A2/DIODE               1.500000    1.900929   -0.400929 (VIOLATED)
ANTENNA__092025__C/DIODE                1.500000    1.900918   -0.400918 (VIOLATED)
_092002_/B                              1.500000    1.900882   -0.400882 (VIOLATED)
ANTENNA__092002__B/DIODE                1.500000    1.900855   -0.400855 (VIOLATED)
ANTENNA__092817__B/DIODE                1.500000    1.900829   -0.400829 (VIOLATED)
ANTENNA_fanout6127_A/DIODE              1.500000    1.900829   -0.400829 (VIOLATED)
ANTENNA_hold17184_X/DIODE               1.500000    1.900829   -0.400829 (VIOLATED)
_092817_/B                              1.500000    1.900829   -0.400829 (VIOLATED)
fanout6127/A                            1.500000    1.900829   -0.400829 (VIOLATED)
wire3659/A                              1.500000    1.867161   -0.367161 (VIOLATED)
ANTENNA_1224/DIODE                      1.500000    1.867156   -0.367156 (VIOLATED)
ANTENNA_1222/DIODE                      1.500000    1.867155   -0.367155 (VIOLATED)
ANTENNA_1220/DIODE                      1.500000    1.867154   -0.367154 (VIOLATED)
ANTENNA_1219/DIODE                      1.500000    1.867136   -0.367136 (VIOLATED)
ANTENNA_576/DIODE                       1.500000    1.867136   -0.367136 (VIOLATED)
ANTENNA_1223/DIODE                      1.500000    1.867135   -0.367135 (VIOLATED)
ANTENNA_1221/DIODE                      1.500000    1.867135   -0.367135 (VIOLATED)
ANTENNA_wire3659_A/DIODE                1.500000    1.867074   -0.367074 (VIOLATED)
_084808_/A                              1.500000    1.860420   -0.360420 (VIOLATED)
ANTENNA__084808__A/DIODE                1.500000    1.860408   -0.360408 (VIOLATED)
_084601_/A                              1.500000    1.860172   -0.360172 (VIOLATED)
ANTENNA__084601__A/DIODE                1.500000    1.860170   -0.360170 (VIOLATED)
_084633_/A2                             1.500000    1.860144   -0.360145 (VIOLATED)
ANTENNA__084633__A2/DIODE               1.500000    1.860144   -0.360144 (VIOLATED)
_084612_/A2                             1.500000    1.860080   -0.360080 (VIOLATED)
ANTENNA__084612__A2/DIODE               1.500000    1.860065   -0.360065 (VIOLATED)
_084572_/B                              1.500000    1.859993   -0.359993 (VIOLATED)
ANTENNA__084572__B/DIODE                1.500000    1.859991   -0.359991 (VIOLATED)
_084639_/A2                             1.500000    1.859959   -0.359959 (VIOLATED)
ANTENNA__084639__A2/DIODE               1.500000    1.859942   -0.359942 (VIOLATED)
hold17909/X                             1.498918    1.858844   -0.359926 (VIOLATED)
_084550_/B                              1.500000    1.859913   -0.359913 (VIOLATED)
ANTENNA__084550__B/DIODE                1.500000    1.859909   -0.359909 (VIOLATED)
_084533_/B                              1.500000    1.859784   -0.359785 (VIOLATED)
ANTENNA__084533__B/DIODE                1.500000    1.859783   -0.359783 (VIOLATED)
ANTENNA__084505__B/DIODE                1.500000    1.859440   -0.359440 (VIOLATED)
_084505_/B                              1.500000    1.859440   -0.359440 (VIOLATED)
ANTENNA_hold17909_X/DIODE               1.500000    1.858844   -0.358844 (VIOLATED)
wire5129/A                              1.500000    1.855073   -0.355073 (VIOLATED)
ANTENNA_wire5129_A/DIODE                1.500000    1.855070   -0.355071 (VIOLATED)
hold112/X                               1.498918    1.853838   -0.354920 (VIOLATED)
_120730_/A                              1.500000    1.854887   -0.354887 (VIOLATED)
ANTENNA__120730__A/DIODE                1.500000    1.854876   -0.354876 (VIOLATED)
_120750_/B                              1.500000    1.854579   -0.354579 (VIOLATED)
ANTENNA__120750__B/DIODE                1.500000    1.854572   -0.354572 (VIOLATED)
_061247_/A                              1.500000    1.854433   -0.354433 (VIOLATED)
ANTENNA__061247__A/DIODE                1.500000    1.854432   -0.354432 (VIOLATED)
_061236_/B                              1.500000    1.854429   -0.354429 (VIOLATED)
ANTENNA__061236__B/DIODE                1.500000    1.854427   -0.354427 (VIOLATED)
ANTENNA_hold112_X/DIODE                 1.500000    1.854422   -0.354422 (VIOLATED)
fanout5936/A                            1.500000    1.849198   -0.349198 (VIOLATED)
ANTENNA_fanout5936_A/DIODE              1.500000    1.849194   -0.349194 (VIOLATED)
_109283_/A1                             1.500000    1.849143   -0.349143 (VIOLATED)
ANTENNA__109283__A1/DIODE               1.500000    1.849140   -0.349140 (VIOLATED)
hold17193/X                             1.498918    1.848057   -0.349139 (VIOLATED)
ANTENNA__109152__B/DIODE                1.500000    1.849064   -0.349064 (VIOLATED)
_109152_/B                              1.500000    1.849042   -0.349042 (VIOLATED)
_109158_/A2                             1.500000    1.848993   -0.348993 (VIOLATED)
ANTENNA__109158__A2/DIODE               1.500000    1.848991   -0.348991 (VIOLATED)
_109180_/A2                             1.500000    1.848973   -0.348973 (VIOLATED)
ANTENNA__109180__A2/DIODE               1.500000    1.848967   -0.348967 (VIOLATED)
hold18089/X                             1.498918    1.847470   -0.348552 (VIOLATED)
_070091_/A1                             1.500000    1.848399   -0.348399 (VIOLATED)
ANTENNA__070091__A1/DIODE               1.500000    1.848390   -0.348390 (VIOLATED)
_070090_/A                              1.500000    1.848388   -0.348388 (VIOLATED)
ANTENNA__070049__A/DIODE                1.500000    1.848387   -0.348387 (VIOLATED)
ANTENNA__070090__A/DIODE                1.500000    1.848387   -0.348387 (VIOLATED)
_070049_/A                              1.500000    1.848387   -0.348387 (VIOLATED)
_070050_/A1                             1.500000    1.848383   -0.348383 (VIOLATED)
ANTENNA__070050__A1/DIODE               1.500000    1.848377   -0.348377 (VIOLATED)
_109087_/A2                             1.500000    1.848288   -0.348288 (VIOLATED)
ANTENNA__109087__A2/DIODE               1.500000    1.848287   -0.348287 (VIOLATED)
_109008_/B                              1.500000    1.848194   -0.348194 (VIOLATED)
ANTENNA__109008__B/DIODE                1.500000    1.848193   -0.348193 (VIOLATED)
_108909_/B                              1.500000    1.848175   -0.348175 (VIOLATED)
ANTENNA__108909__B/DIODE                1.500000    1.848173   -0.348174 (VIOLATED)
_108957_/A2                             1.500000    1.848170   -0.348170 (VIOLATED)
ANTENNA__108957__A2/DIODE               1.500000    1.848168   -0.348168 (VIOLATED)
_108822_/B                              1.500000    1.848101   -0.348101 (VIOLATED)
ANTENNA__108822__B/DIODE                1.500000    1.848101   -0.348101 (VIOLATED)
ANTENNA_hold17193_X/DIODE               1.500000    1.848057   -0.348057 (VIOLATED)
_070125_/A                              1.500000    1.847734   -0.347734 (VIOLATED)
ANTENNA__070125__A/DIODE                1.500000    1.847733   -0.347733 (VIOLATED)
_070002_/B2                             1.500000    1.847548   -0.347548 (VIOLATED)
ANTENNA__070002__B2/DIODE               1.500000    1.847543   -0.347543 (VIOLATED)
_070001_/A                              1.500000    1.847524   -0.347524 (VIOLATED)
ANTENNA__070001__A/DIODE                1.500000    1.847523   -0.347523 (VIOLATED)
fanout10021/A                           1.500000    1.847507   -0.347507 (VIOLATED)
ANTENNA_fanout10021_A/DIODE             1.500000    1.847506   -0.347506 (VIOLATED)
_069940_/B2                             1.500000    1.847503   -0.347503 (VIOLATED)
_069939_/A                              1.500000    1.847498   -0.347498 (VIOLATED)
ANTENNA__069939__A/DIODE                1.500000    1.847497   -0.347497 (VIOLATED)
ANTENNA__069940__B2/DIODE               1.500000    1.847498   -0.347498 (VIOLATED)
ANTENNA_hold18089_X/DIODE               1.500000    1.847470   -0.347470 (VIOLATED)
ANTENNA_740/DIODE                       1.500000    1.844870   -0.344870 (VIOLATED)
ANTENNA_739/DIODE                       1.500000    1.844870   -0.344870 (VIOLATED)
ANTENNA_738/DIODE                       1.500000    1.844869   -0.344869 (VIOLATED)
ANTENNA_737/DIODE                       1.500000    1.844868   -0.344868 (VIOLATED)
wire5808/A                              1.500000    1.844837   -0.344837 (VIOLATED)
ANTENNA_wire5808_A/DIODE                1.500000    1.844800   -0.344800 (VIOLATED)
hold17793/X                             1.498918    1.842212   -0.343294 (VIOLATED)
ANTENNA__094500__B/DIODE                1.500000    1.842267   -0.342267 (VIOLATED)
_094500_/B                              1.500000    1.842267   -0.342267 (VIOLATED)
_094147_/A1                             1.500000    1.842265   -0.342266 (VIOLATED)
ANTENNA__094147__A1/DIODE               1.500000    1.842265   -0.342265 (VIOLATED)
_094205_/A1                             1.500000    1.842265   -0.342265 (VIOLATED)
_094146_/A1                             1.500000    1.842263   -0.342263 (VIOLATED)
ANTENNA__094146__A1/DIODE               1.500000    1.842262   -0.342262 (VIOLATED)
ANTENNA__094205__A1/DIODE               1.500000    1.842262   -0.342262 (VIOLATED)
_094108_/A                              1.500000    1.842254   -0.342254 (VIOLATED)
ANTENNA__094108__A/DIODE                1.500000    1.842253   -0.342253 (VIOLATED)
fanout8840/A                            1.500000    1.842246   -0.342246 (VIOLATED)
ANTENNA_fanout8840_A/DIODE              1.500000    1.842245   -0.342245 (VIOLATED)
_093742_/B                              1.500000    1.842241   -0.342241 (VIOLATED)
_094076_/A                              1.500000    1.842241   -0.342241 (VIOLATED)
ANTENNA__093742__B/DIODE                1.500000    1.842240   -0.342240 (VIOLATED)
ANTENNA__094076__A/DIODE                1.500000    1.842236   -0.342236 (VIOLATED)
_093667_/B                              1.500000    1.842229   -0.342229 (VIOLATED)
ANTENNA__093667__B/DIODE                1.500000    1.842227   -0.342227 (VIOLATED)
_094075_/A                              1.500000    1.842225   -0.342225 (VIOLATED)
ANTENNA__094075__A/DIODE                1.500000    1.842217   -0.342217 (VIOLATED)
ANTENNA_hold17793_X/DIODE               1.500000    1.842212   -0.342212 (VIOLATED)
hold15853/X                             1.498918    1.840757   -0.341839 (VIOLATED)
_091561_/A                              1.500000    1.841787   -0.341787 (VIOLATED)
ANTENNA__091561__A/DIODE                1.500000    1.841786   -0.341786 (VIOLATED)
ANTENNA__091494__A/DIODE                1.500000    1.841780   -0.341780 (VIOLATED)
_091494_/A                              1.500000    1.841780   -0.341780 (VIOLATED)
_091458_/A                              1.500000    1.841779   -0.341779 (VIOLATED)
_091497_/A1                             1.500000    1.841776   -0.341776 (VIOLATED)
ANTENNA__091458__A/DIODE                1.500000    1.841774   -0.341774 (VIOLATED)
ANTENNA__091497__A1/DIODE               1.500000    1.841774   -0.341774 (VIOLATED)
_091558_/A1                             1.500000    1.841759   -0.341759 (VIOLATED)
ANTENNA__091558__A1/DIODE               1.500000    1.841720   -0.341720 (VIOLATED)
_091392_/A                              1.500000    1.841663   -0.341663 (VIOLATED)
ANTENNA__091392__A/DIODE                1.500000    1.841659   -0.341659 (VIOLATED)
_091228_/B                              1.500000    1.841487   -0.341488 (VIOLATED)
ANTENNA__091228__B/DIODE                1.500000    1.841478   -0.341478 (VIOLATED)
ANTENNA_wire3660_X/DIODE                1.500000    1.840924   -0.340924 (VIOLATED)
wire3660/X                              1.500000    1.840892   -0.340892 (VIOLATED)
fanout8957/A                            1.500000    1.840821   -0.340821 (VIOLATED)
ANTENNA_fanout8957_A/DIODE              1.500000    1.840820   -0.340820 (VIOLATED)
ANTENNA__060821__A/DIODE                1.500000    1.840757   -0.340757 (VIOLATED)
ANTENNA__091533__A1/DIODE               1.500000    1.840757   -0.340757 (VIOLATED)
ANTENNA_hold15853_X/DIODE               1.500000    1.840757   -0.340757 (VIOLATED)
_060821_/A                              1.500000    1.840757   -0.340757 (VIOLATED)
_091533_/A1                             1.500000    1.840757   -0.340757 (VIOLATED)
hold16350/X                             1.498918    1.836212   -0.337294 (VIOLATED)
_096210_/B                              1.500000    1.836323   -0.336323 (VIOLATED)
ANTENNA__096210__B/DIODE                1.500000    1.836321   -0.336321 (VIOLATED)
fanout8415/A                            1.500000    1.836310   -0.336310 (VIOLATED)
ANTENNA_fanout8415_A/DIODE              1.500000    1.836309   -0.336309 (VIOLATED)
_096706_/A                              1.500000    1.836295   -0.336295 (VIOLATED)
ANTENNA__096706__A/DIODE                1.500000    1.836293   -0.336293 (VIOLATED)
_096780_/A1                             1.500000    1.836291   -0.336291 (VIOLATED)
ANTENNA__096780__A1/DIODE               1.500000    1.836288   -0.336288 (VIOLATED)
_096705_/A                              1.500000    1.836284   -0.336284 (VIOLATED)
ANTENNA__096705__A/DIODE                1.500000    1.836283   -0.336283 (VIOLATED)
ANTENNA__096707__A/DIODE                1.500000    1.836275   -0.336275 (VIOLATED)
_096707_/A                              1.500000    1.836263   -0.336263 (VIOLATED)
_096506_/B                              1.500000    1.836256   -0.336256 (VIOLATED)
_096712_/A2                             1.500000    1.836255   -0.336255 (VIOLATED)
ANTENNA__096506__B/DIODE                1.500000    1.836254   -0.336254 (VIOLATED)
ANTENNA__096712__A2/DIODE               1.500000    1.836254   -0.336254 (VIOLATED)
_096642_/B                              1.500000    1.836241   -0.336241 (VIOLATED)
ANTENNA__096744__A2/DIODE               1.500000    1.836222   -0.336222 (VIOLATED)
ANTENNA__096642__B/DIODE                1.500000    1.836221   -0.336221 (VIOLATED)
_096744_/A2                             1.500000    1.836217   -0.336217 (VIOLATED)
ANTENNA_hold16350_X/DIODE               1.500000    1.836212   -0.336212 (VIOLATED)
hold14930/X                             1.498918    1.830722   -0.331804 (VIOLATED)
hold95/X                                1.498918    1.830022   -0.331104 (VIOLATED)
ANTENNA_wire5809_X/DIODE                1.500000    1.831075   -0.331075 (VIOLATED)
wire5809/X                              1.500000    1.830961   -0.330961 (VIOLATED)
fanout6078/A                            1.500000    1.830854   -0.330854 (VIOLATED)
ANTENNA_fanout6078_A/DIODE              1.500000    1.830854   -0.330854 (VIOLATED)
ANTENNA__079605__A_N/DIODE              1.500000    1.830848   -0.330848 (VIOLATED)
_079605_/A_N                            1.500000    1.830847   -0.330847 (VIOLATED)
_079489_/B                              1.500000    1.830844   -0.330844 (VIOLATED)
ANTENNA__079489__B/DIODE                1.500000    1.830842   -0.330842 (VIOLATED)
_079543_/A                              1.500000    1.830793   -0.330793 (VIOLATED)
_079819_/B                              1.500000    1.830792   -0.330792 (VIOLATED)
ANTENNA__079543__A/DIODE                1.500000    1.830790   -0.330790 (VIOLATED)
ANTENNA__079819__B/DIODE                1.500000    1.830790   -0.330790 (VIOLATED)
_079179_/B1                             1.500000    1.830775   -0.330776 (VIOLATED)
ANTENNA__079179__B1/DIODE               1.500000    1.830773   -0.330774 (VIOLATED)
_079628_/B2                             1.500000    1.830749   -0.330749 (VIOLATED)
ANTENNA__079628__B2/DIODE               1.500000    1.830737   -0.330738 (VIOLATED)
ANTENNA_hold14930_X/DIODE               1.500000    1.830722   -0.330722 (VIOLATED)
_120650_/A                              1.500000    1.830071   -0.330071 (VIOLATED)
ANTENNA__120650__A/DIODE                1.500000    1.830069   -0.330069 (VIOLATED)
ANTENNA__120620__B/DIODE                1.500000    1.830050   -0.330050 (VIOLATED)
_120620_/B                              1.500000    1.830049   -0.330049 (VIOLATED)
_120970_/A                              1.500000    1.830036   -0.330036 (VIOLATED)
ANTENNA__120970__A/DIODE                1.500000    1.830033   -0.330033 (VIOLATED)
_120120_/A                              1.500000    1.830029   -0.330029 (VIOLATED)
ANTENNA__120120__A/DIODE                1.500000    1.830027   -0.330027 (VIOLATED)
_120190_/A                              1.500000    1.830027   -0.330027 (VIOLATED)
ANTENNA__120190__A/DIODE                1.500000    1.830026   -0.330026 (VIOLATED)
_120260_/A                              1.500000    1.830026   -0.330026 (VIOLATED)
ANTENNA__120260__A/DIODE                1.500000    1.830024   -0.330024 (VIOLATED)
ANTENNA_hold95_X/DIODE                  1.500000    1.830022   -0.330022 (VIOLATED)
hold16376/X                             1.498918    1.822783   -0.323865 (VIOLATED)
_104884_/C1                             1.500000    1.822880   -0.322880 (VIOLATED)
_104885_/A2                             1.500000    1.822879   -0.322879 (VIOLATED)
ANTENNA__104884__C1/DIODE               1.500000    1.822878   -0.322879 (VIOLATED)
ANTENNA__104885__A2/DIODE               1.500000    1.822878   -0.322878 (VIOLATED)
_104986_/A2                             1.500000    1.822868   -0.322868 (VIOLATED)
ANTENNA__104986__A2/DIODE               1.500000    1.822867   -0.322867 (VIOLATED)
_104714_/B                              1.500000    1.822850   -0.322850 (VIOLATED)
ANTENNA__104714__B/DIODE                1.500000    1.822850   -0.322850 (VIOLATED)
_105064_/A2                             1.500000    1.822843   -0.322843 (VIOLATED)
_104930_/B                              1.500000    1.822842   -0.322842 (VIOLATED)
ANTENNA__105064__A2/DIODE               1.500000    1.822840   -0.322840 (VIOLATED)
ANTENNA__104930__B/DIODE                1.500000    1.822840   -0.322840 (VIOLATED)
_104987_/B                              1.500000    1.822816   -0.322816 (VIOLATED)
ANTENNA__104987__B/DIODE                1.500000    1.822809   -0.322809 (VIOLATED)
fanout7942/A                            1.500000    1.822793   -0.322793 (VIOLATED)
ANTENNA_fanout7942_A/DIODE              1.500000    1.822792   -0.322792 (VIOLATED)
ANTENNA__105037__A2/DIODE               1.500000    1.822783   -0.322783 (VIOLATED)
ANTENNA__105067__B/DIODE                1.500000    1.822783   -0.322783 (VIOLATED)
ANTENNA_hold16376_X/DIODE               1.500000    1.822783   -0.322783 (VIOLATED)
_105037_/A2                             1.500000    1.822783   -0.322783 (VIOLATED)
_105067_/B                              1.500000    1.822783   -0.322783 (VIOLATED)
neuro_inst/Bias_comp2                   0.500000    0.815294   -0.315294 (VIOLATED)
wire1520/A                              1.500000    1.814511   -0.314511 (VIOLATED)
ANTENNA_1028/DIODE                      1.500000    1.814509   -0.314509 (VIOLATED)
ANTENNA_1026/DIODE                      1.500000    1.814508   -0.314508 (VIOLATED)
ANTENNA_1024/DIODE                      1.500000    1.814507   -0.314507 (VIOLATED)
ANTENNA_wire1520_A/DIODE                1.500000    1.814505   -0.314505 (VIOLATED)
ANTENNA_1025/DIODE                      1.500000    1.814503   -0.314503 (VIOLATED)
ANTENNA_1027/DIODE                      1.500000    1.814500   -0.314500 (VIOLATED)
_113952_/X                              1.498428    1.812904   -0.314476 (VIOLATED)
ANTENNA__113952__X/DIODE                1.500000    1.812927   -0.312927 (VIOLATED)
hold15857/X                             1.498918    1.811693   -0.312775 (VIOLATED)
_060819_/A                              1.500000    1.812630   -0.312630 (VIOLATED)
ANTENNA__060819__A/DIODE                1.500000    1.812625   -0.312625 (VIOLATED)
_091394_/A_N                            1.500000    1.812560   -0.312560 (VIOLATED)
ANTENNA__091394__A_N/DIODE              1.500000    1.812559   -0.312559 (VIOLATED)
_091420_/A                              1.500000    1.811943   -0.311943 (VIOLATED)
ANTENNA__091420__A/DIODE                1.500000    1.811942   -0.311942 (VIOLATED)
ANTENNA__091278__A/DIODE                1.500000    1.811933   -0.311933 (VIOLATED)
_091278_/A                              1.500000    1.811933   -0.311933 (VIOLATED)
_091234_/A                              1.500000    1.811918   -0.311918 (VIOLATED)
ANTENNA__091234__A/DIODE                1.500000    1.811917   -0.311917 (VIOLATED)
_091300_/A1                             1.500000    1.811879   -0.311879 (VIOLATED)
ANTENNA__091300__A1/DIODE               1.500000    1.811852   -0.311852 (VIOLATED)
_091233_/A                              1.500000    1.811791   -0.311791 (VIOLATED)
ANTENNA__091233__A/DIODE                1.500000    1.811791   -0.311791 (VIOLATED)
fanout8961/A                            1.500000    1.811734   -0.311734 (VIOLATED)
ANTENNA_fanout8961_A/DIODE              1.500000    1.811734   -0.311734 (VIOLATED)
ANTENNA__091110__B2/DIODE               1.500000    1.811693   -0.311693 (VIOLATED)
ANTENNA_hold15857_X/DIODE               1.500000    1.811693   -0.311693 (VIOLATED)
_091110_/B2                             1.500000    1.811693   -0.311693 (VIOLATED)
hold17507/X                             1.498918    1.799055   -0.300137 (VIOLATED)
_060859_/A                              1.500000    1.799282   -0.299282 (VIOLATED)
ANTENNA__060859__A/DIODE                1.500000    1.799269   -0.299269 (VIOLATED)
_082916_/B                              1.500000    1.799263   -0.299263 (VIOLATED)
ANTENNA__082916__B/DIODE                1.500000    1.799262   -0.299262 (VIOLATED)
_082917_/B                              1.500000    1.799258   -0.299258 (VIOLATED)
ANTENNA__082917__B/DIODE                1.500000    1.799251   -0.299251 (VIOLATED)
_082967_/B                              1.500000    1.799234   -0.299234 (VIOLATED)
ANTENNA__082967__B/DIODE                1.500000    1.799233   -0.299233 (VIOLATED)
_083008_/C                              1.500000    1.799201   -0.299202 (VIOLATED)
_083009_/A2                             1.500000    1.799186   -0.299186 (VIOLATED)
ANTENNA__083009__A2/DIODE               1.500000    1.799180   -0.299180 (VIOLATED)
ANTENNA__083008__C/DIODE                1.500000    1.799153   -0.299153 (VIOLATED)
_083209_/A                              1.500000    1.799145   -0.299145 (VIOLATED)
ANTENNA__083209__A/DIODE                1.500000    1.799145   -0.299145 (VIOLATED)
_083236_/B                              1.500000    1.799110   -0.299110 (VIOLATED)
_083007_/A                              1.500000    1.799108   -0.299108 (VIOLATED)
ANTENNA__083007__A/DIODE                1.500000    1.799105   -0.299105 (VIOLATED)
ANTENNA__083236__B/DIODE                1.500000    1.799104   -0.299104 (VIOLATED)
_083234_/A1                             1.500000    1.799083   -0.299083 (VIOLATED)
ANTENNA__083234__A1/DIODE               1.500000    1.799081   -0.299081 (VIOLATED)
ANTENNA_hold17507_X/DIODE               1.500000    1.799055   -0.299055 (VIOLATED)
hold16849/X                             1.498918    1.796624   -0.297706 (VIOLATED)
_106422_/B1                             1.500000    1.797698   -0.297698 (VIOLATED)
_106421_/D                              1.500000    1.797695   -0.297695 (VIOLATED)
ANTENNA__106421__D/DIODE                1.500000    1.797693   -0.297693 (VIOLATED)
ANTENNA__106422__B1/DIODE               1.500000    1.797689   -0.297689 (VIOLATED)
fanout5873/A                            1.500000    1.797680   -0.297680 (VIOLATED)
ANTENNA_fanout5873_A/DIODE              1.500000    1.797678   -0.297678 (VIOLATED)
_106530_/D                              1.500000    1.797654   -0.297654 (VIOLATED)
ANTENNA__106530__D/DIODE                1.500000    1.797650   -0.297650 (VIOLATED)
_106452_/B1                             1.500000    1.797641   -0.297641 (VIOLATED)
ANTENNA__106452__B1/DIODE               1.500000    1.797639   -0.297639 (VIOLATED)
_106451_/D                              1.500000    1.797634   -0.297634 (VIOLATED)
ANTENNA__106451__D/DIODE                1.500000    1.797633   -0.297633 (VIOLATED)
_106490_/D                              1.500000    1.797522   -0.297522 (VIOLATED)
ANTENNA__106490__D/DIODE                1.500000    1.797504   -0.297504 (VIOLATED)
_106491_/D                              1.500000    1.796815   -0.296815 (VIOLATED)
_106492_/B1                             1.500000    1.796815   -0.296815 (VIOLATED)
ANTENNA__106492__B1/DIODE               1.500000    1.796772   -0.296772 (VIOLATED)
ANTENNA__106491__D/DIODE                1.500000    1.796713   -0.296713 (VIOLATED)
ANTENNA__106356__B/DIODE                1.500000    1.796656   -0.296656 (VIOLATED)
_106356_/B                              1.500000    1.796657   -0.296657 (VIOLATED)
ANTENNA_hold16849_X/DIODE               1.500000    1.796624   -0.296624 (VIOLATED)
wire6534/A                              1.500000    1.794474   -0.294474 (VIOLATED)
ANTENNA_wire6534_A/DIODE                1.500000    1.794469   -0.294469 (VIOLATED)
hold10870/X                             1.498918    1.792310   -0.293392 (VIOLATED)
ANTENNA_hold35903_A/DIODE               1.500000    1.792344   -0.292344 (VIOLATED)
hold35903/A                             1.500000    1.792343   -0.292343 (VIOLATED)
ANTENNA_hold10870_X/DIODE               1.500000    1.792316   -0.292316 (VIOLATED)
hold16454/X                             1.498918    1.788527   -0.289609 (VIOLATED)
ANTENNA__088568__B/DIODE                1.500000    1.788594   -0.288594 (VIOLATED)
_088568_/B                              1.500000    1.788594   -0.288594 (VIOLATED)
_088567_/A1                             1.500000    1.788593   -0.288593 (VIOLATED)
ANTENNA__088567__A1/DIODE               1.500000    1.788592   -0.288592 (VIOLATED)
ANTENNA__088572__A1/DIODE               1.500000    1.788580   -0.288581 (VIOLATED)
_088572_/A1                             1.500000    1.788580   -0.288580 (VIOLATED)
_088571_/A                              1.500000    1.788575   -0.288575 (VIOLATED)
fanout8871/A                            1.500000    1.788573   -0.288573 (VIOLATED)
ANTENNA_fanout8871_A/DIODE              1.500000    1.788570   -0.288571 (VIOLATED)
_088682_/A                              1.500000    1.788570   -0.288570 (VIOLATED)
ANTENNA__088571__A/DIODE                1.500000    1.788568   -0.288568 (VIOLATED)
ANTENNA__088682__A/DIODE                1.500000    1.788556   -0.288556 (VIOLATED)
ANTENNA__088725__A/DIODE                1.500000    1.788550   -0.288550 (VIOLATED)
_088725_/A                              1.500000    1.788550   -0.288550 (VIOLATED)
_088582_/A                              1.500000    1.788539   -0.288539 (VIOLATED)
ANTENNA__088582__A/DIODE                1.500000    1.788533   -0.288533 (VIOLATED)
_088874_/A1                             1.500000    1.788527   -0.288528 (VIOLATED)
ANTENNA__088874__A1/DIODE               1.500000    1.788527   -0.288527 (VIOLATED)
ANTENNA_hold16454_X/DIODE               1.500000    1.788527   -0.288527 (VIOLATED)
ANTENNA_hold37963_A/DIODE               1.500000    1.788527   -0.288527 (VIOLATED)
hold37963/A                             1.500000    1.788527   -0.288527 (VIOLATED)
_102231_/D                              1.500000    1.777325   -0.277325 (VIOLATED)
ANTENNA__102231__D/DIODE                1.500000    1.777312   -0.277312 (VIOLATED)
_102260_/A2                             1.500000    1.777308   -0.277308 (VIOLATED)
ANTENNA__102260__A2/DIODE               1.500000    1.777301   -0.277301 (VIOLATED)
hold13865/X                             1.498918    1.776192   -0.277274 (VIOLATED)
fanout8329/A                            1.500000    1.777005   -0.277006 (VIOLATED)
ANTENNA_fanout8329_A/DIODE              1.500000    1.777005   -0.277005 (VIOLATED)
_102602_/A1                             1.500000    1.776794   -0.276794 (VIOLATED)
_102533_/A                              1.500000    1.776789   -0.276789 (VIOLATED)
ANTENNA__102602__A1/DIODE               1.500000    1.776781   -0.276781 (VIOLATED)
ANTENNA__102533__A/DIODE                1.500000    1.776774   -0.276774 (VIOLATED)
hold15302/X                             1.498918    1.775639   -0.276721 (VIOLATED)
_116429_/A1                             1.500000    1.776608   -0.276608 (VIOLATED)
ANTENNA__116429__A1/DIODE               1.500000    1.776606   -0.276606 (VIOLATED)
_102656_/A1                             1.500000    1.776478   -0.276478 (VIOLATED)
ANTENNA__102656__A1/DIODE               1.500000    1.776440   -0.276440 (VIOLATED)
_102597_/A                              1.500000    1.776396   -0.276396 (VIOLATED)
_076707_/A                              1.500000    1.776391   -0.276391 (VIOLATED)
_076733_/A1                             1.500000    1.776390   -0.276390 (VIOLATED)
ANTENNA__076707__A/DIODE                1.500000    1.776389   -0.276389 (VIOLATED)
ANTENNA__076733__A1/DIODE               1.500000    1.776389   -0.276389 (VIOLATED)
ANTENNA__102597__A/DIODE                1.500000    1.776352   -0.276352 (VIOLATED)
_102667_/A                              1.500000    1.776316   -0.276316 (VIOLATED)
ANTENNA__102667__A/DIODE                1.500000    1.776315   -0.276315 (VIOLATED)
_102692_/A1                             1.500000    1.776309   -0.276309 (VIOLATED)
ANTENNA__102692__A1/DIODE               1.500000    1.776308   -0.276308 (VIOLATED)
ANTENNA_hold38141_A/DIODE               1.500000    1.776210   -0.276210 (VIOLATED)
hold38141/A                             1.500000    1.776207   -0.276207 (VIOLATED)
ANTENNA__076711__A/DIODE                1.500000    1.776192   -0.276192 (VIOLATED)
ANTENNA_hold13865_X/DIODE               1.500000    1.776192   -0.276192 (VIOLATED)
_076711_/A                              1.500000    1.776192   -0.276192 (VIOLATED)
ANTENNA_hold15302_X/DIODE               1.500000    1.775639   -0.275639 (VIOLATED)
_091110_/A1                             1.500000    1.774884   -0.274885 (VIOLATED)
ANTENNA__091110__A1/DIODE               1.500000    1.774882   -0.274882 (VIOLATED)
_091119_/A                              1.500000    1.774747   -0.274747 (VIOLATED)
ANTENNA__091119__A/DIODE                1.500000    1.774744   -0.274744 (VIOLATED)
hold14022/X                             1.498918    1.773611   -0.274693 (VIOLATED)
fanout8705/A                            1.500000    1.774660   -0.274661 (VIOLATED)
ANTENNA_fanout8705_A/DIODE              1.500000    1.774658   -0.274659 (VIOLATED)
fanout8704/A                            1.500000    1.774623   -0.274623 (VIOLATED)
ANTENNA_fanout8704_A/DIODE              1.500000    1.774621   -0.274621 (VIOLATED)
_091140_/A1                             1.500000    1.774616   -0.274616 (VIOLATED)
_091139_/A                              1.500000    1.774611   -0.274611 (VIOLATED)
ANTENNA__091140__A1/DIODE               1.500000    1.774610   -0.274610 (VIOLATED)
ANTENNA__091139__A/DIODE                1.500000    1.774607   -0.274607 (VIOLATED)
_091160_/A1                             1.500000    1.774607   -0.274607 (VIOLATED)
ANTENNA__091160__A1/DIODE               1.500000    1.774569   -0.274569 (VIOLATED)
_091161_/A                              1.500000    1.774535   -0.274535 (VIOLATED)
ANTENNA__091161__A/DIODE                1.500000    1.774513   -0.274513 (VIOLATED)
ANTENNA_hold14022_X/DIODE               1.500000    1.773611   -0.273611 (VIOLATED)
ANTENNA_hold37288_A/DIODE               1.500000    1.773611   -0.273611 (VIOLATED)
hold37288/A                             1.500000    1.773611   -0.273611 (VIOLATED)
hold16808/X                             1.498918    1.772382   -0.273464 (VIOLATED)
_078215_/B1                             1.500000    1.772545   -0.272545 (VIOLATED)
ANTENNA__078215__B1/DIODE               1.500000    1.772543   -0.272543 (VIOLATED)
wire6600/A                              1.500000    1.772544   -0.272544 (VIOLATED)
ANTENNA_1387/DIODE                      1.500000    1.772539   -0.272539 (VIOLATED)
ANTENNA_1388/DIODE                      1.500000    1.772539   -0.272539 (VIOLATED)
ANTENNA_1390/DIODE                      1.500000    1.772538   -0.272538 (VIOLATED)
ANTENNA_1392/DIODE                      1.500000    1.772538   -0.272538 (VIOLATED)
ANTENNA_1251/DIODE                      1.500000    1.772537   -0.272537 (VIOLATED)
ANTENNA_1389/DIODE                      1.500000    1.772534   -0.272534 (VIOLATED)
ANTENNA_1252/DIODE                      1.500000    1.772533   -0.272533 (VIOLATED)
ANTENNA_1365/DIODE                      1.500000    1.772533   -0.272533 (VIOLATED)
ANTENNA_wire6600_A/DIODE                1.500000    1.772533   -0.272533 (VIOLATED)
ANTENNA_1391/DIODE                      1.500000    1.772527   -0.272527 (VIOLATED)
ANTENNA_1253/DIODE                      1.500000    1.772526   -0.272526 (VIOLATED)
fanout9763/A                            1.500000    1.772466   -0.272466 (VIOLATED)
ANTENNA_fanout9763_A/DIODE              1.500000    1.772464   -0.272464 (VIOLATED)
_078287_/B2                             1.500000    1.772446   -0.272446 (VIOLATED)
ANTENNA__078287__B2/DIODE               1.500000    1.772444   -0.272444 (VIOLATED)
_078288_/A                              1.500000    1.772439   -0.272439 (VIOLATED)
_078327_/A                              1.500000    1.772430   -0.272430 (VIOLATED)
ANTENNA__078327__A/DIODE                1.500000    1.772429   -0.272429 (VIOLATED)
ANTENNA__078288__A/DIODE                1.500000    1.772425   -0.272425 (VIOLATED)
ANTENNA_fanout9762_A/DIODE              1.500000    1.772405   -0.272405 (VIOLATED)
fanout9762/A                            1.500000    1.772405   -0.272405 (VIOLATED)
_078379_/A1                             1.500000    1.772387   -0.272387 (VIOLATED)
ANTENNA__078379__A1/DIODE               1.500000    1.772382   -0.272382 (VIOLATED)
ANTENNA_hold16808_X/DIODE               1.500000    1.772382   -0.272382 (VIOLATED)
ANTENNA_wire6601_X/DIODE                1.500000    1.770633   -0.270633 (VIOLATED)
wire6601/X                              1.500000    1.770614   -0.270614 (VIOLATED)
wire6351/A                              1.500000    1.755906   -0.255906 (VIOLATED)
ANTENNA_wire6351_A/DIODE                1.500000    1.755838   -0.255838 (VIOLATED)
wire3663/A                              1.500000    1.754526   -0.254526 (VIOLATED)
ANTENNA_wire3663_A/DIODE                1.500000    1.754509   -0.254509 (VIOLATED)
wire6480/A                              1.500000    1.751926   -0.251926 (VIOLATED)
ANTENNA_wire6480_A/DIODE                1.500000    1.751913   -0.251913 (VIOLATED)
hold17303/X                             1.498918    1.750055   -0.251137 (VIOLATED)
hold7139/X                              1.498918    1.749533   -0.250615 (VIOLATED)
fanout5871/A                            1.500000    1.750283   -0.250284 (VIOLATED)
ANTENNA_fanout5871_A/DIODE              1.500000    1.750281   -0.250281 (VIOLATED)
_106693_/A2                             1.500000    1.750254   -0.250254 (VIOLATED)
ANTENNA__106693__A2/DIODE               1.500000    1.750252   -0.250252 (VIOLATED)
_106502_/A2                             1.500000    1.750234   -0.250234 (VIOLATED)
_106449_/B                              1.500000    1.750232   -0.250232 (VIOLATED)
_106532_/B                              1.500000    1.750232   -0.250232 (VIOLATED)
ANTENNA__106502__A2/DIODE               1.500000    1.750230   -0.250230 (VIOLATED)
ANTENNA__106532__B/DIODE                1.500000    1.750228   -0.250228 (VIOLATED)
ANTENNA__106449__B/DIODE                1.500000    1.750224   -0.250224 (VIOLATED)
_106497_/A2                             1.500000    1.750220   -0.250221 (VIOLATED)
ANTENNA__106497__A2/DIODE               1.500000    1.750217   -0.250217 (VIOLATED)
_106524_/A2                             1.500000    1.750198   -0.250199 (VIOLATED)
ANTENNA__106524__A2/DIODE               1.500000    1.750197   -0.250197 (VIOLATED)
_106523_/B                              1.500000    1.750156   -0.250156 (VIOLATED)
ANTENNA__106523__B/DIODE                1.500000    1.750105   -0.250105 (VIOLATED)
ANTENNA__106551__A2/DIODE               1.500000    1.750105   -0.250105 (VIOLATED)
_106551_/A2                             1.500000    1.750104   -0.250104 (VIOLATED)
ANTENNA_hold35768_A/DIODE               1.500000    1.750093   -0.250093 (VIOLATED)
hold35768/A                             1.500000    1.750093   -0.250093 (VIOLATED)
ANTENNA_hold7139_X/DIODE                1.500000    1.750092   -0.250092 (VIOLATED)
ANTENNA__106357__B/DIODE                1.500000    1.750062   -0.250062 (VIOLATED)
_106357_/B                              1.500000    1.750062   -0.250062 (VIOLATED)
ANTENNA_hold17303_X/DIODE               1.500000    1.750055   -0.250055 (VIOLATED)
ANTENNA_wire3664_X/DIODE                1.500000    1.744147   -0.244147 (VIOLATED)
wire3664/X                              1.500000    1.744122   -0.244122 (VIOLATED)
ANTENNA_1263/DIODE                      1.500000    1.732503   -0.232503 (VIOLATED)
ANTENNA_1262/DIODE                      1.500000    1.732503   -0.232503 (VIOLATED)
ANTENNA_1261/DIODE                      1.500000    1.732501   -0.232501 (VIOLATED)
ANTENNA_1266/DIODE                      1.500000    1.732501   -0.232501 (VIOLATED)
wire6773/A                              1.500000    1.732493   -0.232493 (VIOLATED)
ANTENNA_1264/DIODE                      1.500000    1.732486   -0.232486 (VIOLATED)
ANTENNA_1265/DIODE                      1.500000    1.732485   -0.232485 (VIOLATED)
ANTENNA_wire6773_A/DIODE                1.500000    1.732458   -0.232458 (VIOLATED)
ANTENNA_wire6774_X/DIODE                1.500000    1.729871   -0.229871 (VIOLATED)
wire6774/X                              1.500000    1.729853   -0.229853 (VIOLATED)
hold17004/X                             1.498918    1.727176   -0.228258 (VIOLATED)
_107284_/C                              1.500000    1.727395   -0.227395 (VIOLATED)
ANTENNA__107284__C/DIODE                1.500000    1.727391   -0.227391 (VIOLATED)
ANTENNA__107283__C/DIODE                1.500000    1.727384   -0.227384 (VIOLATED)
_107283_/C                              1.500000    1.727382   -0.227382 (VIOLATED)
_107354_/A2                             1.500000    1.727355   -0.227355 (VIOLATED)
ANTENNA__107355__C/DIODE                1.500000    1.727320   -0.227321 (VIOLATED)
_107355_/C                              1.500000    1.727320   -0.227321 (VIOLATED)
ANTENNA__107354__A2/DIODE               1.500000    1.727303   -0.227303 (VIOLATED)
ANTENNA_fanout8049_A/DIODE              1.500000    1.727219   -0.227219 (VIOLATED)
fanout8049/A                            1.500000    1.727204   -0.227204 (VIOLATED)
_107623_/A                              1.500000    1.727178   -0.227178 (VIOLATED)
ANTENNA__107696__A/DIODE                1.500000    1.727178   -0.227178 (VIOLATED)
_107696_/A                              1.500000    1.727178   -0.227178 (VIOLATED)
ANTENNA__107623__A/DIODE                1.500000    1.727177   -0.227177 (VIOLATED)
ANTENNA__107628__A1/DIODE               1.500000    1.727176   -0.227176 (VIOLATED)
ANTENNA_hold17004_X/DIODE               1.500000    1.727176   -0.227176 (VIOLATED)
ANTENNA_hold37977_A/DIODE               1.500000    1.727176   -0.227176 (VIOLATED)
_107628_/A1                             1.500000    1.727176   -0.227176 (VIOLATED)
hold37977/A                             1.500000    1.727176   -0.227176 (VIOLATED)
hold28081/X                             1.498918    1.715584   -0.216666 (VIOLATED)
wire6856/A                              1.500000    1.715683   -0.215683 (VIOLATED)
ANTENNA_wire6856_A/DIODE                1.500000    1.715682   -0.215682 (VIOLATED)
ANTENNA__117447__A0/DIODE               1.500000    1.715584   -0.215584 (VIOLATED)
ANTENNA_hold28081_X/DIODE               1.500000    1.715584   -0.215584 (VIOLATED)
_117447_/A0                             1.500000    1.715584   -0.215584 (VIOLATED)
_109373_/A2                             1.500000    1.709922   -0.209922 (VIOLATED)
ANTENNA__109373__A2/DIODE               1.500000    1.709909   -0.209909 (VIOLATED)
_109276_/B                              1.500000    1.709896   -0.209896 (VIOLATED)
ANTENNA__109276__B/DIODE                1.500000    1.709887   -0.209887 (VIOLATED)
_108944_/B                              1.500000    1.709688   -0.209688 (VIOLATED)
ANTENNA__108944__B/DIODE                1.500000    1.709680   -0.209680 (VIOLATED)
_108997_/B                              1.500000    1.709603   -0.209603 (VIOLATED)
ANTENNA__108997__B/DIODE                1.500000    1.709601   -0.209601 (VIOLATED)
hold15028/X                             1.498918    1.708509   -0.209591 (VIOLATED)
fanout7960/A                            1.500000    1.709588   -0.209588 (VIOLATED)
hold17323/X                             1.498918    1.708497   -0.209579 (VIOLATED)
ANTENNA_fanout7960_A/DIODE              1.500000    1.709571   -0.209571 (VIOLATED)
_075901_/B                              1.500000    1.708619   -0.208619 (VIOLATED)
ANTENNA__075901__B/DIODE                1.500000    1.708619   -0.208619 (VIOLATED)
fanout9929/A                            1.500000    1.708569   -0.208569 (VIOLATED)
_075204_/A2                             1.500000    1.708569   -0.208569 (VIOLATED)
ANTENNA__075204__A2/DIODE               1.500000    1.708569   -0.208569 (VIOLATED)
ANTENNA_fanout9929_A/DIODE              1.500000    1.708568   -0.208568 (VIOLATED)
_075502_/A                              1.500000    1.708568   -0.208568 (VIOLATED)
ANTENNA__075502__A/DIODE                1.500000    1.708566   -0.208566 (VIOLATED)
_075503_/A1                             1.500000    1.708554   -0.208554 (VIOLATED)
ANTENNA__075503__A1/DIODE               1.500000    1.708553   -0.208553 (VIOLATED)
_075258_/A                              1.500000    1.708540   -0.208540 (VIOLATED)
_075537_/A                              1.500000    1.708532   -0.208532 (VIOLATED)
ANTENNA__075537__A/DIODE                1.500000    1.708532   -0.208532 (VIOLATED)
_075538_/A                              1.500000    1.708532   -0.208532 (VIOLATED)
ANTENNA__075538__A/DIODE                1.500000    1.708531   -0.208532 (VIOLATED)
ANTENNA__075258__A/DIODE                1.500000    1.708531   -0.208531 (VIOLATED)
ANTENNA_hold15028_X/DIODE               1.500000    1.708509   -0.208509 (VIOLATED)
ANTENNA_hold37575_A/DIODE               1.500000    1.708509   -0.208509 (VIOLATED)
hold37575/A                             1.500000    1.708509   -0.208509 (VIOLATED)
_075433_/A                              1.500000    1.708501   -0.208501 (VIOLATED)
ANTENNA__075433__A/DIODE                1.500000    1.708500   -0.208500 (VIOLATED)
ANTENNA_hold17323_X/DIODE               1.500000    1.708497   -0.208497 (VIOLATED)
hold16438/X                             1.498918    1.701882   -0.202964 (VIOLATED)
_109637_/B                              1.500000    1.702015   -0.202015 (VIOLATED)
ANTENNA__109637__B/DIODE                1.500000    1.702013   -0.202013 (VIOLATED)
_109653_/B                              1.500000    1.701993   -0.201993 (VIOLATED)
ANTENNA__109653__B/DIODE                1.500000    1.701986   -0.201986 (VIOLATED)
ANTENNA__109736__A1/DIODE               1.500000    1.701970   -0.201970 (VIOLATED)
_109736_/A1                             1.500000    1.701970   -0.201970 (VIOLATED)
_109832_/A2                             1.500000    1.701966   -0.201966 (VIOLATED)
ANTENNA__109832__A2/DIODE               1.500000    1.701963   -0.201963 (VIOLATED)
ANTENNA__109674__B/DIODE                1.500000    1.701952   -0.201952 (VIOLATED)
_109674_/B                              1.500000    1.701952   -0.201952 (VIOLATED)
_109675_/B                              1.500000    1.701927   -0.201927 (VIOLATED)
ANTENNA__109675__B/DIODE                1.500000    1.701927   -0.201927 (VIOLATED)
ANTENNA__109609__B/DIODE                1.500000    1.701917   -0.201917 (VIOLATED)
_109609_/B                              1.500000    1.701917   -0.201917 (VIOLATED)
ANTENNA_hold16438_X/DIODE               1.500000    1.701882   -0.201882 (VIOLATED)
hold15232/X                             1.498918    1.695696   -0.196778 (VIOLATED)
_117781_/A1                             1.500000    1.696329   -0.196329 (VIOLATED)
ANTENNA__117781__A1/DIODE               1.500000    1.696327   -0.196327 (VIOLATED)
hold29246/X                             1.498918    1.694993   -0.196075 (VIOLATED)
_105023_/A1                             1.500000    1.695831   -0.195831 (VIOLATED)
ANTENNA__105023__A1/DIODE               1.500000    1.695830   -0.195830 (VIOLATED)
_105031_/A1                             1.500000    1.695819   -0.195819 (VIOLATED)
ANTENNA__105031__A1/DIODE               1.500000    1.695818   -0.195818 (VIOLATED)
fanout7950/A                            1.500000    1.695805   -0.195805 (VIOLATED)
_105030_/A                              1.500000    1.695805   -0.195805 (VIOLATED)
ANTENNA_fanout7950_A/DIODE              1.500000    1.695804   -0.195804 (VIOLATED)
ANTENNA__105030__A/DIODE                1.500000    1.695804   -0.195804 (VIOLATED)
_104779_/C                              1.500000    1.695779   -0.195779 (VIOLATED)
_104782_/A2                             1.500000    1.695777   -0.195777 (VIOLATED)
ANTENNA__104779__C/DIODE                1.500000    1.695773   -0.195773 (VIOLATED)
ANTENNA__104782__A2/DIODE               1.500000    1.695756   -0.195757 (VIOLATED)
_104778_/A                              1.500000    1.695717   -0.195718 (VIOLATED)
_104925_/A                              1.500000    1.695706   -0.195706 (VIOLATED)
ANTENNA__104778__A/DIODE                1.500000    1.695705   -0.195705 (VIOLATED)
ANTENNA__104925__A/DIODE                1.500000    1.695705   -0.195705 (VIOLATED)
hold37832/A                             1.500000    1.695703   -0.195703 (VIOLATED)
ANTENNA_hold37832_A/DIODE               1.500000    1.695701   -0.195701 (VIOLATED)
_104852_/A                              1.500000    1.695697   -0.195697 (VIOLATED)
ANTENNA__104852__A/DIODE                1.500000    1.695696   -0.195696 (VIOLATED)
ANTENNA_hold15232_X/DIODE               1.500000    1.695696   -0.195696 (VIOLATED)
hold16231/X                             1.498918    1.694500   -0.195582 (VIOLATED)
ANTENNA__093901__B1/DIODE               1.500000    1.695001   -0.195001 (VIOLATED)
_093901_/B1                             1.500000    1.695001   -0.195001 (VIOLATED)
_093902_/A                              1.500000    1.695001   -0.195001 (VIOLATED)
ANTENNA__093902__A/DIODE                1.500000    1.695001   -0.195001 (VIOLATED)
_093907_/A1                             1.500000    1.694996   -0.194996 (VIOLATED)
ANTENNA__093907__A1/DIODE               1.500000    1.694995   -0.194995 (VIOLATED)
ANTENNA_hold29246_X/DIODE               1.500000    1.694993   -0.194993 (VIOLATED)
_096537_/A1                             1.500000    1.694744   -0.194744 (VIOLATED)
ANTENNA__096537__A1/DIODE               1.500000    1.694742   -0.194742 (VIOLATED)
_096535_/A2                             1.500000    1.694737   -0.194737 (VIOLATED)
ANTENNA__096535__A2/DIODE               1.500000    1.694731   -0.194731 (VIOLATED)
_096536_/A2                             1.500000    1.694710   -0.194710 (VIOLATED)
ANTENNA__096536__A2/DIODE               1.500000    1.694708   -0.194708 (VIOLATED)
_060789_/A                              1.500000    1.694662   -0.194662 (VIOLATED)
ANTENNA__060789__A/DIODE                1.500000    1.694659   -0.194660 (VIOLATED)
_096423_/B                              1.500000    1.694626   -0.194626 (VIOLATED)
ANTENNA__096423__B/DIODE                1.500000    1.694625   -0.194625 (VIOLATED)
_096421_/B2                             1.500000    1.694574   -0.194574 (VIOLATED)
_096424_/B                              1.500000    1.694566   -0.194567 (VIOLATED)
ANTENNA__096421__B2/DIODE               1.500000    1.694566   -0.194566 (VIOLATED)
ANTENNA__096424__B/DIODE                1.500000    1.694559   -0.194559 (VIOLATED)
_096331_/B                              1.500000    1.694506   -0.194506 (VIOLATED)
ANTENNA__096331__B/DIODE                1.500000    1.694505   -0.194506 (VIOLATED)
ANTENNA_fanout8428_A/DIODE              1.500000    1.694500   -0.194500 (VIOLATED)
ANTENNA_hold16231_X/DIODE               1.500000    1.694500   -0.194500 (VIOLATED)
fanout8428/A                            1.500000    1.694500   -0.194500 (VIOLATED)
hold17540/X                             1.498918    1.693276   -0.194358 (VIOLATED)
hold18065/X                             1.498918    1.692508   -0.193590 (VIOLATED)
_084708_/A1                             1.500000    1.693459   -0.193459 (VIOLATED)
_084707_/B                              1.500000    1.693457   -0.193457 (VIOLATED)
ANTENNA__084708__A1/DIODE               1.500000    1.693454   -0.193454 (VIOLATED)
ANTENNA__084707__B/DIODE                1.500000    1.693451   -0.193451 (VIOLATED)
_108833_/A1                             1.500000    1.693350   -0.193350 (VIOLATED)
_108834_/B                              1.500000    1.693348   -0.193348 (VIOLATED)
ANTENNA__108834__B/DIODE                1.500000    1.693348   -0.193348 (VIOLATED)
ANTENNA__108833__A1/DIODE               1.500000    1.693347   -0.193347 (VIOLATED)
_108837_/B2                             1.500000    1.693318   -0.193318 (VIOLATED)
ANTENNA__108837__B2/DIODE               1.500000    1.693316   -0.193316 (VIOLATED)
_060714_/A                              1.500000    1.693304   -0.193304 (VIOLATED)
ANTENNA__060714__A/DIODE                1.500000    1.693302   -0.193302 (VIOLATED)
ANTENNA__108868__A/DIODE                1.500000    1.693286   -0.193287 (VIOLATED)
_108868_/A                              1.500000    1.693286   -0.193287 (VIOLATED)
_108922_/B2                             1.500000    1.693284   -0.193284 (VIOLATED)
_108889_/A                              1.500000    1.693284   -0.193284 (VIOLATED)
ANTENNA__108922__B2/DIODE               1.500000    1.693283   -0.193283 (VIOLATED)
ANTENNA__108889__A/DIODE                1.500000    1.693280   -0.193280 (VIOLATED)
_108944_/A                              1.500000    1.693277   -0.193277 (VIOLATED)
_108996_/A                              1.500000    1.693276   -0.193276 (VIOLATED)
ANTENNA__108944__A/DIODE                1.500000    1.693276   -0.193276 (VIOLATED)
ANTENNA__108996__A/DIODE                1.500000    1.693276   -0.193276 (VIOLATED)
ANTENNA_hold17540_X/DIODE               1.500000    1.693276   -0.193276 (VIOLATED)
hold17636/X                             1.498918    1.691748   -0.192830 (VIOLATED)
_084652_/C                              1.500000    1.692823   -0.192823 (VIOLATED)
ANTENNA__084652__C/DIODE                1.500000    1.692818   -0.192818 (VIOLATED)
_084653_/A2                             1.500000    1.692809   -0.192810 (VIOLATED)
ANTENNA__084653__A2/DIODE               1.500000    1.692803   -0.192803 (VIOLATED)
_084603_/A2                             1.500000    1.692755   -0.192755 (VIOLATED)
ANTENNA__084603__A2/DIODE               1.500000    1.692750   -0.192750 (VIOLATED)
_084602_/C                              1.500000    1.692746   -0.192746 (VIOLATED)
ANTENNA__084602__C/DIODE                1.500000    1.692743   -0.192743 (VIOLATED)
_107316_/C                              1.500000    1.692710   -0.192710 (VIOLATED)
_084574_/A2                             1.500000    1.692709   -0.192709 (VIOLATED)
_084573_/C                              1.500000    1.692644   -0.192644 (VIOLATED)
ANTENNA__084573__C/DIODE                1.500000    1.692637   -0.192637 (VIOLATED)
ANTENNA__084574__A2/DIODE               1.500000    1.692592   -0.192592 (VIOLATED)
_084551_/B                              1.500000    1.692526   -0.192526 (VIOLATED)
_084506_/B                              1.500000    1.692524   -0.192524 (VIOLATED)
ANTENNA__084506__B/DIODE                1.500000    1.692523   -0.192523 (VIOLATED)
ANTENNA__084551__B/DIODE                1.500000    1.692523   -0.192523 (VIOLATED)
ANTENNA_hold18065_X/DIODE               1.500000    1.692508   -0.192508 (VIOLATED)
_107317_/A2                             1.500000    1.692108   -0.192108 (VIOLATED)
ANTENNA__107316__C/DIODE                1.500000    1.692101   -0.192101 (VIOLATED)
ANTENNA__107317__A2/DIODE               1.500000    1.692097   -0.192097 (VIOLATED)
_107315_/C                              1.500000    1.692083   -0.192083 (VIOLATED)
ANTENNA__107315__C/DIODE                1.500000    1.692063   -0.192063 (VIOLATED)
_107274_/C                              1.500000    1.692043   -0.192043 (VIOLATED)
ANTENNA__107274__C/DIODE                1.500000    1.692039   -0.192039 (VIOLATED)
_107273_/C                              1.500000    1.692017   -0.192017 (VIOLATED)
ANTENNA__107273__C/DIODE                1.500000    1.692013   -0.192013 (VIOLATED)
_107275_/A2                             1.500000    1.692000   -0.192000 (VIOLATED)
ANTENNA__107275__A2/DIODE               1.500000    1.691998   -0.191998 (VIOLATED)
_107245_/A2                             1.500000    1.691912   -0.191912 (VIOLATED)
_107243_/C                              1.500000    1.691887   -0.191887 (VIOLATED)
ANTENNA__107243__C/DIODE                1.500000    1.691886   -0.191886 (VIOLATED)
ANTENNA__107245__A2/DIODE               1.500000    1.691840   -0.191840 (VIOLATED)
_107220_/B                              1.500000    1.691783   -0.191783 (VIOLATED)
ANTENNA__107220__B/DIODE                1.500000    1.691779   -0.191779 (VIOLATED)
_107184_/B                              1.500000    1.691770   -0.191770 (VIOLATED)
ANTENNA__107184__B/DIODE                1.500000    1.691770   -0.191770 (VIOLATED)
ANTENNA_hold17636_X/DIODE               1.500000    1.691748   -0.191748 (VIOLATED)
hold25/X                                1.498918    1.688109   -0.189191 (VIOLATED)
wire6784/A                              1.500000    1.688590   -0.188590 (VIOLATED)
ANTENNA_wire6784_A/DIODE                1.500000    1.688590   -0.188590 (VIOLATED)
_061212_/A                              1.500000    1.688283   -0.188283 (VIOLATED)
ANTENNA__061212__A/DIODE                1.500000    1.688281   -0.188281 (VIOLATED)
_114113_/A1                             1.500000    1.688275   -0.188275 (VIOLATED)
ANTENNA__114113__A1/DIODE               1.500000    1.688273   -0.188273 (VIOLATED)
_114552_/A1                             1.500000    1.688173   -0.188173 (VIOLATED)
ANTENNA__114552__A1/DIODE               1.500000    1.688173   -0.188173 (VIOLATED)
ANTENNA_hold39359_A/DIODE               1.500000    1.688145   -0.188145 (VIOLATED)
hold39359/A                             1.500000    1.688145   -0.188145 (VIOLATED)
fanout11098/A                           1.500000    1.688144   -0.188144 (VIOLATED)
ANTENNA_fanout11098_A/DIODE             1.500000    1.688144   -0.188144 (VIOLATED)
_115056_/B2                             1.500000    1.688142   -0.188143 (VIOLATED)
ANTENNA__115056__B2/DIODE               1.500000    1.688141   -0.188141 (VIOLATED)
ANTENNA__114856__A1/DIODE               1.500000    1.688129   -0.188129 (VIOLATED)
_114856_/A1                             1.500000    1.688118   -0.188118 (VIOLATED)
ANTENNA_hold25_X/DIODE                  1.500000    1.688109   -0.188109 (VIOLATED)
hold8531/X                              1.498918    1.686660   -0.187742 (VIOLATED)
ANTENNA_hold33766_A/DIODE               1.500000    1.686666   -0.186666 (VIOLATED)
hold33766/A                             1.500000    1.686666   -0.186666 (VIOLATED)
ANTENNA_hold8531_X/DIODE                1.500000    1.686666   -0.186666 (VIOLATED)
_095722_/B1                             1.500000    1.665322   -0.165322 (VIOLATED)
ANTENNA__095722__B1/DIODE               1.500000    1.665315   -0.165315 (VIOLATED)
hold18047/X                             1.498918    1.664226   -0.165308 (VIOLATED)
_095724_/D                              1.500000    1.665308   -0.165308 (VIOLATED)
ANTENNA__095724__D/DIODE                1.500000    1.665303   -0.165303 (VIOLATED)
_096017_/A1                             1.500000    1.665271   -0.165271 (VIOLATED)
ANTENNA__096017__A1/DIODE               1.500000    1.665270   -0.165270 (VIOLATED)
_095938_/A1                             1.500000    1.665267   -0.165267 (VIOLATED)
ANTENNA__095938__A1/DIODE               1.500000    1.665266   -0.165266 (VIOLATED)
ANTENNA__095933__A1/DIODE               1.500000    1.665246   -0.165246 (VIOLATED)
_095933_/A1                             1.500000    1.665246   -0.165246 (VIOLATED)
fanout8742/A                            1.500000    1.665239   -0.165239 (VIOLATED)
ANTENNA_fanout8742_A/DIODE              1.500000    1.665231   -0.165231 (VIOLATED)
ANTENNA__095867__A/DIODE                1.500000    1.665201   -0.165201 (VIOLATED)
_095867_/A                              1.500000    1.665199   -0.165199 (VIOLATED)
ANTENNA__095866__A/DIODE                1.500000    1.665090   -0.165090 (VIOLATED)
_095866_/A                              1.500000    1.665024   -0.165024 (VIOLATED)
ANTENNA__095958__A/DIODE                1.500000    1.664939   -0.164939 (VIOLATED)
_095958_/A                              1.500000    1.664937   -0.164937 (VIOLATED)
ANTENNA__096218__B/DIODE                1.500000    1.664226   -0.164226 (VIOLATED)
ANTENNA_hold18047_X/DIODE               1.500000    1.664226   -0.164226 (VIOLATED)
_096218_/B                              1.500000    1.664226   -0.164226 (VIOLATED)
hold14034/X                             1.498918    1.663008   -0.164090 (VIOLATED)
fanout10127/A                           1.500000    1.663171   -0.163171 (VIOLATED)
ANTENNA_fanout10127_A/DIODE             1.500000    1.663170   -0.163170 (VIOLATED)
_071469_/B1                             1.500000    1.663164   -0.163164 (VIOLATED)
_071468_/D                              1.500000    1.663161   -0.163161 (VIOLATED)
ANTENNA__071468__D/DIODE                1.500000    1.663160   -0.163160 (VIOLATED)
ANTENNA__071469__B1/DIODE               1.500000    1.663160   -0.163160 (VIOLATED)
_071504_/A2                             1.500000    1.663124   -0.163124 (VIOLATED)
ANTENNA__071503__C/DIODE                1.500000    1.663123   -0.163123 (VIOLATED)
ANTENNA__071504__A2/DIODE               1.500000    1.663123   -0.163123 (VIOLATED)
_071503_/C                              1.500000    1.663122   -0.163122 (VIOLATED)
ANTENNA_fanout10128_A/DIODE             1.500000    1.663119   -0.163120 (VIOLATED)
fanout10128/A                           1.500000    1.663112   -0.163112 (VIOLATED)
_071547_/B1                             1.500000    1.663092   -0.163092 (VIOLATED)
ANTENNA__071547__B1/DIODE               1.500000    1.663075   -0.163075 (VIOLATED)
_071546_/D                              1.500000    1.663056   -0.163056 (VIOLATED)
ANTENNA__071546__D/DIODE                1.500000    1.663053   -0.163053 (VIOLATED)
ANTENNA_hold37409_A/DIODE               1.500000    1.663009   -0.163009 (VIOLATED)
hold37409/A                             1.500000    1.663009   -0.163009 (VIOLATED)
ANTENNA_hold14034_X/DIODE               1.500000    1.663008   -0.163008 (VIOLATED)
wire1522/A                              1.500000    1.650928   -0.150928 (VIOLATED)
ANTENNA_wire1522_A/DIODE                1.500000    1.650926   -0.150926 (VIOLATED)
wire2997/A                              1.500000    1.641681   -0.141681 (VIOLATED)
ANTENNA_wire2997_A/DIODE                1.500000    1.641674   -0.141674 (VIOLATED)
ANTENNA_wire2998_X/DIODE                1.500000    1.640194   -0.140194 (VIOLATED)
wire2998/X                              1.500000    1.640140   -0.140140 (VIOLATED)
hold12918/X                             1.498918    1.635255   -0.136337 (VIOLATED)
wire6423/A                              1.500000    1.635343   -0.135343 (VIOLATED)
ANTENNA_wire6423_A/DIODE                1.500000    1.635339   -0.135339 (VIOLATED)
ANTENNA_hold12918_X/DIODE               1.500000    1.635255   -0.135255 (VIOLATED)
ANTENNA_hold36165_A/DIODE               1.500000    1.635255   -0.135255 (VIOLATED)
hold36165/A                             1.500000    1.635255   -0.135255 (VIOLATED)
hold16866/X                             1.498918    1.631303   -0.132385 (VIOLATED)
ANTENNA_fanout5995_A/DIODE              1.500000    1.631333   -0.131333 (VIOLATED)
fanout5995/A                            1.500000    1.631333   -0.131333 (VIOLATED)
_111386_/B                              1.500000    1.631319   -0.131319 (VIOLATED)
ANTENNA__111386__B/DIODE                1.500000    1.631319   -0.131319 (VIOLATED)
_111393_/A2                             1.500000    1.631317   -0.131318 (VIOLATED)
_111411_/A2                             1.500000    1.631317   -0.131317 (VIOLATED)
ANTENNA__111393__A2/DIODE               1.500000    1.631317   -0.131317 (VIOLATED)
ANTENNA__111411__A2/DIODE               1.500000    1.631316   -0.131317 (VIOLATED)
_111244_/B                              1.500000    1.631313   -0.131314 (VIOLATED)
ANTENNA__111244__B/DIODE                1.500000    1.631313   -0.131313 (VIOLATED)
_111338_/B                              1.500000    1.631311   -0.131311 (VIOLATED)
ANTENNA__111338__B/DIODE                1.500000    1.631310   -0.131310 (VIOLATED)
_111421_/B                              1.500000    1.631305   -0.131305 (VIOLATED)
ANTENNA__111421__B/DIODE                1.500000    1.631304   -0.131304 (VIOLATED)
ANTENNA__111414__A2/DIODE               1.500000    1.631303   -0.131303 (VIOLATED)
ANTENNA_hold16866_X/DIODE               1.500000    1.631303   -0.131303 (VIOLATED)
_111414_/A2                             1.500000    1.631303   -0.131303 (VIOLATED)
_113942_/X                              1.498428    1.628833   -0.130405 (VIOLATED)
ANTENNA__113942__X/DIODE                1.500000    1.628940   -0.128940 (VIOLATED)
hold16903/X                             1.498918    1.626577   -0.127659 (VIOLATED)
_082726_/B                              1.500000    1.626678   -0.126678 (VIOLATED)
ANTENNA__082726__B/DIODE                1.500000    1.626677   -0.126677 (VIOLATED)
_082656_/B                              1.500000    1.626668   -0.126668 (VIOLATED)
ANTENNA__082656__B/DIODE                1.500000    1.626659   -0.126659 (VIOLATED)
_082603_/B                              1.500000    1.626642   -0.126642 (VIOLATED)
ANTENNA__082603__B/DIODE                1.500000    1.626634   -0.126634 (VIOLATED)
_082564_/C                              1.500000    1.626610   -0.126610 (VIOLATED)
ANTENNA__082564__C/DIODE                1.500000    1.626601   -0.126601 (VIOLATED)
_082317_/A2                             1.500000    1.626600   -0.126600 (VIOLATED)
ANTENNA__082317__A2/DIODE               1.500000    1.626599   -0.126599 (VIOLATED)
fanout9533/A                            1.500000    1.626598   -0.126598 (VIOLATED)
ANTENNA_fanout9533_A/DIODE              1.500000    1.626597   -0.126597 (VIOLATED)
ANTENNA__082356__C1/DIODE               1.500000    1.626588   -0.126588 (VIOLATED)
_082356_/C1                             1.500000    1.626588   -0.126588 (VIOLATED)
_082882_/B                              1.500000    1.626582   -0.126582 (VIOLATED)
ANTENNA__082882__B/DIODE                1.500000    1.626582   -0.126582 (VIOLATED)
ANTENNA_hold16903_X/DIODE               1.500000    1.626577   -0.126577 (VIOLATED)
hold16730/X                             1.498918    1.621843   -0.122925 (VIOLATED)
ANTENNA__092106__A/DIODE                1.500000    1.621915   -0.121915 (VIOLATED)
ANTENNA_fanout6129_A/DIODE              1.500000    1.621915   -0.121915 (VIOLATED)
fanout6129/A                            1.500000    1.621915   -0.121915 (VIOLATED)
_092106_/A                              1.500000    1.621914   -0.121914 (VIOLATED)
_091978_/C                              1.500000    1.621912   -0.121912 (VIOLATED)
ANTENNA__091978__C/DIODE                1.500000    1.621911   -0.121911 (VIOLATED)
ANTENNA__091979__A2/DIODE               1.500000    1.621907   -0.121907 (VIOLATED)
_091979_/A2                             1.500000    1.621903   -0.121903 (VIOLATED)
_091957_/B                              1.500000    1.621900   -0.121900 (VIOLATED)
_092042_/A1                             1.500000    1.621897   -0.121897 (VIOLATED)
ANTENNA__092042__A1/DIODE               1.500000    1.621896   -0.121896 (VIOLATED)
ANTENNA__091957__B/DIODE                1.500000    1.621894   -0.121894 (VIOLATED)
_092041_/B                              1.500000    1.621893   -0.121893 (VIOLATED)
ANTENNA__092041__B/DIODE                1.500000    1.621892   -0.121892 (VIOLATED)
_092006_/A                              1.500000    1.621884   -0.121885 (VIOLATED)
ANTENNA__092006__A/DIODE                1.500000    1.621882   -0.121883 (VIOLATED)
_092077_/B                              1.500000    1.621846   -0.121846 (VIOLATED)
ANTENNA__092077__B/DIODE                1.500000    1.621845   -0.121845 (VIOLATED)
ANTENNA__092816__B/DIODE                1.500000    1.621843   -0.121843 (VIOLATED)
ANTENNA_hold16730_X/DIODE               1.500000    1.621843   -0.121843 (VIOLATED)
_092816_/B                              1.500000    1.621843   -0.121843 (VIOLATED)
ANTENNA_wire6352_X/DIODE                1.500000    1.621781   -0.121781 (VIOLATED)
wire6352/X                              1.500000    1.621700   -0.121700 (VIOLATED)
hold15999/X                             1.498918    1.620306   -0.121388 (VIOLATED)
_078617_/A2                             1.500000    1.620580   -0.120581 (VIOLATED)
ANTENNA__078617__A2/DIODE               1.500000    1.620579   -0.120579 (VIOLATED)
_078337_/B                              1.500000    1.620561   -0.120561 (VIOLATED)
ANTENNA__078337__B/DIODE                1.500000    1.620556   -0.120556 (VIOLATED)
_078336_/B1                             1.500000    1.620530   -0.120530 (VIOLATED)
ANTENNA__078336__B1/DIODE               1.500000    1.620520   -0.120520 (VIOLATED)
ANTENNA__078372__B/DIODE                1.500000    1.620461   -0.120461 (VIOLATED)
_078372_/B                              1.500000    1.620460   -0.120460 (VIOLATED)
_078335_/B                              1.500000    1.620432   -0.120432 (VIOLATED)
ANTENNA__078335__B/DIODE                1.500000    1.620431   -0.120431 (VIOLATED)
_060886_/A                              1.500000    1.620353   -0.120353 (VIOLATED)
ANTENNA__060886__A/DIODE                1.500000    1.620352   -0.120352 (VIOLATED)
_078654_/C                              1.500000    1.620319   -0.120319 (VIOLATED)
ANTENNA__078654__C/DIODE                1.500000    1.620319   -0.120319 (VIOLATED)
ANTENNA_fanout9745_A/DIODE              1.500000    1.620306   -0.120306 (VIOLATED)
ANTENNA_hold15999_X/DIODE               1.500000    1.620306   -0.120306 (VIOLATED)
fanout9745/A                            1.500000    1.620306   -0.120306 (VIOLATED)
hold17578/X                             1.498918    1.618402   -0.119484 (VIOLATED)
hold17722/X                             1.498918    1.617827   -0.118909 (VIOLATED)
ANTENNA_fanout9283_A/DIODE              1.500000    1.618490   -0.118490 (VIOLATED)
fanout9283/A                            1.500000    1.618490   -0.118490 (VIOLATED)
fanout9282/A                            1.500000    1.618472   -0.118472 (VIOLATED)
ANTENNA_fanout9282_A/DIODE              1.500000    1.618470   -0.118470 (VIOLATED)
_081412_/C1                             1.500000    1.618465   -0.118465 (VIOLATED)
ANTENNA__081412__C1/DIODE               1.500000    1.618465   -0.118465 (VIOLATED)
_081592_/A2                             1.500000    1.618427   -0.118427 (VIOLATED)
ANTENNA__081592__A2/DIODE               1.500000    1.618427   -0.118427 (VIOLATED)
_081539_/B                              1.500000    1.618420   -0.118420 (VIOLATED)
ANTENNA__081539__B/DIODE                1.500000    1.618420   -0.118420 (VIOLATED)
_081455_/B                              1.500000    1.618419   -0.118419 (VIOLATED)
ANTENNA__081455__B/DIODE                1.500000    1.618418   -0.118418 (VIOLATED)
_081456_/B                              1.500000    1.618415   -0.118416 (VIOLATED)
ANTENNA__081456__B/DIODE                1.500000    1.618414   -0.118415 (VIOLATED)
_081594_/B                              1.500000    1.618411   -0.118411 (VIOLATED)
ANTENNA__081594__B/DIODE                1.500000    1.618410   -0.118410 (VIOLATED)
ANTENNA__081699__A2/DIODE               1.500000    1.618402   -0.118402 (VIOLATED)
ANTENNA_hold17578_X/DIODE               1.500000    1.618402   -0.118402 (VIOLATED)
_081699_/A2                             1.500000    1.618402   -0.118402 (VIOLATED)
_094501_/B                              1.500000    1.617897   -0.117897 (VIOLATED)
ANTENNA__094501__B/DIODE                1.500000    1.617897   -0.117897 (VIOLATED)
_094219_/A1                             1.500000    1.617878   -0.117878 (VIOLATED)
ANTENNA__094219__A1/DIODE               1.500000    1.617877   -0.117877 (VIOLATED)
_094295_/A1                             1.500000    1.617873   -0.117873 (VIOLATED)
ANTENNA__094295__A1/DIODE               1.500000    1.617873   -0.117873 (VIOLATED)
_094214_/A1                             1.500000    1.617872   -0.117872 (VIOLATED)
ANTENNA__094214__A1/DIODE               1.500000    1.617872   -0.117872 (VIOLATED)
_094149_/A                              1.500000    1.617863   -0.117863 (VIOLATED)
ANTENNA__094149__A/DIODE                1.500000    1.617861   -0.117861 (VIOLATED)
fanout8838/A                            1.500000    1.617848   -0.117848 (VIOLATED)
ANTENNA_fanout8838_A/DIODE              1.500000    1.617848   -0.117848 (VIOLATED)
_093691_/B                              1.500000    1.617845   -0.117845 (VIOLATED)
ANTENNA__093691__B/DIODE                1.500000    1.617844   -0.117845 (VIOLATED)
ANTENNA__094174__A/DIODE                1.500000    1.617844   -0.117845 (VIOLATED)
_094174_/A                              1.500000    1.617844   -0.117844 (VIOLATED)
ANTENNA__094006__B/DIODE                1.500000    1.617827   -0.117827 (VIOLATED)
ANTENNA_hold17722_X/DIODE               1.500000    1.617827   -0.117827 (VIOLATED)
_094006_/B                              1.500000    1.617827   -0.117827 (VIOLATED)
_102301_/A1                             1.500000    1.614436   -0.114436 (VIOLATED)
ANTENNA__102301__A1/DIODE               1.500000    1.614432   -0.114432 (VIOLATED)
_102328_/A1                             1.500000    1.614413   -0.114413 (VIOLATED)
ANTENNA__102328__A1/DIODE               1.500000    1.614411   -0.114411 (VIOLATED)
_102451_/A                              1.500000    1.614332   -0.114332 (VIOLATED)
ANTENNA__102451__A/DIODE                1.500000    1.614330   -0.114330 (VIOLATED)
fanout8336/A                            1.500000    1.614040   -0.114040 (VIOLATED)
ANTENNA_fanout8336_A/DIODE              1.500000    1.614035   -0.114036 (VIOLATED)
_102203_/A                              1.500000    1.613885   -0.113885 (VIOLATED)
ANTENNA__102203__A/DIODE                1.500000    1.613884   -0.113884 (VIOLATED)
_102178_/B                              1.500000    1.613743   -0.113743 (VIOLATED)
hold14882/X                             1.498918    1.612609   -0.113691 (VIOLATED)
ANTENNA__102178__B/DIODE                1.500000    1.613678   -0.113678 (VIOLATED)
ANTENNA__102188__C/DIODE                1.500000    1.613662   -0.113663 (VIOLATED)
_102188_/C                              1.500000    1.613613   -0.113614 (VIOLATED)
_102177_/B1                             1.500000    1.613336   -0.113336 (VIOLATED)
ANTENNA__102177__B1/DIODE               1.500000    1.613289   -0.113289 (VIOLATED)
ANTENNA_hold38073_A/DIODE               1.500000    1.612611   -0.112611 (VIOLATED)
hold38073/A                             1.500000    1.612611   -0.112611 (VIOLATED)
ANTENNA_hold14882_X/DIODE               1.500000    1.612609   -0.112609 (VIOLATED)
hold16323/X                             1.498918    1.604577   -0.105659 (VIOLATED)
_088839_/A2                             1.500000    1.604715   -0.104715 (VIOLATED)
ANTENNA__088839__A2/DIODE               1.500000    1.604714   -0.104714 (VIOLATED)
_088739_/B                              1.500000    1.604709   -0.104709 (VIOLATED)
ANTENNA__088739__B/DIODE                1.500000    1.604707   -0.104707 (VIOLATED)
_088694_/B                              1.500000    1.604702   -0.104702 (VIOLATED)
ANTENNA__088694__B/DIODE                1.500000    1.604699   -0.104700 (VIOLATED)
_088695_/B1                             1.500000    1.604699   -0.104700 (VIOLATED)
ANTENNA__088695__B1/DIODE               1.500000    1.604699   -0.104699 (VIOLATED)
_088843_/B                              1.500000    1.604669   -0.104669 (VIOLATED)
ANTENNA__088843__B/DIODE                1.500000    1.604669   -0.104669 (VIOLATED)
_088842_/B                              1.500000    1.604629   -0.104629 (VIOLATED)
ANTENNA__088842__B/DIODE                1.500000    1.604627   -0.104627 (VIOLATED)
ANTENNA__088794__A2/DIODE               1.500000    1.604584   -0.104585 (VIOLATED)
_088758_/C1                             1.500000    1.604584   -0.104584 (VIOLATED)
ANTENNA__088758__C1/DIODE               1.500000    1.604584   -0.104584 (VIOLATED)
_088794_/A2                             1.500000    1.604584   -0.104584 (VIOLATED)
_088557_/B                              1.500000    1.604581   -0.104581 (VIOLATED)
ANTENNA__088557__B/DIODE                1.500000    1.604580   -0.104580 (VIOLATED)
ANTENNA_fanout8858_A/DIODE              1.500000    1.604577   -0.104577 (VIOLATED)
ANTENNA_hold16323_X/DIODE               1.500000    1.604577   -0.104577 (VIOLATED)
fanout8858/A                            1.500000    1.604577   -0.104577 (VIOLATED)
hold17605/X                             1.498918    1.601931   -0.103013 (VIOLATED)
fanout9469/A                            1.500000    1.601977   -0.101977 (VIOLATED)
ANTENNA_fanout9469_A/DIODE              1.500000    1.601976   -0.101976 (VIOLATED)
_082936_/B2                             1.500000    1.601961   -0.101961 (VIOLATED)
ANTENNA__082936__B2/DIODE               1.500000    1.601959   -0.101960 (VIOLATED)
_083680_/B                              1.500000    1.601958   -0.101958 (VIOLATED)
ANTENNA__083680__B/DIODE                1.500000    1.601957   -0.101957 (VIOLATED)
_083102_/A                              1.500000    1.601951   -0.101951 (VIOLATED)
ANTENNA__083102__A/DIODE                1.500000    1.601951   -0.101951 (VIOLATED)
_083014_/B2                             1.500000    1.601948   -0.101948 (VIOLATED)
ANTENNA__083013__A/DIODE                1.500000    1.601944   -0.101944 (VIOLATED)
_083013_/A                              1.500000    1.601944   -0.101944 (VIOLATED)
_083058_/A                              1.500000    1.601941   -0.101942 (VIOLATED)
_083057_/A                              1.500000    1.601938   -0.101938 (VIOLATED)
ANTENNA__083014__B2/DIODE               1.500000    1.601938   -0.101938 (VIOLATED)
_083056_/B2                             1.500000    1.601938   -0.101938 (VIOLATED)
ANTENNA__083057__A/DIODE                1.500000    1.601938   -0.101938 (VIOLATED)
ANTENNA__083056__B2/DIODE               1.500000    1.601936   -0.101936 (VIOLATED)
ANTENNA__083058__A/DIODE                1.500000    1.601934   -0.101934 (VIOLATED)
ANTENNA_hold17605_X/DIODE               1.500000    1.601931   -0.101931 (VIOLATED)
wire8385/A                              1.500000    1.600253   -0.100253 (VIOLATED)
ANTENNA_wire8385_A/DIODE                1.500000    1.600248   -0.100248 (VIOLATED)
_063766_/A                              1.500000    1.600120   -0.100120 (VIOLATED)
ANTENNA__063766__A/DIODE                1.500000    1.600108   -0.100108 (VIOLATED)
hold27785/X                             1.498918    1.598975   -0.100057 (VIOLATED)
_063741_/A                              1.500000    1.600019   -0.100019 (VIOLATED)
ANTENNA__063741__A/DIODE                1.500000    1.600013   -0.100013 (VIOLATED)
_063742_/B2                             1.500000    1.599960   -0.099960 (VIOLATED)
ANTENNA__063742__B2/DIODE               1.500000    1.599956   -0.099956 (VIOLATED)
hold15740/X                             1.498918    1.598730   -0.099812 (VIOLATED)
_063719_/A                              1.500000    1.599772   -0.099772 (VIOLATED)
ANTENNA__063719__A/DIODE                1.500000    1.599770   -0.099770 (VIOLATED)
_063704_/A                              1.500000    1.599608   -0.099608 (VIOLATED)
ANTENNA__063704__A/DIODE                1.500000    1.599605   -0.099605 (VIOLATED)
_103023_/A                              1.500000    1.599538   -0.099538 (VIOLATED)
_103050_/A1                             1.500000    1.599538   -0.099538 (VIOLATED)
ANTENNA__103050__A1/DIODE               1.500000    1.599538   -0.099538 (VIOLATED)
ANTENNA__103023__A/DIODE                1.500000    1.599537   -0.099538 (VIOLATED)
_063695_/B                              1.500000    1.599510   -0.099510 (VIOLATED)
ANTENNA__063695__B/DIODE                1.500000    1.599492   -0.099493 (VIOLATED)
_063696_/A1                             1.500000    1.599413   -0.099413 (VIOLATED)
ANTENNA__103028__A1/DIODE               1.500000    1.598975   -0.098975 (VIOLATED)
ANTENNA_hold27785_X/DIODE               1.500000    1.598975   -0.098975 (VIOLATED)
_103028_/A1                             1.500000    1.598975   -0.098975 (VIOLATED)
ANTENNA__063696__A1/DIODE               1.500000    1.598844   -0.098844 (VIOLATED)
_063691_/A2                             1.500000    1.598784   -0.098784 (VIOLATED)
ANTENNA__063691__A2/DIODE               1.500000    1.598783   -0.098783 (VIOLATED)
_063690_/C                              1.500000    1.598781   -0.098781 (VIOLATED)
ANTENNA__063690__C/DIODE                1.500000    1.598781   -0.098781 (VIOLATED)
ANTENNA_hold15740_X/DIODE               1.500000    1.598730   -0.098730 (VIOLATED)
ANTENNA_hold37925_A/DIODE               1.500000    1.598730   -0.098730 (VIOLATED)
hold37925/A                             1.500000    1.598730   -0.098730 (VIOLATED)
_102306_/A1                             1.500000    1.597162   -0.097162 (VIOLATED)
ANTENNA__102306__A1/DIODE               1.500000    1.597159   -0.097159 (VIOLATED)
_102253_/A                              1.500000    1.597145   -0.097145 (VIOLATED)
ANTENNA__102253__A/DIODE                1.500000    1.597132   -0.097132 (VIOLATED)
hold16977/X                             1.498918    1.595795   -0.096877 (VIOLATED)
ANTENNA__102204__A/DIODE                1.500000    1.596787   -0.096787 (VIOLATED)
ANTENNA__102398__A1/DIODE               1.500000    1.596784   -0.096784 (VIOLATED)
_102204_/A                              1.500000    1.596726   -0.096726 (VIOLATED)
_102398_/A1                             1.500000    1.596720   -0.096720 (VIOLATED)
_102187_/A                              1.500000    1.596555   -0.096555 (VIOLATED)
ANTENNA__102187__A/DIODE                1.500000    1.596548   -0.096548 (VIOLATED)
_060760_/A                              1.500000    1.596461   -0.096461 (VIOLATED)
ANTENNA__060760__A/DIODE                1.500000    1.596456   -0.096456 (VIOLATED)
_102177_/A1                             1.500000    1.595798   -0.095798 (VIOLATED)
ANTENNA__102177__A1/DIODE               1.500000    1.595796   -0.095796 (VIOLATED)
ANTENNA__102173__C/DIODE                1.500000    1.595795   -0.095795 (VIOLATED)
ANTENNA__102174__A2/DIODE               1.500000    1.595795   -0.095795 (VIOLATED)
ANTENNA_hold16977_X/DIODE               1.500000    1.595795   -0.095795 (VIOLATED)
_102173_/C                              1.500000    1.595795   -0.095795 (VIOLATED)
_102174_/A2                             1.500000    1.595795   -0.095795 (VIOLATED)
_082872_/Y                              1.496266    1.590485   -0.094219 (VIOLATED)
hold16603/X                             1.498918    1.589774   -0.090856 (VIOLATED)
wire3457/A                              1.500000    1.590559   -0.090559 (VIOLATED)
ANTENNA_wire3457_A/DIODE                1.500000    1.590558   -0.090558 (VIOLATED)
ANTENNA__082872__Y/DIODE                1.500000    1.590489   -0.090489 (VIOLATED)
ANTENNA_fanout8179_A/DIODE              1.500000    1.589867   -0.089867 (VIOLATED)
fanout8179/A                            1.500000    1.589867   -0.089867 (VIOLATED)
ANTENNA_fanout8180_A/DIODE              1.500000    1.589833   -0.089833 (VIOLATED)
fanout8180/A                            1.500000    1.589833   -0.089833 (VIOLATED)
_104843_/A2                             1.500000    1.589824   -0.089824 (VIOLATED)
ANTENNA__104843__A2/DIODE               1.500000    1.589821   -0.089821 (VIOLATED)
_104842_/C                              1.500000    1.589819   -0.089819 (VIOLATED)
ANTENNA__104842__C/DIODE                1.500000    1.589818   -0.089818 (VIOLATED)
_104812_/C                              1.500000    1.589814   -0.089814 (VIOLATED)
ANTENNA__104812__C/DIODE                1.500000    1.589813   -0.089813 (VIOLATED)
_104917_/A2                             1.500000    1.589808   -0.089808 (VIOLATED)
ANTENNA__104917__A2/DIODE               1.500000    1.589801   -0.089801 (VIOLATED)
_104918_/C                              1.500000    1.589790   -0.089790 (VIOLATED)
ANTENNA__104918__C/DIODE                1.500000    1.589789   -0.089789 (VIOLATED)
_104852_/B                              1.500000    1.589782   -0.089782 (VIOLATED)
ANTENNA__104852__B/DIODE                1.500000    1.589781   -0.089781 (VIOLATED)
_105557_/B                              1.500000    1.589778   -0.089778 (VIOLATED)
ANTENNA__105557__B/DIODE                1.500000    1.589778   -0.089778 (VIOLATED)
ANTENNA_hold16603_X/DIODE               1.500000    1.589774   -0.089774 (VIOLATED)
hold17418/X                             1.498918    1.584868   -0.085950 (VIOLATED)
_075588_/A                              1.500000    1.584945   -0.084945 (VIOLATED)
ANTENNA__075588__A/DIODE                1.500000    1.584944   -0.084944 (VIOLATED)
ANTENNA__075589__A1/DIODE               1.500000    1.584944   -0.084944 (VIOLATED)
_075589_/A1                             1.500000    1.584944   -0.084944 (VIOLATED)
_075535_/A                              1.500000    1.584937   -0.084937 (VIOLATED)
ANTENNA__075535__A/DIODE                1.500000    1.584936   -0.084936 (VIOLATED)
_075572_/A                              1.500000    1.584936   -0.084936 (VIOLATED)
ANTENNA__075572__A/DIODE                1.500000    1.584935   -0.084935 (VIOLATED)
_075571_/A                              1.500000    1.584933   -0.084933 (VIOLATED)
ANTENNA__075571__A/DIODE                1.500000    1.584932   -0.084932 (VIOLATED)
_075501_/A                              1.500000    1.584926   -0.084926 (VIOLATED)
ANTENNA__075501__A/DIODE                1.500000    1.584924   -0.084924 (VIOLATED)
_075500_/A1                             1.500000    1.584887   -0.084887 (VIOLATED)
ANTENNA__075500__A1/DIODE               1.500000    1.584885   -0.084885 (VIOLATED)
_075263_/B                              1.500000    1.584883   -0.084884 (VIOLATED)
_075902_/B                              1.500000    1.584883   -0.084883 (VIOLATED)
ANTENNA__075902__B/DIODE                1.500000    1.584883   -0.084883 (VIOLATED)
ANTENNA__075263__B/DIODE                1.500000    1.584882   -0.084882 (VIOLATED)
ANTENNA_hold17418_X/DIODE               1.500000    1.584868   -0.084868 (VIOLATED)
hold15243/X                             1.498918    1.581075   -0.082157 (VIOLATED)
_074687_/A                              1.500000    1.581122   -0.081122 (VIOLATED)
_074686_/A                              1.500000    1.581121   -0.081121 (VIOLATED)
ANTENNA__074686__A/DIODE                1.500000    1.581121   -0.081121 (VIOLATED)
ANTENNA__074687__A/DIODE                1.500000    1.581120   -0.081120 (VIOLATED)
_074630_/A                              1.500000    1.581119   -0.081119 (VIOLATED)
ANTENNA__074630__A/DIODE                1.500000    1.581117   -0.081117 (VIOLATED)
_074596_/A                              1.500000    1.581111   -0.081111 (VIOLATED)
_074501_/A                              1.500000    1.581109   -0.081109 (VIOLATED)
ANTENNA__074501__A/DIODE                1.500000    1.581109   -0.081109 (VIOLATED)
ANTENNA__074596__A/DIODE                1.500000    1.581106   -0.081106 (VIOLATED)
_074403_/B                              1.500000    1.581097   -0.081097 (VIOLATED)
ANTENNA__074403__B/DIODE                1.500000    1.581096   -0.081096 (VIOLATED)
_074439_/B                              1.500000    1.581096   -0.081096 (VIOLATED)
ANTENNA__074439__B/DIODE                1.500000    1.581095   -0.081095 (VIOLATED)
_074417_/B                              1.500000    1.581093   -0.081093 (VIOLATED)
ANTENNA__074417__B/DIODE                1.500000    1.581092   -0.081093 (VIOLATED)
ANTENNA_hold15243_X/DIODE               1.500000    1.581075   -0.081075 (VIOLATED)
ANTENNA_hold37913_A/DIODE               1.500000    1.581075   -0.081075 (VIOLATED)
hold37913/A                             1.500000    1.581075   -0.081075 (VIOLATED)
_115859_/A1                             1.500000    1.577997   -0.077997 (VIOLATED)
ANTENNA__115859__A1/DIODE               1.500000    1.577995   -0.077995 (VIOLATED)
hold28806/X                             1.498918    1.576709   -0.077791 (VIOLATED)
hold16442/X                             1.498918    1.575689   -0.076771 (VIOLATED)
ANTENNA__070022__A/DIODE                1.500000    1.576709   -0.076709 (VIOLATED)
ANTENNA__070023__B1/DIODE               1.500000    1.576709   -0.076709 (VIOLATED)
ANTENNA__070028__A1/DIODE               1.500000    1.576709   -0.076709 (VIOLATED)
ANTENNA_hold28806_X/DIODE               1.500000    1.576709   -0.076709 (VIOLATED)
_070022_/A                              1.500000    1.576709   -0.076709 (VIOLATED)
_070023_/B1                             1.500000    1.576709   -0.076709 (VIOLATED)
_070028_/A1                             1.500000    1.576709   -0.076709 (VIOLATED)
_091381_/A2                             1.500000    1.575936   -0.075936 (VIOLATED)
ANTENNA__091381__A2/DIODE               1.500000    1.575935   -0.075935 (VIOLATED)
_091380_/A2                             1.500000    1.575923   -0.075923 (VIOLATED)
ANTENNA__091380__A2/DIODE               1.500000    1.575920   -0.075920 (VIOLATED)
_091382_/B                              1.500000    1.575887   -0.075887 (VIOLATED)
ANTENNA__091382__B/DIODE                1.500000    1.575886   -0.075886 (VIOLATED)
_091219_/B                              1.500000    1.575849   -0.075849 (VIOLATED)
ANTENNA__091219__B/DIODE                1.500000    1.575835   -0.075835 (VIOLATED)
_091263_/B                              1.500000    1.575810   -0.075810 (VIOLATED)
ANTENNA__091263__B/DIODE                1.500000    1.575808   -0.075808 (VIOLATED)
_091220_/B                              1.500000    1.575786   -0.075786 (VIOLATED)
ANTENNA__091220__B/DIODE                1.500000    1.575779   -0.075779 (VIOLATED)
_091196_/B                              1.500000    1.575757   -0.075757 (VIOLATED)
ANTENNA__091196__B/DIODE                1.500000    1.575757   -0.075757 (VIOLATED)
_091120_/A                              1.500000    1.575706   -0.075706 (VIOLATED)
ANTENNA__091120__A/DIODE                1.500000    1.575704   -0.075704 (VIOLATED)
fanout8707/A                            1.500000    1.575692   -0.075692 (VIOLATED)
ANTENNA_fanout8707_A/DIODE              1.500000    1.575692   -0.075692 (VIOLATED)
ANTENNA__060818__A/DIODE                1.500000    1.575689   -0.075689 (VIOLATED)
ANTENNA_hold16442_X/DIODE               1.500000    1.575689   -0.075689 (VIOLATED)
_060818_/A                              1.500000    1.575689   -0.075689 (VIOLATED)
hold17839/X                             1.498918    1.573574   -0.074656 (VIOLATED)
neuro_inst/Vcc_read                     0.500000    0.574248   -0.074248 (VIOLATED)
_095386_/A                              1.500000    1.573733   -0.073733 (VIOLATED)
ANTENNA__095386__A/DIODE                1.500000    1.573725   -0.073725 (VIOLATED)
_095312_/B                              1.500000    1.573711   -0.073711 (VIOLATED)
ANTENNA__095312__B/DIODE                1.500000    1.573711   -0.073711 (VIOLATED)
_095412_/A                              1.500000    1.573681   -0.073681 (VIOLATED)
ANTENNA__095412__A/DIODE                1.500000    1.573677   -0.073677 (VIOLATED)
_095497_/A                              1.500000    1.573661   -0.073661 (VIOLATED)
ANTENNA__095497__A/DIODE                1.500000    1.573658   -0.073658 (VIOLATED)
_095449_/A                              1.500000    1.573644   -0.073644 (VIOLATED)
ANTENNA__095449__A/DIODE                1.500000    1.573641   -0.073641 (VIOLATED)
_095668_/A0                             1.500000    1.573603   -0.073603 (VIOLATED)
ANTENNA__095668__A0/DIODE               1.500000    1.573603   -0.073603 (VIOLATED)
ANTENNA_hold17839_X/DIODE               1.500000    1.573574   -0.073574 (VIOLATED)
hold202/X                               1.498918    1.572445   -0.073527 (VIOLATED)
hold28902/X                             1.498918    1.572377   -0.073459 (VIOLATED)
wire11864/A                             1.500000    1.573439   -0.073439 (VIOLATED)
ANTENNA_wire11864_A/DIODE               1.500000    1.573436   -0.073436 (VIOLATED)
ANTENNA__120157__A1/DIODE               1.500000    1.573419   -0.073419 (VIOLATED)
_120157_/A1                             1.500000    1.573404   -0.073404 (VIOLATED)
_120617_/A1                             1.500000    1.573353   -0.073353 (VIOLATED)
ANTENNA__120617__A1/DIODE               1.500000    1.573352   -0.073352 (VIOLATED)
_116079_/A1                             1.500000    1.572599   -0.072599 (VIOLATED)
ANTENNA__116079__A1/DIODE               1.500000    1.572599   -0.072599 (VIOLATED)
_120687_/A1                             1.500000    1.572555   -0.072555 (VIOLATED)
ANTENNA__120687__A1/DIODE               1.500000    1.572552   -0.072552 (VIOLATED)
_120767_/A1                             1.500000    1.572539   -0.072539 (VIOLATED)
ANTENNA__120767__A1/DIODE               1.500000    1.572538   -0.072538 (VIOLATED)
_120737_/A1                             1.500000    1.572465   -0.072465 (VIOLATED)
ANTENNA__120737__A1/DIODE               1.500000    1.572464   -0.072464 (VIOLATED)
ANTENNA__120717__A1/DIODE               1.500000    1.572445   -0.072445 (VIOLATED)
ANTENNA_hold202_X/DIODE                 1.500000    1.572445   -0.072445 (VIOLATED)
_120717_/A1                             1.500000    1.572445   -0.072445 (VIOLATED)
_072822_/A4                             1.500000    1.572385   -0.072385 (VIOLATED)
ANTENNA__072822__A4/DIODE               1.500000    1.572384   -0.072384 (VIOLATED)
_072811_/A2                             1.500000    1.572384   -0.072384 (VIOLATED)
ANTENNA__072811__A2/DIODE               1.500000    1.572384   -0.072384 (VIOLATED)
_072803_/A1                             1.500000    1.572381   -0.072381 (VIOLATED)
ANTENNA__072803__A1/DIODE               1.500000    1.572379   -0.072379 (VIOLATED)
ANTENNA__072793__A/DIODE                1.500000    1.572377   -0.072378 (VIOLATED)
ANTENNA__072801__A1/DIODE               1.500000    1.572377   -0.072378 (VIOLATED)
ANTENNA_hold28902_X/DIODE               1.500000    1.572377   -0.072378 (VIOLATED)
_072793_/A                              1.500000    1.572377   -0.072378 (VIOLATED)
_072801_/A1                             1.500000    1.572377   -0.072378 (VIOLATED)
neuro_inst/dc_bias                      0.500000    0.570369   -0.070369 (VIOLATED)
hold15498/X                             1.498918    1.567764   -0.068846 (VIOLATED)
hold13664/X                             1.498918    1.567586   -0.068668 (VIOLATED)
wire6561/A                              1.500000    1.568449   -0.068449 (VIOLATED)
_086174_/A2                             1.500000    1.568216   -0.068216 (VIOLATED)
ANTENNA_wire6561_A/DIODE                1.500000    1.568215   -0.068215 (VIOLATED)
_086173_/B                              1.500000    1.568214   -0.068214 (VIOLATED)
ANTENNA__086174__A2/DIODE               1.500000    1.568211   -0.068211 (VIOLATED)
ANTENNA__086173__B/DIODE                1.500000    1.568210   -0.068210 (VIOLATED)
_086183_/A2                             1.500000    1.568125   -0.068125 (VIOLATED)
ANTENNA__086183__A2/DIODE               1.500000    1.568095   -0.068095 (VIOLATED)
_086182_/C                              1.500000    1.568072   -0.068072 (VIOLATED)
ANTENNA__086182__C/DIODE                1.500000    1.568039   -0.068039 (VIOLATED)
_086201_/A                              1.500000    1.568005   -0.068005 (VIOLATED)
ANTENNA__086201__A/DIODE                1.500000    1.568000   -0.068000 (VIOLATED)
ANTENNA__086238__A1/DIODE               1.500000    1.567985   -0.067985 (VIOLATED)
_086238_/A1                             1.500000    1.567983   -0.067983 (VIOLATED)
_068539_/C                              1.500000    1.567905   -0.067905 (VIOLATED)
_068673_/C                              1.500000    1.567905   -0.067905 (VIOLATED)
_086232_/A                              1.500000    1.567905   -0.067905 (VIOLATED)
ANTENNA__068539__C/DIODE                1.500000    1.567905   -0.067905 (VIOLATED)
ANTENNA__068673__C/DIODE                1.500000    1.567905   -0.067905 (VIOLATED)
ANTENNA__086232__A/DIODE                1.500000    1.567904   -0.067904 (VIOLATED)
_068733_/A1                             1.500000    1.567901   -0.067901 (VIOLATED)
ANTENNA__068733__A1/DIODE               1.500000    1.567893   -0.067893 (VIOLATED)
ANTENNA__068769__A/DIODE                1.500000    1.567883   -0.067883 (VIOLATED)
_068769_/A                              1.500000    1.567870   -0.067871 (VIOLATED)
fanout1801/A                            1.500000    1.567863   -0.067863 (VIOLATED)
_068802_/A                              1.500000    1.567861   -0.067861 (VIOLATED)
ANTENNA__068802__A/DIODE                1.500000    1.567860   -0.067860 (VIOLATED)
_068803_/A1                             1.500000    1.567859   -0.067860 (VIOLATED)
ANTENNA_fanout1801_A/DIODE              1.500000    1.567859   -0.067859 (VIOLATED)
ANTENNA__068803__A1/DIODE               1.500000    1.567858   -0.067858 (VIOLATED)
_068835_/A                              1.500000    1.567850   -0.067850 (VIOLATED)
ANTENNA__068835__A/DIODE                1.500000    1.567849   -0.067849 (VIOLATED)
hold15418/X                             1.498918    1.566763   -0.067845 (VIOLATED)
_068834_/A                              1.500000    1.567840   -0.067840 (VIOLATED)
_068734_/A                              1.500000    1.567839   -0.067839 (VIOLATED)
ANTENNA__068834__A/DIODE                1.500000    1.567838   -0.067838 (VIOLATED)
ANTENNA__068734__A/DIODE                1.500000    1.567834   -0.067834 (VIOLATED)
ANTENNA__069128__B/DIODE                1.500000    1.567764   -0.067764 (VIOLATED)
ANTENNA_hold15498_X/DIODE               1.500000    1.567764   -0.067764 (VIOLATED)
_069128_/B                              1.500000    1.567764   -0.067764 (VIOLATED)
_086309_/A                              1.500000    1.567649   -0.067649 (VIOLATED)
ANTENNA__086309__A/DIODE                1.500000    1.567647   -0.067648 (VIOLATED)
_119803_/A2                             1.500000    1.567645   -0.067645 (VIOLATED)
ANTENNA__119803__A2/DIODE               1.500000    1.567641   -0.067641 (VIOLATED)
_119986_/A2                             1.500000    1.567595   -0.067595 (VIOLATED)
ANTENNA__119986__A2/DIODE               1.500000    1.567595   -0.067595 (VIOLATED)
_119961_/B1                             1.500000    1.567593   -0.067593 (VIOLATED)
ANTENNA__119963__B1/DIODE               1.500000    1.567592   -0.067592 (VIOLATED)
_119963_/B1                             1.500000    1.567592   -0.067592 (VIOLATED)
ANTENNA__119961__B1/DIODE               1.500000    1.567590   -0.067590 (VIOLATED)
_119980_/B1                             1.500000    1.567587   -0.067587 (VIOLATED)
ANTENNA__119980__B1/DIODE               1.500000    1.567586   -0.067586 (VIOLATED)
ANTENNA_hold13664_X/DIODE               1.500000    1.567586   -0.067586 (VIOLATED)
hold17172/X                             1.498918    1.566478   -0.067560 (VIOLATED)
_086471_/A                              1.500000    1.567432   -0.067432 (VIOLATED)
ANTENNA__086471__A/DIODE                1.500000    1.567417   -0.067417 (VIOLATED)
ANTENNA_hold15418_X/DIODE               1.500000    1.566763   -0.066763 (VIOLATED)
ANTENNA_hold37859_A/DIODE               1.500000    1.566763   -0.066763 (VIOLATED)
hold37859/A                             1.500000    1.566763   -0.066763 (VIOLATED)
fanout5938/A                            1.500000    1.566671   -0.066671 (VIOLATED)
ANTENNA_fanout5938_A/DIODE              1.500000    1.566670   -0.066670 (VIOLATED)
ANTENNA__109004__A2/DIODE               1.500000    1.566602   -0.066602 (VIOLATED)
ANTENNA__109003__C/DIODE                1.500000    1.566583   -0.066583 (VIOLATED)
_109004_/A2                             1.500000    1.566582   -0.066582 (VIOLATED)
_109003_/C                              1.500000    1.566568   -0.066568 (VIOLATED)
_108951_/D                              1.500000    1.566530   -0.066530 (VIOLATED)
_108952_/B1                             1.500000    1.566530   -0.066530 (VIOLATED)
ANTENNA__108951__D/DIODE                1.500000    1.566516   -0.066516 (VIOLATED)
ANTENNA__108952__B1/DIODE               1.500000    1.566516   -0.066516 (VIOLATED)
_108884_/D                              1.500000    1.566513   -0.066513 (VIOLATED)
_108885_/B1                             1.500000    1.566513   -0.066513 (VIOLATED)
ANTENNA__108884__D/DIODE                1.500000    1.566513   -0.066513 (VIOLATED)
ANTENNA__108885__B1/DIODE               1.500000    1.566512   -0.066512 (VIOLATED)
_108912_/B1                             1.500000    1.566511   -0.066511 (VIOLATED)
ANTENNA__108912__B1/DIODE               1.500000    1.566507   -0.066507 (VIOLATED)
_108821_/B                              1.500000    1.566500   -0.066500 (VIOLATED)
ANTENNA__108821__B/DIODE                1.500000    1.566500   -0.066500 (VIOLATED)
ANTENNA_hold17172_X/DIODE               1.500000    1.566478   -0.066478 (VIOLATED)
hold15682/X                             1.498918    1.564154   -0.065236 (VIOLATED)
hold16011/X                             1.498918    1.563965   -0.065047 (VIOLATED)
_107189_/A2                             1.500000    1.564269   -0.064269 (VIOLATED)
ANTENNA__107189__A2/DIODE               1.500000    1.564268   -0.064268 (VIOLATED)
_107203_/A                              1.500000    1.564249   -0.064249 (VIOLATED)
ANTENNA__107203__A/DIODE                1.500000    1.564246   -0.064246 (VIOLATED)
_107245_/B2                             1.500000    1.564183   -0.064183 (VIOLATED)
ANTENNA__107243__A/DIODE                1.500000    1.564166   -0.064166 (VIOLATED)
_107243_/A                              1.500000    1.564166   -0.064166 (VIOLATED)
ANTENNA__107245__B2/DIODE               1.500000    1.564158   -0.064158 (VIOLATED)
_107269_/A                              1.500000    1.564157   -0.064157 (VIOLATED)
ANTENNA__107269__A/DIODE                1.500000    1.564157   -0.064157 (VIOLATED)
_107323_/A                              1.500000    1.564156   -0.064156 (VIOLATED)
ANTENNA__107347__A1/DIODE               1.500000    1.564155   -0.064155 (VIOLATED)
ANTENNA__107323__A/DIODE                1.500000    1.564155   -0.064155 (VIOLATED)
_107347_/A1                             1.500000    1.564155   -0.064155 (VIOLATED)
ANTENNA__060730__A/DIODE                1.500000    1.564154   -0.064154 (VIOLATED)
ANTENNA__107349__A/DIODE                1.500000    1.564154   -0.064154 (VIOLATED)
ANTENNA_hold15682_X/DIODE               1.500000    1.564154   -0.064154 (VIOLATED)
_060730_/A                              1.500000    1.564154   -0.064154 (VIOLATED)
_107349_/A                              1.500000    1.564154   -0.064154 (VIOLATED)
_080714_/B                              1.500000    1.564022   -0.064022 (VIOLATED)
ANTENNA__080714__B/DIODE                1.500000    1.564021   -0.064021 (VIOLATED)
_080771_/B                              1.500000    1.564015   -0.064015 (VIOLATED)
ANTENNA__080771__B/DIODE                1.500000    1.564014   -0.064014 (VIOLATED)
_080856_/B                              1.500000    1.564000   -0.064001 (VIOLATED)
ANTENNA__080856__B/DIODE                1.500000    1.564000   -0.064000 (VIOLATED)
_080981_/A2                             1.500000    1.563984   -0.063984 (VIOLATED)
ANTENNA__080981__A2/DIODE               1.500000    1.563983   -0.063983 (VIOLATED)
ANTENNA__080569__B/DIODE                1.500000    1.563979   -0.063979 (VIOLATED)
_080569_/B                              1.500000    1.563979   -0.063979 (VIOLATED)
_080927_/B                              1.500000    1.563975   -0.063975 (VIOLATED)
ANTENNA__080927__B/DIODE                1.500000    1.563973   -0.063973 (VIOLATED)
_081041_/A                              1.500000    1.563969   -0.063969 (VIOLATED)
ANTENNA__081041__A/DIODE                1.500000    1.563969   -0.063969 (VIOLATED)
_081042_/A1                             1.500000    1.563968   -0.063968 (VIOLATED)
ANTENNA__081042__A1/DIODE               1.500000    1.563968   -0.063968 (VIOLATED)
ANTENNA__080989__A/DIODE                1.500000    1.563965   -0.063965 (VIOLATED)
ANTENNA__081009__A/DIODE                1.500000    1.563965   -0.063965 (VIOLATED)
ANTENNA_hold16011_X/DIODE               1.500000    1.563965   -0.063965 (VIOLATED)
_080989_/A                              1.500000    1.563965   -0.063965 (VIOLATED)
_081009_/A                              1.500000    1.563965   -0.063965 (VIOLATED)
hold15975/X                             1.498918    1.559741   -0.060823 (VIOLATED)
hold17734/X                             1.498918    1.559565   -0.060647 (VIOLATED)
_079651_/A0                             1.500000    1.560595   -0.060595 (VIOLATED)
ANTENNA__079651__A0/DIODE               1.500000    1.560593   -0.060593 (VIOLATED)
_079605_/D                              1.500000    1.560588   -0.060588 (VIOLATED)
ANTENNA__079605__D/DIODE                1.500000    1.560580   -0.060580 (VIOLATED)
_079482_/D                              1.500000    1.560567   -0.060567 (VIOLATED)
ANTENNA__079482__D/DIODE                1.500000    1.560565   -0.060565 (VIOLATED)
_079520_/B                              1.500000    1.560466   -0.060466 (VIOLATED)
ANTENNA__079520__B/DIODE                1.500000    1.560464   -0.060464 (VIOLATED)
_079665_/B                              1.500000    1.560413   -0.060413 (VIOLATED)
ANTENNA__079665__B/DIODE                1.500000    1.560413   -0.060413 (VIOLATED)
_079541_/B                              1.500000    1.560403   -0.060403 (VIOLATED)
ANTENNA__079541__B/DIODE                1.500000    1.560399   -0.060399 (VIOLATED)
hold38477/X                             1.498918    1.559112   -0.060194 (VIOLATED)
fanout10982/A                           1.500000    1.560112   -0.060112 (VIOLATED)
ANTENNA_fanout10982_A/DIODE             1.500000    1.560111   -0.060111 (VIOLATED)
hold37892/A                             1.500000    1.559777   -0.059777 (VIOLATED)
ANTENNA_hold37892_A/DIODE               1.500000    1.559776   -0.059777 (VIOLATED)
_082477_/A                              1.500000    1.559773   -0.059773 (VIOLATED)
ANTENNA__082477__A/DIODE                1.500000    1.559772   -0.059772 (VIOLATED)
_082603_/A                              1.500000    1.559766   -0.059766 (VIOLATED)
ANTENNA__082603__A/DIODE                1.500000    1.559760   -0.059760 (VIOLATED)
ANTENNA__082151__D/DIODE                1.500000    1.559760   -0.059760 (VIOLATED)
_082151_/D                              1.500000    1.559759   -0.059760 (VIOLATED)
_082144_/B                              1.500000    1.559756   -0.059756 (VIOLATED)
ANTENNA__082144__B/DIODE                1.500000    1.559755   -0.059755 (VIOLATED)
_082534_/A                              1.500000    1.559750   -0.059750 (VIOLATED)
_079512_/A2                             1.500000    1.559750   -0.059750 (VIOLATED)
ANTENNA__082534__A/DIODE                1.500000    1.559749   -0.059749 (VIOLATED)
_082193_/C                              1.500000    1.559748   -0.059748 (VIOLATED)
ANTENNA__082193__C/DIODE                1.500000    1.559747   -0.059748 (VIOLATED)
ANTENNA__082483__A2/DIODE               1.500000    1.559741   -0.059741 (VIOLATED)
ANTENNA__082506__A/DIODE                1.500000    1.559741   -0.059741 (VIOLATED)
ANTENNA_hold15975_X/DIODE               1.500000    1.559741   -0.059741 (VIOLATED)
_082483_/A2                             1.500000    1.559741   -0.059741 (VIOLATED)
_082506_/A                              1.500000    1.559741   -0.059741 (VIOLATED)
ANTENNA__079512__A2/DIODE               1.500000    1.559741   -0.059741 (VIOLATED)
_060884_/A                              1.500000    1.559603   -0.059603 (VIOLATED)
_079418_/B                              1.500000    1.559603   -0.059603 (VIOLATED)
ANTENNA__079418__B/DIODE                1.500000    1.559602   -0.059602 (VIOLATED)
ANTENNA__060884__A/DIODE                1.500000    1.559602   -0.059602 (VIOLATED)
ANTENNA__079253__B/DIODE                1.500000    1.559565   -0.059565 (VIOLATED)
ANTENNA_hold17734_X/DIODE               1.500000    1.559565   -0.059565 (VIOLATED)
_079253_/B                              1.500000    1.559565   -0.059565 (VIOLATED)
fanout10985/A                           1.500000    1.559414   -0.059414 (VIOLATED)
ANTENNA_fanout10985_A/DIODE             1.500000    1.559411   -0.059411 (VIOLATED)
fanout10986/A                           1.500000    1.559247   -0.059247 (VIOLATED)
ANTENNA_fanout10986_A/DIODE             1.500000    1.559207   -0.059207 (VIOLATED)
wire3692/A                              1.500000    1.559158   -0.059158 (VIOLATED)
ANTENNA__113107__A1/DIODE               1.500000    1.559112   -0.059112 (VIOLATED)
ANTENNA_hold38477_X/DIODE               1.500000    1.559112   -0.059112 (VIOLATED)
_113107_/A1                             1.500000    1.559112   -0.059112 (VIOLATED)
ANTENNA_wire3692_A/DIODE                1.500000    1.559063   -0.059063 (VIOLATED)
hold17854/X                             1.498918    1.554356   -0.055438 (VIOLATED)
_069991_/A2                             1.500000    1.554429   -0.054429 (VIOLATED)
ANTENNA__069991__A2/DIODE               1.500000    1.554428   -0.054428 (VIOLATED)
_069990_/C1                             1.500000    1.554426   -0.054426 (VIOLATED)
ANTENNA__069990__C1/DIODE               1.500000    1.554425   -0.054425 (VIOLATED)
_070449_/A1                             1.500000    1.554389   -0.054389 (VIOLATED)
ANTENNA__070449__A1/DIODE               1.500000    1.554387   -0.054387 (VIOLATED)
fanout10006/A                           1.500000    1.554383   -0.054383 (VIOLATED)
ANTENNA_fanout10006_A/DIODE             1.500000    1.554382   -0.054382 (VIOLATED)
fanout10007/A                           1.500000    1.554376   -0.054377 (VIOLATED)
ANTENNA_fanout10007_A/DIODE             1.500000    1.554376   -0.054376 (VIOLATED)
_070371_/B                              1.500000    1.554371   -0.054371 (VIOLATED)
ANTENNA__070371__B/DIODE                1.500000    1.554368   -0.054369 (VIOLATED)
ANTENNA__069878__B/DIODE                1.500000    1.554361   -0.054361 (VIOLATED)
_069878_/B                              1.500000    1.554361   -0.054361 (VIOLATED)
ANTENNA_hold17854_X/DIODE               1.500000    1.554356   -0.054356 (VIOLATED)
_113194_/X                              1.498428    1.552239   -0.053811 (VIOLATED)
wire1678/A                              1.500000    1.553805   -0.053805 (VIOLATED)
ANTENNA_wire1678_A/DIODE                1.500000    1.553802   -0.053802 (VIOLATED)
ANTENNA__113194__X/DIODE                1.500000    1.552295   -0.052295 (VIOLATED)
wire1679/A                              1.500000    1.551447   -0.051447 (VIOLATED)
ANTENNA_wire1679_A/DIODE                1.500000    1.551425   -0.051425 (VIOLATED)
ANTENNA_505/DIODE                       1.500000    1.550184   -0.050184 (VIOLATED)
ANTENNA_498/DIODE                       1.500000    1.550180   -0.050180 (VIOLATED)
wire3339/A                              1.500000    1.550160   -0.050160 (VIOLATED)
ANTENNA_497/DIODE                       1.500000    1.550156   -0.050156 (VIOLATED)
ANTENNA_wire3339_A/DIODE                1.500000    1.550154   -0.050154 (VIOLATED)
ANTENNA_507/DIODE                       1.500000    1.550153   -0.050153 (VIOLATED)
ANTENNA_509/DIODE                       1.500000    1.550152   -0.050152 (VIOLATED)
ANTENNA_499/DIODE                       1.500000    1.550016   -0.050016 (VIOLATED)
ANTENNA_500/DIODE                       1.500000    1.550010   -0.050010 (VIOLATED)
ANTENNA_502/DIODE                       1.500000    1.550003   -0.050003 (VIOLATED)
ANTENNA_504/DIODE                       1.500000    1.549993   -0.049993 (VIOLATED)
ANTENNA_506/DIODE                       1.500000    1.549986   -0.049986 (VIOLATED)
ANTENNA_508/DIODE                       1.500000    1.549977   -0.049977 (VIOLATED)
ANTENNA_503/DIODE                       1.500000    1.549969   -0.049969 (VIOLATED)
ANTENNA_501/DIODE                       1.500000    1.549960   -0.049960 (VIOLATED)
wire3306/A                              1.500000    1.549854   -0.049854 (VIOLATED)
ANTENNA_wire3306_A/DIODE                1.500000    1.549836   -0.049836 (VIOLATED)
hold5090/X                              1.498918    1.546829   -0.047911 (VIOLATED)
ANTENNA__109607__Y/DIODE                1.500000    1.546956   -0.046956 (VIOLATED)
_109607_/Y                              1.500000    1.546945   -0.046945 (VIOLATED)
fanout8555/A                            1.500000    1.546877   -0.046877 (VIOLATED)
ANTENNA_fanout8555_A/DIODE              1.500000    1.546877   -0.046877 (VIOLATED)
hold37413/A                             1.500000    1.546840   -0.046840 (VIOLATED)
ANTENNA_hold37413_A/DIODE               1.500000    1.546840   -0.046840 (VIOLATED)
_093795_/A                              1.500000    1.546839   -0.046839 (VIOLATED)
ANTENNA__093795__A/DIODE                1.500000    1.546838   -0.046838 (VIOLATED)
_093740_/B2                             1.500000    1.546838   -0.046838 (VIOLATED)
ANTENNA__093740__B2/DIODE               1.500000    1.546837   -0.046837 (VIOLATED)
_093743_/A                              1.500000    1.546836   -0.046836 (VIOLATED)
ANTENNA__093743__A/DIODE                1.500000    1.546836   -0.046836 (VIOLATED)
_093745_/B2                             1.500000    1.546836   -0.046836 (VIOLATED)
ANTENNA__093745__B2/DIODE               1.500000    1.546835   -0.046835 (VIOLATED)
_093690_/B                              1.500000    1.546835   -0.046835 (VIOLATED)
ANTENNA__093690__B/DIODE                1.500000    1.546834   -0.046834 (VIOLATED)
_093700_/A                              1.500000    1.546831   -0.046832 (VIOLATED)
ANTENNA__093700__A/DIODE                1.500000    1.546831   -0.046831 (VIOLATED)
_093729_/A                              1.500000    1.546831   -0.046831 (VIOLATED)
ANTENNA__093729__A/DIODE                1.500000    1.546831   -0.046831 (VIOLATED)
_093952_/A1                             1.500000    1.546830   -0.046830 (VIOLATED)
ANTENNA__093952__A1/DIODE               1.500000    1.546829   -0.046829 (VIOLATED)
ANTENNA_hold5090_X/DIODE                1.500000    1.546829   -0.046829 (VIOLATED)
hold11474/X                             1.498918    1.543562   -0.044644 (VIOLATED)
_068487_/C1                             1.500000    1.543832   -0.043832 (VIOLATED)
_068488_/A2                             1.500000    1.543832   -0.043832 (VIOLATED)
ANTENNA__068487__C1/DIODE               1.500000    1.543830   -0.043830 (VIOLATED)
ANTENNA__068488__A2/DIODE               1.500000    1.543824   -0.043824 (VIOLATED)
_068611_/A2                             1.500000    1.543799   -0.043799 (VIOLATED)
ANTENNA__068611__A2/DIODE               1.500000    1.543796   -0.043796 (VIOLATED)
_068528_/B                              1.500000    1.543759   -0.043759 (VIOLATED)
ANTENNA__068528__B/DIODE                1.500000    1.543758   -0.043758 (VIOLATED)
_068701_/A2                             1.500000    1.543723   -0.043723 (VIOLATED)
ANTENNA__068701__A2/DIODE               1.500000    1.543714   -0.043714 (VIOLATED)
_068529_/B                              1.500000    1.543668   -0.043668 (VIOLATED)
ANTENNA__068529__B/DIODE                1.500000    1.543666   -0.043666 (VIOLATED)
_068768_/A2                             1.500000    1.543601   -0.043601 (VIOLATED)
ANTENNA__068768__A2/DIODE               1.500000    1.543586   -0.043586 (VIOLATED)
ANTENNA__068379__B/DIODE                1.500000    1.543578   -0.043578 (VIOLATED)
_068379_/B                              1.500000    1.543578   -0.043578 (VIOLATED)
_068967_/A1                             1.500000    1.543571   -0.043571 (VIOLATED)
ANTENNA__068967__A1/DIODE               1.500000    1.543570   -0.043570 (VIOLATED)
ANTENNA_fanout10064_A/DIODE             1.500000    1.543562   -0.043562 (VIOLATED)
ANTENNA_hold11474_X/DIODE               1.500000    1.543562   -0.043562 (VIOLATED)
fanout10064/A                           1.500000    1.543562   -0.043562 (VIOLATED)
hold17101/X                             1.498918    1.541797   -0.042879 (VIOLATED)
hold9206/X                              1.498918    1.541058   -0.042140 (VIOLATED)
_097975_/B                              1.500000    1.542039   -0.042039 (VIOLATED)
ANTENNA__097975__B/DIODE                1.500000    1.542037   -0.042037 (VIOLATED)
ANTENNA__097977__D/DIODE                1.500000    1.542013   -0.042013 (VIOLATED)
_097977_/D                              1.500000    1.542013   -0.042013 (VIOLATED)
_097976_/B                              1.500000    1.542011   -0.042011 (VIOLATED)
ANTENNA__097976__B/DIODE                1.500000    1.542003   -0.042003 (VIOLATED)
fanout9805/A                            1.500000    1.541929   -0.041929 (VIOLATED)
ANTENNA_fanout9805_A/DIODE              1.500000    1.541927   -0.041927 (VIOLATED)
_077537_/A1                             1.500000    1.541899   -0.041899 (VIOLATED)
ANTENNA__077537__A1/DIODE               1.500000    1.541897   -0.041897 (VIOLATED)
_077514_/A                              1.500000    1.541853   -0.041853 (VIOLATED)
ANTENNA__077514__A/DIODE                1.500000    1.541850   -0.041850 (VIOLATED)
ANTENNA__077492__C/DIODE                1.500000    1.541836   -0.041836 (VIOLATED)
_077492_/C                              1.500000    1.541829   -0.041829 (VIOLATED)
_077493_/A2                             1.500000    1.541822   -0.041822 (VIOLATED)
ANTENNA__077493__A2/DIODE               1.500000    1.541821   -0.041821 (VIOLATED)
_077479_/B1                             1.500000    1.541818   -0.041818 (VIOLATED)
ANTENNA__077479__B1/DIODE               1.500000    1.541816   -0.041816 (VIOLATED)
_077478_/D                              1.500000    1.541816   -0.041816 (VIOLATED)
ANTENNA__077478__D/DIODE                1.500000    1.541815   -0.041815 (VIOLATED)
_078205_/B                              1.500000    1.541803   -0.041803 (VIOLATED)
ANTENNA__078205__B/DIODE                1.500000    1.541803   -0.041803 (VIOLATED)
ANTENNA_hold17101_X/DIODE               1.500000    1.541797   -0.041797 (VIOLATED)
ANTENNA__098053__A2/DIODE               1.500000    1.541351   -0.041351 (VIOLATED)
_098053_/A2                             1.500000    1.541350   -0.041350 (VIOLATED)
ANTENNA__098021__B/DIODE                1.500000    1.541319   -0.041319 (VIOLATED)
_098021_/B                              1.500000    1.541299   -0.041299 (VIOLATED)
_098059_/C                              1.500000    1.541214   -0.041214 (VIOLATED)
ANTENNA__098059__C/DIODE                1.500000    1.541213   -0.041213 (VIOLATED)
_098060_/A2                             1.500000    1.541211   -0.041212 (VIOLATED)
ANTENNA__098060__A2/DIODE               1.500000    1.541185   -0.041185 (VIOLATED)
ANTENNA__098102__B/DIODE                1.500000    1.541154   -0.041154 (VIOLATED)
_098103_/A1                             1.500000    1.541135   -0.041135 (VIOLATED)
_098102_/B                              1.500000    1.541134   -0.041134 (VIOLATED)
ANTENNA__098103__A1/DIODE               1.500000    1.541110   -0.041110 (VIOLATED)
_060783_/A                              1.500000    1.541061   -0.041061 (VIOLATED)
ANTENNA__060783__A/DIODE                1.500000    1.541060   -0.041060 (VIOLATED)
ANTENNA_hold9206_X/DIODE                1.500000    1.541058   -0.041058 (VIOLATED)
_113152_/C1                             1.500000    1.540907   -0.040907 (VIOLATED)
_113083_/C1                             1.500000    1.540904   -0.040904 (VIOLATED)
ANTENNA__113152__C1/DIODE               1.500000    1.540904   -0.040904 (VIOLATED)
ANTENNA__113083__C1/DIODE               1.500000    1.540901   -0.040902 (VIOLATED)
hold18273/X                             1.498918    1.539814   -0.040896 (VIOLATED)
_113216_/C1                             1.500000    1.540890   -0.040890 (VIOLATED)
ANTENNA__113216__C1/DIODE               1.500000    1.540886   -0.040886 (VIOLATED)
_113280_/C1                             1.500000    1.540879   -0.040879 (VIOLATED)
ANTENNA__113280__C1/DIODE               1.500000    1.540844   -0.040844 (VIOLATED)
_113531_/C1                             1.500000    1.540784   -0.040784 (VIOLATED)
ANTENNA__113531__C1/DIODE               1.500000    1.540782   -0.040782 (VIOLATED)
_113407_/C1                             1.500000    1.540730   -0.040730 (VIOLATED)
ANTENNA__113407__C1/DIODE               1.500000    1.540725   -0.040725 (VIOLATED)
_113719_/C1                             1.500000    1.540660   -0.040660 (VIOLATED)
ANTENNA__113719__C1/DIODE               1.500000    1.540655   -0.040655 (VIOLATED)
_113781_/C1                             1.500000    1.540578   -0.040579 (VIOLATED)
ANTENNA__113781__C1/DIODE               1.500000    1.540571   -0.040571 (VIOLATED)
_113843_/C1                             1.500000    1.539909   -0.039909 (VIOLATED)
ANTENNA__113843__C1/DIODE               1.500000    1.539907   -0.039907 (VIOLATED)
ANTENNA__114030__C1/DIODE               1.500000    1.539814   -0.039814 (VIOLATED)
ANTENNA_hold18273_X/DIODE               1.500000    1.539814   -0.039814 (VIOLATED)
_114030_/C1                             1.500000    1.539814   -0.039814 (VIOLATED)
hold8139/X                              1.498918    1.538363   -0.039445 (VIOLATED)
_113189_/X                              1.498428    1.537183   -0.038755 (VIOLATED)
_088738_/A                              1.500000    1.538439   -0.038439 (VIOLATED)
ANTENNA__088738__A/DIODE                1.500000    1.538438   -0.038438 (VIOLATED)
fanout9134/A                            1.500000    1.538422   -0.038422 (VIOLATED)
ANTENNA_fanout9134_A/DIODE              1.500000    1.538420   -0.038420 (VIOLATED)
_088567_/A2                             1.500000    1.538401   -0.038401 (VIOLATED)
ANTENNA__088567__A2/DIODE               1.500000    1.538399   -0.038399 (VIOLATED)
ANTENNA__088568__C/DIODE                1.500000    1.538398   -0.038398 (VIOLATED)
_088568_/C                              1.500000    1.538398   -0.038398 (VIOLATED)
_088580_/A                              1.500000    1.538387   -0.038387 (VIOLATED)
ANTENNA__088580__A/DIODE                1.500000    1.538386   -0.038386 (VIOLATED)
hold16266/A                             1.500000    1.538371   -0.038371 (VIOLATED)
ANTENNA_hold16266_A/DIODE               1.500000    1.538371   -0.038371 (VIOLATED)
ANTENNA_hold8139_X/DIODE                1.500000    1.538363   -0.038363 (VIOLATED)
ANTENNA__113189__X/DIODE                1.500000    1.537202   -0.037202 (VIOLATED)
hold28947/X                             1.498918    1.536097   -0.037179 (VIOLATED)
wire8499/A                              1.500000    1.537030   -0.037030 (VIOLATED)
ANTENNA_wire8499_A/DIODE                1.500000    1.537025   -0.037025 (VIOLATED)
_101658_/A                              1.500000    1.536102   -0.036102 (VIOLATED)
ANTENNA__101658__A/DIODE                1.500000    1.536102   -0.036102 (VIOLATED)
_101657_/A                              1.500000    1.536101   -0.036102 (VIOLATED)
ANTENNA__101657__A/DIODE                1.500000    1.536101   -0.036101 (VIOLATED)
ANTENNA__101662__A1/DIODE               1.500000    1.536097   -0.036097 (VIOLATED)
ANTENNA_hold28947_X/DIODE               1.500000    1.536097   -0.036097 (VIOLATED)
_101662_/A1                             1.500000    1.536097   -0.036097 (VIOLATED)
hold15314/X                             1.498918    1.532888   -0.033970 (VIOLATED)
fanout8281/A                            1.500000    1.533008   -0.033008 (VIOLATED)
ANTENNA_fanout8281_A/DIODE              1.500000    1.533007   -0.033007 (VIOLATED)
_103539_/A                              1.500000    1.532958   -0.032958 (VIOLATED)
ANTENNA__103539__A/DIODE                1.500000    1.532958   -0.032958 (VIOLATED)
_103136_/B                              1.500000    1.532955   -0.032955 (VIOLATED)
_103172_/A2                             1.500000    1.532948   -0.032949 (VIOLATED)
ANTENNA__103172__A2/DIODE               1.500000    1.532947   -0.032948 (VIOLATED)
_103060_/B                              1.500000    1.532944   -0.032945 (VIOLATED)
ANTENNA__103060__B/DIODE                1.500000    1.532944   -0.032944 (VIOLATED)
ANTENNA__103136__B/DIODE                1.500000    1.532935   -0.032935 (VIOLATED)
_103094_/B                              1.500000    1.532919   -0.032919 (VIOLATED)
ANTENNA__103094__B/DIODE                1.500000    1.532918   -0.032919 (VIOLATED)
_103096_/A2                             1.500000    1.532906   -0.032906 (VIOLATED)
ANTENNA__103096__A2/DIODE               1.500000    1.532904   -0.032904 (VIOLATED)
_103098_/C                              1.500000    1.532900   -0.032900 (VIOLATED)
ANTENNA__103098__C/DIODE                1.500000    1.532899   -0.032899 (VIOLATED)
ANTENNA_hold15314_X/DIODE               1.500000    1.532888   -0.032888 (VIOLATED)
ANTENNA_hold37542_A/DIODE               1.500000    1.532888   -0.032888 (VIOLATED)
hold37542/A                             1.500000    1.532888   -0.032888 (VIOLATED)
hold15053/X                             1.498918    1.527692   -0.028774 (VIOLATED)
_092040_/B                              1.500000    1.527986   -0.027986 (VIOLATED)
ANTENNA__092040__B/DIODE                1.500000    1.527980   -0.027981 (VIOLATED)
_092098_/C                              1.500000    1.527966   -0.027966 (VIOLATED)
ANTENNA__092098__C/DIODE                1.500000    1.527956   -0.027956 (VIOLATED)
ANTENNA__092171__B/DIODE                1.500000    1.527905   -0.027905 (VIOLATED)
_092171_/B                              1.500000    1.527904   -0.027904 (VIOLATED)
_092068_/B                              1.500000    1.527780   -0.027780 (VIOLATED)
ANTENNA__092068__B/DIODE                1.500000    1.527779   -0.027779 (VIOLATED)
_092467_/A2                             1.500000    1.527749   -0.027749 (VIOLATED)
ANTENNA__092467__A2/DIODE               1.500000    1.527745   -0.027745 (VIOLATED)
_092203_/A                              1.500000    1.527732   -0.027733 (VIOLATED)
ANTENNA__092203__A/DIODE                1.500000    1.527731   -0.027731 (VIOLATED)
_092568_/A1                             1.500000    1.527730   -0.027730 (VIOLATED)
ANTENNA__092568__A1/DIODE               1.500000    1.527729   -0.027729 (VIOLATED)
_092464_/B                              1.500000    1.527726   -0.027726 (VIOLATED)
ANTENNA__092464__B/DIODE                1.500000    1.527718   -0.027718 (VIOLATED)
_092097_/A                              1.500000    1.527697   -0.027697 (VIOLATED)
ANTENNA__092097__A/DIODE                1.500000    1.527696   -0.027696 (VIOLATED)
ANTENNA__060813__A/DIODE                1.500000    1.527692   -0.027692 (VIOLATED)
ANTENNA_hold15053_X/DIODE               1.500000    1.527692   -0.027692 (VIOLATED)
_060813_/A                              1.500000    1.527692   -0.027692 (VIOLATED)
hold15455/X                             1.498918    1.526425   -0.027507 (VIOLATED)
hold29820/X                             1.498918    1.525710   -0.026792 (VIOLATED)
_064537_/B1                             1.500000    1.526639   -0.026639 (VIOLATED)
ANTENNA__064537__B1/DIODE               1.500000    1.526637   -0.026637 (VIOLATED)
_064536_/D                              1.500000    1.526632   -0.026632 (VIOLATED)
ANTENNA__064536__D/DIODE                1.500000    1.526619   -0.026619 (VIOLATED)
_064558_/C                              1.500000    1.526605   -0.026605 (VIOLATED)
_064557_/A2                             1.500000    1.526605   -0.026605 (VIOLATED)
ANTENNA__064558__C/DIODE                1.500000    1.526604   -0.026604 (VIOLATED)
_064559_/C                              1.500000    1.526601   -0.026601 (VIOLATED)
ANTENNA__064557__A2/DIODE               1.500000    1.526597   -0.026598 (VIOLATED)
hold15540/X                             1.498918    1.525478   -0.026560 (VIOLATED)
ANTENNA__064559__C/DIODE                1.500000    1.526559   -0.026559 (VIOLATED)
_064625_/B                              1.500000    1.526495   -0.026495 (VIOLATED)
fanout10479/A                           1.500000    1.526488   -0.026488 (VIOLATED)
ANTENNA_fanout10479_A/DIODE             1.500000    1.526486   -0.026486 (VIOLATED)
_064928_/A_N                            1.500000    1.526485   -0.026485 (VIOLATED)
ANTENNA__064928__A_N/DIODE              1.500000    1.526485   -0.026485 (VIOLATED)
ANTENNA__064625__B/DIODE                1.500000    1.526452   -0.026452 (VIOLATED)
hold37677/A                             1.500000    1.526433   -0.026433 (VIOLATED)
ANTENNA_hold37677_A/DIODE               1.500000    1.526433   -0.026433 (VIOLATED)
ANTENNA_hold15455_X/DIODE               1.500000    1.526425   -0.026425 (VIOLATED)
_105463_/A4                             1.500000    1.526102   -0.026102 (VIOLATED)
ANTENNA__105463__A4/DIODE               1.500000    1.526094   -0.026094 (VIOLATED)
_118631_/A1                             1.500000    1.525906   -0.025906 (VIOLATED)
ANTENNA__118631__A1/DIODE               1.500000    1.525905   -0.025905 (VIOLATED)
ANTENNA__105436__A/DIODE                1.500000    1.525710   -0.025710 (VIOLATED)
ANTENNA__105442__A1/DIODE               1.500000    1.525710   -0.025710 (VIOLATED)
ANTENNA_hold29820_X/DIODE               1.500000    1.525710   -0.025710 (VIOLATED)
_105436_/A                              1.500000    1.525710   -0.025710 (VIOLATED)
_105442_/A1                             1.500000    1.525710   -0.025710 (VIOLATED)
_068497_/B                              1.500000    1.525558   -0.025558 (VIOLATED)
ANTENNA__068497__B/DIODE                1.500000    1.525555   -0.025555 (VIOLATED)
_068621_/A2                             1.500000    1.525553   -0.025553 (VIOLATED)
ANTENNA__068621__A2/DIODE               1.500000    1.525553   -0.025553 (VIOLATED)
ANTENNA__068921__B2/DIODE               1.500000    1.525535   -0.025535 (VIOLATED)
_068921_/B2                             1.500000    1.525535   -0.025535 (VIOLATED)
_068809_/B                              1.500000    1.525534   -0.025534 (VIOLATED)
_068920_/A_N                            1.500000    1.525534   -0.025534 (VIOLATED)
_068743_/C                              1.500000    1.525534   -0.025534 (VIOLATED)
ANTENNA__068920__A_N/DIODE              1.500000    1.525534   -0.025534 (VIOLATED)
_068741_/A2                             1.500000    1.525533   -0.025533 (VIOLATED)
ANTENNA__068741__A2/DIODE               1.500000    1.525533   -0.025533 (VIOLATED)
ANTENNA__068743__C/DIODE                1.500000    1.525532   -0.025532 (VIOLATED)
ANTENNA__068809__B/DIODE                1.500000    1.525527   -0.025527 (VIOLATED)
_068868_/A                              1.500000    1.525490   -0.025491 (VIOLATED)
ANTENNA__068868__A/DIODE                1.500000    1.525488   -0.025489 (VIOLATED)
_069130_/B                              1.500000    1.525486   -0.025487 (VIOLATED)
ANTENNA__069130__B/DIODE                1.500000    1.525486   -0.025486 (VIOLATED)
ANTENNA__068941__B2/DIODE               1.500000    1.525478   -0.025478 (VIOLATED)
ANTENNA_hold15540_X/DIODE               1.500000    1.525478   -0.025478 (VIOLATED)
_068941_/B2                             1.500000    1.525478   -0.025478 (VIOLATED)
wire6369/A                              1.500000    1.525478   -0.025478 (VIOLATED)
ANTENNA_wire6369_A/DIODE                1.500000    1.525448   -0.025448 (VIOLATED)
hold16032/X                             1.498918    1.521148   -0.022230 (VIOLATED)
_060875_/A                              1.500000    1.521370   -0.021370 (VIOLATED)
ANTENNA__060875__A/DIODE                1.500000    1.521367   -0.021367 (VIOLATED)
_080922_/A                              1.500000    1.521366   -0.021366 (VIOLATED)
ANTENNA__080922__A/DIODE                1.500000    1.521365   -0.021365 (VIOLATED)
_080925_/A                              1.500000    1.521338   -0.021338 (VIOLATED)
_080923_/B2                             1.500000    1.521337   -0.021337 (VIOLATED)
ANTENNA__080925__A/DIODE                1.500000    1.521336   -0.021336 (VIOLATED)
ANTENNA__080923__B2/DIODE               1.500000    1.521333   -0.021333 (VIOLATED)
ANTENNA__080854__A/DIODE                1.500000    1.521292   -0.021292 (VIOLATED)
ANTENNA__080855__B2/DIODE               1.500000    1.521292   -0.021292 (VIOLATED)
_080854_/A                              1.500000    1.521292   -0.021292 (VIOLATED)
_080855_/B2                             1.500000    1.521282   -0.021282 (VIOLATED)
_080769_/B2                             1.500000    1.521211   -0.021211 (VIOLATED)
ANTENNA__080769__B2/DIODE               1.500000    1.521210   -0.021210 (VIOLATED)
_080724_/A                              1.500000    1.521170   -0.021170 (VIOLATED)
ANTENNA__080724__A/DIODE                1.500000    1.521169   -0.021169 (VIOLATED)
_080633_/A2                             1.500000    1.521162   -0.021162 (VIOLATED)
ANTENNA__080633__A2/DIODE               1.500000    1.521160   -0.021160 (VIOLATED)
fanout9333/A                            1.500000    1.521151   -0.021151 (VIOLATED)
ANTENNA_fanout9333_A/DIODE              1.500000    1.521151   -0.021151 (VIOLATED)
ANTENNA_hold16032_X/DIODE               1.500000    1.521148   -0.021148 (VIOLATED)
hold17089/X                             1.498918    1.518528   -0.019610 (VIOLATED)
_085827_/A                              1.500000    1.518546   -0.018546 (VIOLATED)
ANTENNA__085827__A/DIODE                1.500000    1.518546   -0.018546 (VIOLATED)
_085828_/B2                             1.500000    1.518546   -0.018546 (VIOLATED)
ANTENNA__085828__B2/DIODE               1.500000    1.518545   -0.018545 (VIOLATED)
_085806_/B2                             1.500000    1.518541   -0.018542 (VIOLATED)
ANTENNA__085806__B2/DIODE               1.500000    1.518541   -0.018541 (VIOLATED)
_085744_/A1                             1.500000    1.518533   -0.018534 (VIOLATED)
_060985_/A                              1.500000    1.518532   -0.018532 (VIOLATED)
ANTENNA__085744__A1/DIODE               1.500000    1.518532   -0.018532 (VIOLATED)
ANTENNA__060985__A/DIODE                1.500000    1.518530   -0.018530 (VIOLATED)
_085739_/A                              1.500000    1.518529   -0.018529 (VIOLATED)
ANTENNA__085739__A/DIODE                1.500000    1.518528   -0.018528 (VIOLATED)
ANTENNA__085596__C/DIODE                1.500000    1.518528   -0.018528 (VIOLATED)
ANTENNA__085597__A2/DIODE               1.500000    1.518528   -0.018528 (VIOLATED)
ANTENNA__085672__A/DIODE                1.500000    1.518528   -0.018528 (VIOLATED)
ANTENNA__085767__A1/DIODE               1.500000    1.518528   -0.018528 (VIOLATED)
ANTENNA_hold17089_X/DIODE               1.500000    1.518528   -0.018528 (VIOLATED)
_085596_/C                              1.500000    1.518528   -0.018528 (VIOLATED)
_085597_/A2                             1.500000    1.518528   -0.018528 (VIOLATED)
_085672_/A                              1.500000    1.518528   -0.018528 (VIOLATED)
_085767_/A1                             1.500000    1.518528   -0.018528 (VIOLATED)
hold17554/X                             1.498918    1.517390   -0.018472 (VIOLATED)
ANTENNA_wire6370_X/DIODE                1.500000    1.518236   -0.018236 (VIOLATED)
wire6370/X                              1.500000    1.518133   -0.018133 (VIOLATED)
_082477_/B                              1.500000    1.517426   -0.017426 (VIOLATED)
ANTENNA__082477__B/DIODE                1.500000    1.517423   -0.017423 (VIOLATED)
_082327_/B1                             1.500000    1.517421   -0.017421 (VIOLATED)
_082326_/D                              1.500000    1.517417   -0.017417 (VIOLATED)
_082401_/A2                             1.500000    1.517417   -0.017417 (VIOLATED)
_082287_/B                              1.500000    1.517416   -0.017417 (VIOLATED)
ANTENNA__082287__B/DIODE                1.500000    1.517416   -0.017416 (VIOLATED)
ANTENNA__082401__A2/DIODE               1.500000    1.517416   -0.017416 (VIOLATED)
ANTENNA__082327__B1/DIODE               1.500000    1.517414   -0.017414 (VIOLATED)
_082220_/B                              1.500000    1.517414   -0.017414 (VIOLATED)
ANTENNA__082220__B/DIODE                1.500000    1.517412   -0.017412 (VIOLATED)
ANTENNA__082326__D/DIODE                1.500000    1.517412   -0.017412 (VIOLATED)
_082154_/B                              1.500000    1.517406   -0.017406 (VIOLATED)
ANTENNA__082154__B/DIODE                1.500000    1.517404   -0.017404 (VIOLATED)
_082181_/A2                             1.500000    1.517394   -0.017394 (VIOLATED)
ANTENNA__082181__A2/DIODE               1.500000    1.517393   -0.017393 (VIOLATED)
fanout9536/A                            1.500000    1.517393   -0.017393 (VIOLATED)
ANTENNA_fanout9536_A/DIODE              1.500000    1.517393   -0.017393 (VIOLATED)
ANTENNA_hold17554_X/DIODE               1.500000    1.517390   -0.017390 (VIOLATED)
ANTENNA_wire3340_X/DIODE                1.500000    1.516927   -0.016927 (VIOLATED)
wire3340/X                              1.500000    1.516526   -0.016526 (VIOLATED)
hold28404/X                             1.498918    1.512470   -0.013552 (VIOLATED)
_114429_/A1                             1.500000    1.512564   -0.012564 (VIOLATED)
ANTENNA__114429__A1/DIODE               1.500000    1.512561   -0.012561 (VIOLATED)
_114048_/A1                             1.500000    1.512548   -0.012548 (VIOLATED)
ANTENNA__114048__A1/DIODE               1.500000    1.512546   -0.012546 (VIOLATED)
_113740_/A1                             1.500000    1.512529   -0.012529 (VIOLATED)
ANTENNA__113740__A1/DIODE               1.500000    1.512528   -0.012528 (VIOLATED)
hold39240/A                             1.500000    1.512471   -0.012471 (VIOLATED)
ANTENNA_hold39240_A/DIODE               1.500000    1.512470   -0.012471 (VIOLATED)
ANTENNA_fanout10952_A/DIODE             1.500000    1.512470   -0.012470 (VIOLATED)
ANTENNA_hold28404_X/DIODE               1.500000    1.512470   -0.012470 (VIOLATED)
fanout10952/A                           1.500000    1.512470   -0.012470 (VIOLATED)
hold15950/X                             1.498918    1.506853   -0.007934 (VIOLATED)
hold15087/X                             1.498918    1.506246   -0.007328 (VIOLATED)
_111270_/B                              1.500000    1.506924   -0.006924 (VIOLATED)
ANTENNA__111270__B/DIODE                1.500000    1.506923   -0.006923 (VIOLATED)
_111480_/A2                             1.500000    1.506920   -0.006920 (VIOLATED)
ANTENNA__111480__A2/DIODE               1.500000    1.506919   -0.006919 (VIOLATED)
_111481_/B                              1.500000    1.506913   -0.006913 (VIOLATED)
ANTENNA__111481__B/DIODE                1.500000    1.506913   -0.006913 (VIOLATED)
ANTENNA__111287__B/DIODE                1.500000    1.506885   -0.006885 (VIOLATED)
_111287_/B                              1.500000    1.506884   -0.006884 (VIOLATED)
_111289_/C                              1.500000    1.506866   -0.006867 (VIOLATED)
_111309_/B                              1.500000    1.506866   -0.006866 (VIOLATED)
ANTENNA__111289__C/DIODE                1.500000    1.506866   -0.006866 (VIOLATED)
ANTENNA__111309__B/DIODE                1.500000    1.506866   -0.006866 (VIOLATED)
_111310_/B                              1.500000    1.506859   -0.006859 (VIOLATED)
fanout6003/A                            1.500000    1.506859   -0.006859 (VIOLATED)
ANTENNA__111310__B/DIODE                1.500000    1.506859   -0.006859 (VIOLATED)
ANTENNA_fanout6003_A/DIODE              1.500000    1.506858   -0.006858 (VIOLATED)
ANTENNA__111339__A/DIODE                1.500000    1.506853   -0.006853 (VIOLATED)
ANTENNA_hold15950_X/DIODE               1.500000    1.506853   -0.006853 (VIOLATED)
ANTENNA_hold38230_A/DIODE               1.500000    1.506853   -0.006853 (VIOLATED)
_111339_/A                              1.500000    1.506853   -0.006853 (VIOLATED)
hold38230/A                             1.500000    1.506853   -0.006853 (VIOLATED)
_073811_/B2                             1.500000    1.506613   -0.006613 (VIOLATED)
ANTENNA__073811__B2/DIODE               1.500000    1.506611   -0.006611 (VIOLATED)
_073810_/A                              1.500000    1.506610   -0.006610 (VIOLATED)
ANTENNA__073810__A/DIODE                1.500000    1.506609   -0.006609 (VIOLATED)
_073809_/A                              1.500000    1.506554   -0.006554 (VIOLATED)
ANTENNA__073809__A/DIODE                1.500000    1.506554   -0.006554 (VIOLATED)
_074043_/D1                             1.500000    1.506505   -0.006505 (VIOLATED)
_073859_/A1                             1.500000    1.506504   -0.006504 (VIOLATED)
ANTENNA__073859__A1/DIODE               1.500000    1.506504   -0.006504 (VIOLATED)
ANTENNA__074043__D1/DIODE               1.500000    1.506502   -0.006502 (VIOLATED)
ANTENNA__073857__A/DIODE                1.500000    1.506453   -0.006453 (VIOLATED)
_073857_/A                              1.500000    1.506449   -0.006449 (VIOLATED)
_073856_/A                              1.500000    1.506423   -0.006423 (VIOLATED)
ANTENNA__073856__A/DIODE                1.500000    1.506420   -0.006421 (VIOLATED)
ANTENNA__073971__A/DIODE                1.500000    1.506368   -0.006368 (VIOLATED)
_073971_/A                              1.500000    1.506367   -0.006367 (VIOLATED)
_073970_/A                              1.500000    1.506338   -0.006338 (VIOLATED)
ANTENNA__073970__A/DIODE                1.500000    1.506338   -0.006338 (VIOLATED)
ANTENNA_hold15087_X/DIODE               1.500000    1.506246   -0.006247 (VIOLATED)
ANTENNA_hold37804_A/DIODE               1.500000    1.506246   -0.006247 (VIOLATED)
hold37804/A                             1.500000    1.506246   -0.006247 (VIOLATED)
hold13396/X                             1.498918    1.504524   -0.005606 (VIOLATED)
fanout10411/A                           1.500000    1.504606   -0.004606 (VIOLATED)
ANTENNA_fanout10411_A/DIODE             1.500000    1.504604   -0.004604 (VIOLATED)
_066363_/D                              1.500000    1.504576   -0.004576 (VIOLATED)
ANTENNA__066363__D/DIODE                1.500000    1.504575   -0.004575 (VIOLATED)
_066362_/B1                             1.500000    1.504573   -0.004573 (VIOLATED)
ANTENNA__066362__B1/DIODE               1.500000    1.504572   -0.004572 (VIOLATED)
_066274_/A2                             1.500000    1.504559   -0.004559 (VIOLATED)
ANTENNA__066274__A2/DIODE               1.500000    1.504558   -0.004558 (VIOLATED)
_066276_/C                              1.500000    1.504555   -0.004555 (VIOLATED)
ANTENNA__066276__C/DIODE                1.500000    1.504552   -0.004552 (VIOLATED)
_066221_/C                              1.500000    1.504541   -0.004541 (VIOLATED)
ANTENNA__066221__C/DIODE                1.500000    1.504539   -0.004539 (VIOLATED)
ANTENNA__066218__A2/DIODE               1.500000    1.504528   -0.004528 (VIOLATED)
_066218_/A2                             1.500000    1.504527   -0.004527 (VIOLATED)
_066167_/D                              1.500000    1.504526   -0.004526 (VIOLATED)
hold37685/A                             1.500000    1.504525   -0.004525 (VIOLATED)
ANTENNA_hold37685_A/DIODE               1.500000    1.504525   -0.004525 (VIOLATED)
_066165_/B1                             1.500000    1.504525   -0.004525 (VIOLATED)
ANTENNA__066165__B1/DIODE               1.500000    1.504524   -0.004524 (VIOLATED)
ANTENNA__066167__D/DIODE                1.500000    1.504524   -0.004524 (VIOLATED)
ANTENNA_hold13396_X/DIODE               1.500000    1.504524   -0.004524 (VIOLATED)
hold29556/X                             1.498918    1.501645   -0.002727 (VIOLATED)
hold3512/X                              1.498918    1.501565   -0.002647 (VIOLATED)
hold14681/X                             1.498918    1.501098   -0.002180 (VIOLATED)
hold336/X                               1.498918    1.501018   -0.002100 (VIOLATED)
hold16418/X                             1.498918    1.500936   -0.002018 (VIOLATED)
_117287_/A1                             1.500000    1.501934   -0.001934 (VIOLATED)
ANTENNA__117287__A1/DIODE               1.500000    1.501933   -0.001933 (VIOLATED)
_087658_/A4                             1.500000    1.501877   -0.001877 (VIOLATED)
ANTENNA__087658__A4/DIODE               1.500000    1.501869   -0.001870 (VIOLATED)
_087632_/A                              1.500000    1.501654   -0.001654 (VIOLATED)
ANTENNA__087632__A/DIODE                1.500000    1.501653   -0.001653 (VIOLATED)
ANTENNA__087637__A1/DIODE               1.500000    1.501645   -0.001645 (VIOLATED)
ANTENNA_hold29556_X/DIODE               1.500000    1.501645   -0.001645 (VIOLATED)
_087637_/A1                             1.500000    1.501645   -0.001645 (VIOLATED)
_111312_/B2                             1.500000    1.501595   -0.001595 (VIOLATED)
_111387_/A                              1.500000    1.501594   -0.001594 (VIOLATED)
ANTENNA__111387__A/DIODE                1.500000    1.501593   -0.001594 (VIOLATED)
_111311_/A                              1.500000    1.501593   -0.001593 (VIOLATED)
ANTENNA__111311__A/DIODE                1.500000    1.501592   -0.001593 (VIOLATED)
ANTENNA__111312__B2/DIODE               1.500000    1.501592   -0.001592 (VIOLATED)
_111411_/A1                             1.500000    1.501590   -0.001590 (VIOLATED)
_111393_/A1                             1.500000    1.501590   -0.001590 (VIOLATED)
ANTENNA__111411__A1/DIODE               1.500000    1.501589   -0.001590 (VIOLATED)
ANTENNA__111393__A1/DIODE               1.500000    1.501589   -0.001589 (VIOLATED)
_111338_/A                              1.500000    1.501588   -0.001588 (VIOLATED)
ANTENNA__111338__A/DIODE                1.500000    1.501583   -0.001583 (VIOLATED)
_111413_/A                              1.500000    1.501577   -0.001577 (VIOLATED)
ANTENNA__111413__A/DIODE                1.500000    1.501576   -0.001576 (VIOLATED)
_111289_/A                              1.500000    1.501568   -0.001568 (VIOLATED)
ANTENNA__111289__A/DIODE                1.500000    1.501568   -0.001568 (VIOLATED)
_060692_/A                              1.500000    1.501566   -0.001566 (VIOLATED)
ANTENNA__060692__A/DIODE                1.500000    1.501565   -0.001565 (VIOLATED)
ANTENNA__111504__A_N/DIODE              1.500000    1.501565   -0.001565 (VIOLATED)
ANTENNA_hold3512_X/DIODE                1.500000    1.501565   -0.001565 (VIOLATED)
_111504_/A_N                            1.500000    1.501565   -0.001565 (VIOLATED)
_112924_/A                              1.500000    1.501357   -0.001357 (VIOLATED)
ANTENNA__112924__A/DIODE                1.500000    1.501349   -0.001349 (VIOLATED)
_120560_/A                              1.500000    1.501337   -0.001337 (VIOLATED)
ANTENNA__120560__A/DIODE                1.500000    1.501302   -0.001302 (VIOLATED)
_120530_/A                              1.500000    1.501220   -0.001220 (VIOLATED)
ANTENNA__120530__A/DIODE                1.500000    1.501210   -0.001210 (VIOLATED)
_111378_/B                              1.500000    1.501171   -0.001171 (VIOLATED)
ANTENNA__111378__B/DIODE                1.500000    1.501171   -0.001171 (VIOLATED)
_111418_/A2                             1.500000    1.501151   -0.001151 (VIOLATED)
_120550_/A                              1.500000    1.501146   -0.001146 (VIOLATED)
ANTENNA__111418__A2/DIODE               1.500000    1.501143   -0.001143 (VIOLATED)
_111688_/A1                             1.500000    1.501138   -0.001138 (VIOLATED)
ANTENNA__111688__A1/DIODE               1.500000    1.501137   -0.001138 (VIOLATED)
ANTENNA__120550__A/DIODE                1.500000    1.501136   -0.001137 (VIOLATED)
_111617_/A                              1.500000    1.501135   -0.001135 (VIOLATED)
ANTENNA__111617__A/DIODE                1.500000    1.501133   -0.001134 (VIOLATED)
_111539_/A1                             1.500000    1.501125   -0.001125 (VIOLATED)
_111540_/B                              1.500000    1.501122   -0.001122 (VIOLATED)
ANTENNA__111540__B/DIODE                1.500000    1.501119   -0.001119 (VIOLATED)
ANTENNA__111539__A1/DIODE               1.500000    1.501117   -0.001118 (VIOLATED)
_060695_/A                              1.500000    1.501109   -0.001109 (VIOLATED)
ANTENNA__060695__A/DIODE                1.500000    1.501109   -0.001109 (VIOLATED)
_111755_/A                              1.500000    1.501108   -0.001108 (VIOLATED)
ANTENNA__111755__A/DIODE                1.500000    1.501108   -0.001108 (VIOLATED)
_111777_/A1                             1.500000    1.501102   -0.001103 (VIOLATED)
ANTENNA__111777__A1/DIODE               1.500000    1.501102   -0.001102 (VIOLATED)
ANTENNA__111683__A/DIODE                1.500000    1.501098   -0.001098 (VIOLATED)
ANTENNA_hold14681_X/DIODE               1.500000    1.501098   -0.001098 (VIOLATED)
_111683_/A                              1.500000    1.501098   -0.001098 (VIOLATED)
_061202_/B                              1.500000    1.501060   -0.001060 (VIOLATED)
ANTENNA__061202__B/DIODE                1.500000    1.501055   -0.001055 (VIOLATED)
fanout10002/A                           1.500000    1.501043   -0.001043 (VIOLATED)
ANTENNA_fanout10002_A/DIODE             1.500000    1.501043   -0.001043 (VIOLATED)
_061192_/A                              1.500000    1.501023   -0.001023 (VIOLATED)
ANTENNA_hold336_X/DIODE                 1.500000    1.501020   -0.001020 (VIOLATED)
ANTENNA__061192__A/DIODE                1.500000    1.501020   -0.001020 (VIOLATED)
_074403_/A                              1.500000    1.501019   -0.001020 (VIOLATED)
ANTENNA__074403__A/DIODE                1.500000    1.501019   -0.001019 (VIOLATED)
_074392_/A2                             1.500000    1.501011   -0.001011 (VIOLATED)
ANTENNA__074392__A2/DIODE               1.500000    1.501010   -0.001010 (VIOLATED)
_074390_/C                              1.500000    1.501006   -0.001006 (VIOLATED)
ANTENNA__074390__C/DIODE                1.500000    1.501005   -0.001005 (VIOLATED)
_074425_/A                              1.500000    1.500997   -0.000997 (VIOLATED)
ANTENNA__074425__A/DIODE                1.500000    1.500995   -0.000995 (VIOLATED)
ANTENNA__074426__A1/DIODE               1.500000    1.500985   -0.000985 (VIOLATED)
_074426_/A1                             1.500000    1.500976   -0.000976 (VIOLATED)
_074396_/B                              1.500000    1.500973   -0.000973 (VIOLATED)
_074394_/B2                             1.500000    1.500966   -0.000966 (VIOLATED)
ANTENNA__074394__B2/DIODE               1.500000    1.500963   -0.000963 (VIOLATED)
_074395_/B                              1.500000    1.500958   -0.000958 (VIOLATED)
ANTENNA__074396__B/DIODE                1.500000    1.500955   -0.000955 (VIOLATED)
ANTENNA__074395__B/DIODE                1.500000    1.500943   -0.000943 (VIOLATED)
ANTENNA_hold16418_X/DIODE               1.500000    1.500936   -0.000936 (VIOLATED)

max fanout

Pin                                   Limit Fanout  Slack
---------------------------------------------------------
clkbuf_8_148__f_wb_clk_i/X               10     41    -31 (VIOLATED)
clkbuf_8_50__f_wb_clk_i/X                10     39    -29 (VIOLATED)
clkbuf_8_41__f_wb_clk_i/X                10     37    -27 (VIOLATED)
clkbuf_8_149__f_wb_clk_i/X               10     35    -25 (VIOLATED)
clkbuf_8_151__f_wb_clk_i/X               10     35    -25 (VIOLATED)
clkbuf_8_26__f_wb_clk_i/X                10     35    -25 (VIOLATED)
clkbuf_8_40__f_wb_clk_i/X                10     35    -25 (VIOLATED)
clkbuf_8_47__f_wb_clk_i/X                10     35    -25 (VIOLATED)
clkbuf_8_178__f_wb_clk_i/X               10     33    -23 (VIOLATED)
clkbuf_8_27__f_wb_clk_i/X                10     33    -23 (VIOLATED)
clkbuf_8_51__f_wb_clk_i/X                10     33    -23 (VIOLATED)
clkbuf_8_73__f_wb_clk_i/X                10     33    -23 (VIOLATED)
clkbuf_8_145__f_wb_clk_i/X               10     31    -21 (VIOLATED)
clkbuf_8_156__f_wb_clk_i/X               10     31    -21 (VIOLATED)
clkbuf_8_52__f_wb_clk_i/X                10     31    -21 (VIOLATED)
clkbuf_8_53__f_wb_clk_i/X                10     31    -21 (VIOLATED)
clkbuf_8_57__f_wb_clk_i/X                10     31    -21 (VIOLATED)
clkbuf_8_96__f_wb_clk_i/X                10     31    -21 (VIOLATED)
clkbuf_8_19__f_wb_clk_i/X                10     29    -19 (VIOLATED)
clkbuf_8_25__f_wb_clk_i/X                10     29    -19 (VIOLATED)
clkbuf_8_36__f_wb_clk_i/X                10     29    -19 (VIOLATED)
clkbuf_8_76__f_wb_clk_i/X                10     29    -19 (VIOLATED)
clkbuf_8_99__f_wb_clk_i/X                10     29    -19 (VIOLATED)
clkbuf_8_101__f_wb_clk_i/X               10     27    -17 (VIOLATED)
clkbuf_8_121__f_wb_clk_i/X               10     27    -17 (VIOLATED)
clkbuf_8_150__f_wb_clk_i/X               10     27    -17 (VIOLATED)
clkbuf_8_200__f_wb_clk_i/X               10     27    -17 (VIOLATED)
clkbuf_8_24__f_wb_clk_i/X                10     27    -17 (VIOLATED)
clkbuf_8_30__f_wb_clk_i/X                10     27    -17 (VIOLATED)
clkbuf_8_31__f_wb_clk_i/X                10     27    -17 (VIOLATED)
clkbuf_8_32__f_wb_clk_i/X                10     27    -17 (VIOLATED)
clkbuf_8_38__f_wb_clk_i/X                10     27    -17 (VIOLATED)
clkbuf_8_42__f_wb_clk_i/X                10     27    -17 (VIOLATED)
clkbuf_8_43__f_wb_clk_i/X                10     27    -17 (VIOLATED)
clkbuf_8_45__f_wb_clk_i/X                10     27    -17 (VIOLATED)
clkbuf_8_46__f_wb_clk_i/X                10     27    -17 (VIOLATED)
clkbuf_8_48__f_wb_clk_i/X                10     27    -17 (VIOLATED)
clkbuf_8_54__f_wb_clk_i/X                10     27    -17 (VIOLATED)
clkbuf_8_6__f_wb_clk_i/X                 10     27    -17 (VIOLATED)
clkbuf_8_72__f_wb_clk_i/X                10     27    -17 (VIOLATED)
clkbuf_8_127__f_wb_clk_i/X               10     25    -15 (VIOLATED)
clkbuf_8_12__f_wb_clk_i/X                10     25    -15 (VIOLATED)
clkbuf_8_13__f_wb_clk_i/X                10     25    -15 (VIOLATED)
clkbuf_8_157__f_wb_clk_i/X               10     25    -15 (VIOLATED)
clkbuf_8_1__f_wb_clk_i/X                 10     25    -15 (VIOLATED)
clkbuf_8_2__f_wb_clk_i/X                 10     25    -15 (VIOLATED)
clkbuf_8_37__f_wb_clk_i/X                10     25    -15 (VIOLATED)
clkbuf_8_44__f_wb_clk_i/X                10     25    -15 (VIOLATED)
clkbuf_8_4__f_wb_clk_i/X                 10     25    -15 (VIOLATED)
clkbuf_8_56__f_wb_clk_i/X                10     25    -15 (VIOLATED)
clkbuf_8_5__f_wb_clk_i/X                 10     25    -15 (VIOLATED)
clkbuf_8_74__f_wb_clk_i/X                10     25    -15 (VIOLATED)
clkbuf_8_79__f_wb_clk_i/X                10     25    -15 (VIOLATED)
clkbuf_8_83__f_wb_clk_i/X                10     25    -15 (VIOLATED)
clkbuf_8_97__f_wb_clk_i/X                10     25    -15 (VIOLATED)
clkbuf_8_98__f_wb_clk_i/X                10     25    -15 (VIOLATED)
clkbuf_8_100__f_wb_clk_i/X               10     23    -13 (VIOLATED)
clkbuf_8_10__f_wb_clk_i/X                10     23    -13 (VIOLATED)
clkbuf_8_11__f_wb_clk_i/X                10     23    -13 (VIOLATED)
clkbuf_8_120__f_wb_clk_i/X               10     23    -13 (VIOLATED)
clkbuf_8_123__f_wb_clk_i/X               10     23    -13 (VIOLATED)
clkbuf_8_130__f_wb_clk_i/X               10     23    -13 (VIOLATED)
clkbuf_8_141__f_wb_clk_i/X               10     23    -13 (VIOLATED)
clkbuf_8_144__f_wb_clk_i/X               10     23    -13 (VIOLATED)
clkbuf_8_146__f_wb_clk_i/X               10     23    -13 (VIOLATED)
clkbuf_8_15__f_wb_clk_i/X                10     23    -13 (VIOLATED)
clkbuf_8_182__f_wb_clk_i/X               10     23    -13 (VIOLATED)
clkbuf_8_183__f_wb_clk_i/X               10     23    -13 (VIOLATED)
clkbuf_8_187__f_wb_clk_i/X               10     23    -13 (VIOLATED)
clkbuf_8_18__f_wb_clk_i/X                10     23    -13 (VIOLATED)
clkbuf_8_23__f_wb_clk_i/X                10     23    -13 (VIOLATED)
clkbuf_8_28__f_wb_clk_i/X                10     23    -13 (VIOLATED)
clkbuf_8_39__f_wb_clk_i/X                10     23    -13 (VIOLATED)
clkbuf_8_3__f_wb_clk_i/X                 10     23    -13 (VIOLATED)
clkbuf_8_49__f_wb_clk_i/X                10     23    -13 (VIOLATED)
clkbuf_8_69__f_wb_clk_i/X                10     23    -13 (VIOLATED)
clkbuf_8_75__f_wb_clk_i/X                10     23    -13 (VIOLATED)
clkbuf_8_77__f_wb_clk_i/X                10     23    -13 (VIOLATED)
clkbuf_8_78__f_wb_clk_i/X                10     23    -13 (VIOLATED)
clkbuf_8_7__f_wb_clk_i/X                 10     23    -13 (VIOLATED)
clkbuf_8_94__f_wb_clk_i/X                10     23    -13 (VIOLATED)
clkbuf_8_95__f_wb_clk_i/X                10     23    -13 (VIOLATED)
fanout4535/X                             10     22    -12 (VIOLATED)
_060713_/Y                               10     21    -11 (VIOLATED)
_060785_/Y                               10     21    -11 (VIOLATED)
_060997_/Y                               10     21    -11 (VIOLATED)
_061405_/Y                               10     21    -11 (VIOLATED)
_092176_/Y                               10     21    -11 (VIOLATED)
_101465_/Y                               10     21    -11 (VIOLATED)
_104933_/Y                               10     21    -11 (VIOLATED)
_106050_/Y                               10     21    -11 (VIOLATED)
clkbuf_8_0__f_wb_clk_i/X                 10     21    -11 (VIOLATED)
clkbuf_8_107__f_wb_clk_i/X               10     21    -11 (VIOLATED)
clkbuf_8_122__f_wb_clk_i/X               10     21    -11 (VIOLATED)
clkbuf_8_126__f_wb_clk_i/X               10     21    -11 (VIOLATED)
clkbuf_8_136__f_wb_clk_i/X               10     21    -11 (VIOLATED)
clkbuf_8_140__f_wb_clk_i/X               10     21    -11 (VIOLATED)
clkbuf_8_147__f_wb_clk_i/X               10     21    -11 (VIOLATED)
clkbuf_8_154__f_wb_clk_i/X               10     21    -11 (VIOLATED)
clkbuf_8_159__f_wb_clk_i/X               10     21    -11 (VIOLATED)
clkbuf_8_177__f_wb_clk_i/X               10     21    -11 (VIOLATED)
clkbuf_8_179__f_wb_clk_i/X               10     21    -11 (VIOLATED)
clkbuf_8_201__f_wb_clk_i/X               10     21    -11 (VIOLATED)
clkbuf_8_22__f_wb_clk_i/X                10     21    -11 (VIOLATED)
clkbuf_8_243__f_wb_clk_i/X               10     21    -11 (VIOLATED)
clkbuf_8_247__f_wb_clk_i/X               10     21    -11 (VIOLATED)
clkbuf_8_255__f_wb_clk_i/X               10     21    -11 (VIOLATED)
clkbuf_8_33__f_wb_clk_i/X                10     21    -11 (VIOLATED)
clkbuf_8_55__f_wb_clk_i/X                10     21    -11 (VIOLATED)
clkbuf_8_61__f_wb_clk_i/X                10     21    -11 (VIOLATED)
clkbuf_8_66__f_wb_clk_i/X                10     21    -11 (VIOLATED)
clkbuf_8_80__f_wb_clk_i/X                10     21    -11 (VIOLATED)
clkbuf_8_81__f_wb_clk_i/X                10     21    -11 (VIOLATED)
fanout10002/X                            10     21    -11 (VIOLATED)
fanout10006/X                            10     21    -11 (VIOLATED)
fanout10011/X                            10     21    -11 (VIOLATED)
fanout10019/X                            10     21    -11 (VIOLATED)
fanout10020/X                            10     21    -11 (VIOLATED)
fanout10021/X                            10     21    -11 (VIOLATED)
fanout10024/X                            10     21    -11 (VIOLATED)
fanout10027/X                            10     21    -11 (VIOLATED)
fanout10029/X                            10     21    -11 (VIOLATED)
fanout10031/X                            10     21    -11 (VIOLATED)
fanout10033/X                            10     21    -11 (VIOLATED)
fanout10035/X                            10     21    -11 (VIOLATED)
fanout10037/X                            10     21    -11 (VIOLATED)
fanout10047/X                            10     21    -11 (VIOLATED)
fanout10050/X                            10     21    -11 (VIOLATED)
fanout10056/X                            10     21    -11 (VIOLATED)
fanout10059/X                            10     21    -11 (VIOLATED)
fanout10062/X                            10     21    -11 (VIOLATED)
fanout10064/X                            10     21    -11 (VIOLATED)
fanout10068/X                            10     21    -11 (VIOLATED)
fanout10070/X                            10     21    -11 (VIOLATED)
fanout10073/X                            10     21    -11 (VIOLATED)
fanout10075/X                            10     21    -11 (VIOLATED)
fanout10082/X                            10     21    -11 (VIOLATED)
fanout10083/X                            10     21    -11 (VIOLATED)
fanout10086/X                            10     21    -11 (VIOLATED)
fanout10089/X                            10     21    -11 (VIOLATED)
fanout10091/X                            10     21    -11 (VIOLATED)
fanout10093/X                            10     21    -11 (VIOLATED)
fanout10095/X                            10     21    -11 (VIOLATED)
fanout10098/X                            10     21    -11 (VIOLATED)
fanout10101/X                            10     21    -11 (VIOLATED)
fanout10103/X                            10     21    -11 (VIOLATED)
fanout10107/X                            10     21    -11 (VIOLATED)
fanout10109/X                            10     21    -11 (VIOLATED)
fanout10115/X                            10     21    -11 (VIOLATED)
fanout10116/X                            10     21    -11 (VIOLATED)
fanout10117/X                            10     21    -11 (VIOLATED)
fanout10122/X                            10     21    -11 (VIOLATED)
fanout10124/X                            10     21    -11 (VIOLATED)
fanout10127/X                            10     21    -11 (VIOLATED)
fanout10130/X                            10     21    -11 (VIOLATED)
fanout10133/X                            10     21    -11 (VIOLATED)
fanout10135/X                            10     21    -11 (VIOLATED)
fanout10137/X                            10     21    -11 (VIOLATED)
fanout10139/X                            10     21    -11 (VIOLATED)
fanout10141/X                            10     21    -11 (VIOLATED)
fanout10143/X                            10     21    -11 (VIOLATED)
fanout10145/X                            10     21    -11 (VIOLATED)
fanout10147/X                            10     21    -11 (VIOLATED)
fanout10149/X                            10     21    -11 (VIOLATED)
fanout10150/X                            10     21    -11 (VIOLATED)
fanout10151/X                            10     21    -11 (VIOLATED)
fanout10153/X                            10     21    -11 (VIOLATED)
fanout10154/X                            10     21    -11 (VIOLATED)
fanout10162/X                            10     21    -11 (VIOLATED)
fanout10164/X                            10     21    -11 (VIOLATED)
fanout10167/X                            10     21    -11 (VIOLATED)
fanout10170/X                            10     21    -11 (VIOLATED)
fanout10174/X                            10     21    -11 (VIOLATED)
fanout10177/X                            10     21    -11 (VIOLATED)
fanout10180/X                            10     21    -11 (VIOLATED)
fanout10183/X                            10     21    -11 (VIOLATED)
fanout10185/X                            10     21    -11 (VIOLATED)
fanout10187/X                            10     21    -11 (VIOLATED)
fanout10188/X                            10     21    -11 (VIOLATED)
fanout10189/X                            10     21    -11 (VIOLATED)
fanout10191/X                            10     21    -11 (VIOLATED)
fanout10193/X                            10     21    -11 (VIOLATED)
fanout10195/X                            10     21    -11 (VIOLATED)
fanout10198/X                            10     21    -11 (VIOLATED)
fanout10200/X                            10     21    -11 (VIOLATED)
fanout10201/X                            10     21    -11 (VIOLATED)
fanout10203/X                            10     21    -11 (VIOLATED)
fanout10206/X                            10     21    -11 (VIOLATED)
fanout10210/X                            10     21    -11 (VIOLATED)
fanout10213/X                            10     21    -11 (VIOLATED)
fanout10216/X                            10     21    -11 (VIOLATED)
fanout10219/X                            10     21    -11 (VIOLATED)
fanout10222/X                            10     21    -11 (VIOLATED)
fanout10225/X                            10     21    -11 (VIOLATED)
fanout10227/X                            10     21    -11 (VIOLATED)
fanout10230/X                            10     21    -11 (VIOLATED)
fanout10232/X                            10     21    -11 (VIOLATED)
fanout10233/X                            10     21    -11 (VIOLATED)
fanout10234/X                            10     21    -11 (VIOLATED)
fanout10235/X                            10     21    -11 (VIOLATED)
fanout10236/X                            10     21    -11 (VIOLATED)
fanout10237/X                            10     21    -11 (VIOLATED)
fanout10239/X                            10     21    -11 (VIOLATED)
fanout10242/X                            10     21    -11 (VIOLATED)
fanout10243/X                            10     21    -11 (VIOLATED)
fanout10245/X                            10     21    -11 (VIOLATED)
fanout10248/X                            10     21    -11 (VIOLATED)
fanout10253/X                            10     21    -11 (VIOLATED)
fanout10255/X                            10     21    -11 (VIOLATED)
fanout10257/X                            10     21    -11 (VIOLATED)
fanout10260/X                            10     21    -11 (VIOLATED)
fanout10265/X                            10     21    -11 (VIOLATED)
fanout10268/X                            10     21    -11 (VIOLATED)
fanout10270/X                            10     21    -11 (VIOLATED)
fanout10272/X                            10     21    -11 (VIOLATED)
fanout10275/X                            10     21    -11 (VIOLATED)
fanout10277/X                            10     21    -11 (VIOLATED)
fanout10281/X                            10     21    -11 (VIOLATED)
fanout10282/X                            10     21    -11 (VIOLATED)
fanout10293/X                            10     21    -11 (VIOLATED)
fanout10300/X                            10     21    -11 (VIOLATED)
fanout10302/X                            10     21    -11 (VIOLATED)
fanout10308/X                            10     21    -11 (VIOLATED)
fanout10309/X                            10     21    -11 (VIOLATED)
fanout10311/X                            10     21    -11 (VIOLATED)
fanout10313/X                            10     21    -11 (VIOLATED)
fanout10317/X                            10     21    -11 (VIOLATED)
fanout10319/X                            10     21    -11 (VIOLATED)
fanout10322/X                            10     21    -11 (VIOLATED)
fanout10324/X                            10     21    -11 (VIOLATED)
fanout10325/X                            10     21    -11 (VIOLATED)
fanout10328/X                            10     21    -11 (VIOLATED)
fanout10330/X                            10     21    -11 (VIOLATED)
fanout10332/X                            10     21    -11 (VIOLATED)
fanout10334/X                            10     21    -11 (VIOLATED)
fanout10336/X                            10     21    -11 (VIOLATED)
fanout10338/X                            10     21    -11 (VIOLATED)
fanout10340/X                            10     21    -11 (VIOLATED)
fanout10341/X                            10     21    -11 (VIOLATED)
fanout10343/X                            10     21    -11 (VIOLATED)
fanout10345/X                            10     21    -11 (VIOLATED)
fanout10347/X                            10     21    -11 (VIOLATED)
fanout10349/X                            10     21    -11 (VIOLATED)
fanout10350/X                            10     21    -11 (VIOLATED)
fanout10351/X                            10     21    -11 (VIOLATED)
fanout10352/X                            10     21    -11 (VIOLATED)
fanout10361/X                            10     21    -11 (VIOLATED)
fanout10362/X                            10     21    -11 (VIOLATED)
fanout10363/X                            10     21    -11 (VIOLATED)
fanout10364/X                            10     21    -11 (VIOLATED)
fanout10365/X                            10     21    -11 (VIOLATED)
fanout10367/X                            10     21    -11 (VIOLATED)
fanout10369/X                            10     21    -11 (VIOLATED)
fanout10370/X                            10     21    -11 (VIOLATED)
fanout10373/X                            10     21    -11 (VIOLATED)
fanout10378/X                            10     21    -11 (VIOLATED)
fanout10380/X                            10     21    -11 (VIOLATED)
fanout10383/X                            10     21    -11 (VIOLATED)
fanout10386/X                            10     21    -11 (VIOLATED)
fanout10389/X                            10     21    -11 (VIOLATED)
fanout10390/X                            10     21    -11 (VIOLATED)
fanout10392/X                            10     21    -11 (VIOLATED)
fanout10395/X                            10     21    -11 (VIOLATED)
fanout10396/X                            10     21    -11 (VIOLATED)
fanout10406/X                            10     21    -11 (VIOLATED)
fanout10409/X                            10     21    -11 (VIOLATED)
fanout10411/X                            10     21    -11 (VIOLATED)
fanout10413/X                            10     21    -11 (VIOLATED)
fanout10416/X                            10     21    -11 (VIOLATED)
fanout10418/X                            10     21    -11 (VIOLATED)
fanout10419/X                            10     21    -11 (VIOLATED)
fanout10421/X                            10     21    -11 (VIOLATED)
fanout10423/X                            10     21    -11 (VIOLATED)
fanout10436/X                            10     21    -11 (VIOLATED)
fanout10437/X                            10     21    -11 (VIOLATED)
fanout10438/X                            10     21    -11 (VIOLATED)
fanout10441/X                            10     21    -11 (VIOLATED)
fanout10442/X                            10     21    -11 (VIOLATED)
fanout10444/X                            10     21    -11 (VIOLATED)
fanout10447/X                            10     21    -11 (VIOLATED)
fanout10450/X                            10     21    -11 (VIOLATED)
fanout10453/X                            10     21    -11 (VIOLATED)
fanout10456/X                            10     21    -11 (VIOLATED)
fanout10470/X                            10     21    -11 (VIOLATED)
fanout10475/X                            10     21    -11 (VIOLATED)
fanout10477/X                            10     21    -11 (VIOLATED)
fanout10479/X                            10     21    -11 (VIOLATED)
fanout10481/X                            10     21    -11 (VIOLATED)
fanout10483/X                            10     21    -11 (VIOLATED)
fanout10485/X                            10     21    -11 (VIOLATED)
fanout10490/X                            10     21    -11 (VIOLATED)
fanout10492/X                            10     21    -11 (VIOLATED)
fanout10495/X                            10     21    -11 (VIOLATED)
fanout10498/X                            10     21    -11 (VIOLATED)
fanout10501/X                            10     21    -11 (VIOLATED)
fanout10504/X                            10     21    -11 (VIOLATED)
fanout10510/X                            10     21    -11 (VIOLATED)
fanout10512/X                            10     21    -11 (VIOLATED)
fanout10514/X                            10     21    -11 (VIOLATED)
fanout10516/X                            10     21    -11 (VIOLATED)
fanout10519/X                            10     21    -11 (VIOLATED)
fanout10522/X                            10     21    -11 (VIOLATED)
fanout10524/X                            10     21    -11 (VIOLATED)
fanout10528/X                            10     21    -11 (VIOLATED)
fanout10532/X                            10     21    -11 (VIOLATED)
fanout10537/X                            10     21    -11 (VIOLATED)
fanout10544/X                            10     21    -11 (VIOLATED)
fanout10545/X                            10     21    -11 (VIOLATED)
fanout10548/X                            10     21    -11 (VIOLATED)
fanout10563/X                            10     21    -11 (VIOLATED)
fanout10571/X                            10     21    -11 (VIOLATED)
fanout10572/X                            10     21    -11 (VIOLATED)
fanout10574/X                            10     21    -11 (VIOLATED)
fanout10575/X                            10     21    -11 (VIOLATED)
fanout10576/X                            10     21    -11 (VIOLATED)
fanout10577/X                            10     21    -11 (VIOLATED)
fanout10578/X                            10     21    -11 (VIOLATED)
fanout10579/X                            10     21    -11 (VIOLATED)
fanout10580/X                            10     21    -11 (VIOLATED)
fanout10581/X                            10     21    -11 (VIOLATED)
fanout10584/X                            10     21    -11 (VIOLATED)
fanout10585/X                            10     21    -11 (VIOLATED)
fanout10586/X                            10     21    -11 (VIOLATED)
fanout10588/X                            10     21    -11 (VIOLATED)
fanout10590/X                            10     21    -11 (VIOLATED)
fanout10591/X                            10     21    -11 (VIOLATED)
fanout10593/X                            10     21    -11 (VIOLATED)
fanout10597/X                            10     21    -11 (VIOLATED)
fanout10599/X                            10     21    -11 (VIOLATED)
fanout10600/X                            10     21    -11 (VIOLATED)
fanout10601/X                            10     21    -11 (VIOLATED)
fanout10603/X                            10     21    -11 (VIOLATED)
fanout10604/X                            10     21    -11 (VIOLATED)
fanout10605/X                            10     21    -11 (VIOLATED)
fanout10607/X                            10     21    -11 (VIOLATED)
fanout10609/X                            10     21    -11 (VIOLATED)
fanout10611/X                            10     21    -11 (VIOLATED)
fanout10612/X                            10     21    -11 (VIOLATED)
fanout10613/X                            10     21    -11 (VIOLATED)
fanout10614/X                            10     21    -11 (VIOLATED)
fanout10616/X                            10     21    -11 (VIOLATED)
fanout10618/X                            10     21    -11 (VIOLATED)
fanout10620/X                            10     21    -11 (VIOLATED)
fanout10621/X                            10     21    -11 (VIOLATED)
fanout10622/X                            10     21    -11 (VIOLATED)
fanout10631/X                            10     21    -11 (VIOLATED)
fanout10634/X                            10     21    -11 (VIOLATED)
fanout10635/X                            10     21    -11 (VIOLATED)
fanout10636/X                            10     21    -11 (VIOLATED)
fanout10639/X                            10     21    -11 (VIOLATED)
fanout10641/X                            10     21    -11 (VIOLATED)
fanout10642/X                            10     21    -11 (VIOLATED)
fanout10643/X                            10     21    -11 (VIOLATED)
fanout10644/X                            10     21    -11 (VIOLATED)
fanout10646/X                            10     21    -11 (VIOLATED)
fanout10647/X                            10     21    -11 (VIOLATED)
fanout10649/X                            10     21    -11 (VIOLATED)
fanout10650/X                            10     21    -11 (VIOLATED)
fanout10652/X                            10     21    -11 (VIOLATED)
fanout10653/X                            10     21    -11 (VIOLATED)
fanout10654/X                            10     21    -11 (VIOLATED)
fanout10660/X                            10     21    -11 (VIOLATED)
fanout10661/X                            10     21    -11 (VIOLATED)
fanout10662/X                            10     21    -11 (VIOLATED)
fanout10666/X                            10     21    -11 (VIOLATED)
fanout10667/X                            10     21    -11 (VIOLATED)
fanout10668/X                            10     21    -11 (VIOLATED)
fanout10669/X                            10     21    -11 (VIOLATED)
fanout10672/X                            10     21    -11 (VIOLATED)
fanout10674/X                            10     21    -11 (VIOLATED)
fanout10675/X                            10     21    -11 (VIOLATED)
fanout10676/X                            10     21    -11 (VIOLATED)
fanout10679/X                            10     21    -11 (VIOLATED)
fanout10680/X                            10     21    -11 (VIOLATED)
fanout10683/X                            10     21    -11 (VIOLATED)
fanout10685/X                            10     21    -11 (VIOLATED)
fanout10687/X                            10     21    -11 (VIOLATED)
fanout10688/X                            10     21    -11 (VIOLATED)
fanout10690/X                            10     21    -11 (VIOLATED)
fanout10693/X                            10     21    -11 (VIOLATED)
fanout10694/X                            10     21    -11 (VIOLATED)
fanout10698/X                            10     21    -11 (VIOLATED)
fanout10699/X                            10     21    -11 (VIOLATED)
fanout10706/X                            10     21    -11 (VIOLATED)
fanout10707/X                            10     21    -11 (VIOLATED)
fanout10710/X                            10     21    -11 (VIOLATED)
fanout10712/X                            10     21    -11 (VIOLATED)
fanout10713/X                            10     21    -11 (VIOLATED)
fanout10716/X                            10     21    -11 (VIOLATED)
fanout10718/X                            10     21    -11 (VIOLATED)
fanout10720/X                            10     21    -11 (VIOLATED)
fanout10721/X                            10     21    -11 (VIOLATED)
fanout10725/X                            10     21    -11 (VIOLATED)
fanout10726/X                            10     21    -11 (VIOLATED)
fanout10728/X                            10     21    -11 (VIOLATED)
fanout10731/X                            10     21    -11 (VIOLATED)
fanout10733/X                            10     21    -11 (VIOLATED)
fanout10736/X                            10     21    -11 (VIOLATED)
fanout10737/X                            10     21    -11 (VIOLATED)
fanout10740/X                            10     21    -11 (VIOLATED)
fanout10741/X                            10     21    -11 (VIOLATED)
fanout10744/X                            10     21    -11 (VIOLATED)
fanout10745/X                            10     21    -11 (VIOLATED)
fanout10747/X                            10     21    -11 (VIOLATED)
fanout10748/X                            10     21    -11 (VIOLATED)
fanout10750/X                            10     21    -11 (VIOLATED)
fanout10755/X                            10     21    -11 (VIOLATED)
fanout10760/X                            10     21    -11 (VIOLATED)
fanout10761/X                            10     21    -11 (VIOLATED)
fanout10763/X                            10     21    -11 (VIOLATED)
fanout10766/X                            10     21    -11 (VIOLATED)
fanout10769/X                            10     21    -11 (VIOLATED)
fanout10777/X                            10     21    -11 (VIOLATED)
fanout10779/X                            10     21    -11 (VIOLATED)
fanout10781/X                            10     21    -11 (VIOLATED)
fanout10783/X                            10     21    -11 (VIOLATED)
fanout10785/X                            10     21    -11 (VIOLATED)
fanout10787/X                            10     21    -11 (VIOLATED)
fanout10788/X                            10     21    -11 (VIOLATED)
fanout1079/X                             10     21    -11 (VIOLATED)
fanout10790/X                            10     21    -11 (VIOLATED)
fanout10792/X                            10     21    -11 (VIOLATED)
fanout10794/X                            10     21    -11 (VIOLATED)
fanout10796/X                            10     21    -11 (VIOLATED)
fanout10797/X                            10     21    -11 (VIOLATED)
fanout10800/X                            10     21    -11 (VIOLATED)
fanout10802/X                            10     21    -11 (VIOLATED)
fanout10804/X                            10     21    -11 (VIOLATED)
fanout10805/X                            10     21    -11 (VIOLATED)
fanout10806/X                            10     21    -11 (VIOLATED)
fanout1081/X                             10     21    -11 (VIOLATED)
fanout10812/X                            10     21    -11 (VIOLATED)
fanout10813/X                            10     21    -11 (VIOLATED)
fanout10814/X                            10     21    -11 (VIOLATED)
fanout10815/X                            10     21    -11 (VIOLATED)
fanout10821/X                            10     21    -11 (VIOLATED)
fanout10824/X                            10     21    -11 (VIOLATED)
fanout10826/X                            10     21    -11 (VIOLATED)
fanout10828/X                            10     21    -11 (VIOLATED)
fanout10832/X                            10     21    -11 (VIOLATED)
fanout10833/X                            10     21    -11 (VIOLATED)
fanout10834/X                            10     21    -11 (VIOLATED)
fanout10835/X                            10     21    -11 (VIOLATED)
fanout10837/X                            10     21    -11 (VIOLATED)
fanout10838/X                            10     21    -11 (VIOLATED)
fanout10839/X                            10     21    -11 (VIOLATED)
fanout10842/X                            10     21    -11 (VIOLATED)
fanout10843/X                            10     21    -11 (VIOLATED)
fanout10844/X                            10     21    -11 (VIOLATED)
fanout10846/X                            10     21    -11 (VIOLATED)
fanout10847/X                            10     21    -11 (VIOLATED)
fanout10848/X                            10     21    -11 (VIOLATED)
fanout10849/X                            10     21    -11 (VIOLATED)
fanout10851/X                            10     21    -11 (VIOLATED)
fanout10852/X                            10     21    -11 (VIOLATED)
fanout10868/X                            10     21    -11 (VIOLATED)
fanout10869/X                            10     21    -11 (VIOLATED)
fanout10873/X                            10     21    -11 (VIOLATED)
fanout10875/X                            10     21    -11 (VIOLATED)
fanout10882/X                            10     21    -11 (VIOLATED)
fanout10884/X                            10     21    -11 (VIOLATED)
fanout10885/X                            10     21    -11 (VIOLATED)
fanout10887/X                            10     21    -11 (VIOLATED)
fanout1089/X                             10     21    -11 (VIOLATED)
fanout10893/X                            10     21    -11 (VIOLATED)
fanout10896/X                            10     21    -11 (VIOLATED)
fanout10897/X                            10     21    -11 (VIOLATED)
fanout10898/X                            10     21    -11 (VIOLATED)
fanout10899/X                            10     21    -11 (VIOLATED)
fanout10903/X                            10     21    -11 (VIOLATED)
fanout10904/X                            10     21    -11 (VIOLATED)
fanout10905/X                            10     21    -11 (VIOLATED)
fanout10934/X                            10     21    -11 (VIOLATED)
fanout10936/X                            10     21    -11 (VIOLATED)
fanout10945/X                            10     21    -11 (VIOLATED)
fanout10947/X                            10     21    -11 (VIOLATED)
fanout10949/X                            10     21    -11 (VIOLATED)
fanout10950/X                            10     21    -11 (VIOLATED)
fanout10951/X                            10     21    -11 (VIOLATED)
fanout10954/X                            10     21    -11 (VIOLATED)
fanout10961/X                            10     21    -11 (VIOLATED)
fanout10962/X                            10     21    -11 (VIOLATED)
fanout10966/X                            10     21    -11 (VIOLATED)
fanout10973/X                            10     21    -11 (VIOLATED)
fanout10975/X                            10     21    -11 (VIOLATED)
fanout10977/X                            10     21    -11 (VIOLATED)
fanout10978/X                            10     21    -11 (VIOLATED)
fanout10980/X                            10     21    -11 (VIOLATED)
fanout10982/X                            10     21    -11 (VIOLATED)
fanout10983/X                            10     21    -11 (VIOLATED)
fanout10985/X                            10     21    -11 (VIOLATED)
fanout10988/X                            10     21    -11 (VIOLATED)
fanout10990/X                            10     21    -11 (VIOLATED)
fanout10992/X                            10     21    -11 (VIOLATED)
fanout10994/X                            10     21    -11 (VIOLATED)
fanout10998/X                            10     21    -11 (VIOLATED)
fanout11000/X                            10     21    -11 (VIOLATED)
fanout11003/X                            10     21    -11 (VIOLATED)
fanout11004/X                            10     21    -11 (VIOLATED)
fanout11005/X                            10     21    -11 (VIOLATED)
fanout11006/X                            10     21    -11 (VIOLATED)
fanout11011/X                            10     21    -11 (VIOLATED)
fanout11013/X                            10     21    -11 (VIOLATED)
fanout11015/X                            10     21    -11 (VIOLATED)
fanout11016/X                            10     21    -11 (VIOLATED)
fanout11018/X                            10     21    -11 (VIOLATED)
fanout11020/X                            10     21    -11 (VIOLATED)
fanout11021/X                            10     21    -11 (VIOLATED)
fanout11023/X                            10     21    -11 (VIOLATED)
fanout11026/X                            10     21    -11 (VIOLATED)
fanout11029/X                            10     21    -11 (VIOLATED)
fanout11031/X                            10     21    -11 (VIOLATED)
fanout11032/X                            10     21    -11 (VIOLATED)
fanout11035/X                            10     21    -11 (VIOLATED)
fanout11037/X                            10     21    -11 (VIOLATED)
fanout11038/X                            10     21    -11 (VIOLATED)
fanout11040/X                            10     21    -11 (VIOLATED)
fanout11041/X                            10     21    -11 (VIOLATED)
fanout11044/X                            10     21    -11 (VIOLATED)
fanout11054/X                            10     21    -11 (VIOLATED)
fanout11055/X                            10     21    -11 (VIOLATED)
fanout11058/X                            10     21    -11 (VIOLATED)
fanout11060/X                            10     21    -11 (VIOLATED)
fanout11062/X                            10     21    -11 (VIOLATED)
fanout11064/X                            10     21    -11 (VIOLATED)
fanout11066/X                            10     21    -11 (VIOLATED)
fanout11070/X                            10     21    -11 (VIOLATED)
fanout11072/X                            10     21    -11 (VIOLATED)
fanout11074/X                            10     21    -11 (VIOLATED)
fanout11075/X                            10     21    -11 (VIOLATED)
fanout11077/X                            10     21    -11 (VIOLATED)
fanout11080/X                            10     21    -11 (VIOLATED)
fanout11082/X                            10     21    -11 (VIOLATED)
fanout11085/X                            10     21    -11 (VIOLATED)
fanout11086/X                            10     21    -11 (VIOLATED)
fanout11095/X                            10     21    -11 (VIOLATED)
fanout11097/X                            10     21    -11 (VIOLATED)
fanout11100/X                            10     21    -11 (VIOLATED)
fanout11106/X                            10     21    -11 (VIOLATED)
fanout11111/X                            10     21    -11 (VIOLATED)
fanout11114/X                            10     21    -11 (VIOLATED)
fanout11119/X                            10     21    -11 (VIOLATED)
fanout11123/X                            10     21    -11 (VIOLATED)
fanout11125/X                            10     21    -11 (VIOLATED)
fanout11127/X                            10     21    -11 (VIOLATED)
fanout11131/X                            10     21    -11 (VIOLATED)
fanout11133/X                            10     21    -11 (VIOLATED)
fanout11135/X                            10     21    -11 (VIOLATED)
fanout11139/X                            10     21    -11 (VIOLATED)
fanout11141/X                            10     21    -11 (VIOLATED)
fanout11143/X                            10     21    -11 (VIOLATED)
fanout11144/X                            10     21    -11 (VIOLATED)
fanout11146/X                            10     21    -11 (VIOLATED)
fanout11149/X                            10     21    -11 (VIOLATED)
fanout11151/X                            10     21    -11 (VIOLATED)
fanout11154/X                            10     21    -11 (VIOLATED)
fanout11155/X                            10     21    -11 (VIOLATED)
fanout11211/X                            10     21    -11 (VIOLATED)
fanout11229/X                            10     21    -11 (VIOLATED)
fanout11241/X                            10     21    -11 (VIOLATED)
fanout11245/X                            10     21    -11 (VIOLATED)
fanout11259/X                            10     21    -11 (VIOLATED)
fanout11268/X                            10     21    -11 (VIOLATED)
fanout11272/X                            10     21    -11 (VIOLATED)
fanout11286/X                            10     21    -11 (VIOLATED)
fanout11301/X                            10     21    -11 (VIOLATED)
fanout11313/X                            10     21    -11 (VIOLATED)
fanout11314/X                            10     21    -11 (VIOLATED)
fanout11326/X                            10     21    -11 (VIOLATED)
fanout11327/X                            10     21    -11 (VIOLATED)
fanout11336/X                            10     21    -11 (VIOLATED)
fanout11342/X                            10     21    -11 (VIOLATED)
fanout11354/X                            10     21    -11 (VIOLATED)
fanout11355/X                            10     21    -11 (VIOLATED)
fanout11374/X                            10     21    -11 (VIOLATED)
fanout11388/X                            10     21    -11 (VIOLATED)
fanout11389/X                            10     21    -11 (VIOLATED)
fanout11433/X                            10     21    -11 (VIOLATED)
fanout11447/X                            10     21    -11 (VIOLATED)
fanout11460/X                            10     21    -11 (VIOLATED)
fanout11474/X                            10     21    -11 (VIOLATED)
fanout1148/X                             10     21    -11 (VIOLATED)
fanout11489/X                            10     21    -11 (VIOLATED)
fanout1150/X                             10     21    -11 (VIOLATED)
fanout11504/X                            10     21    -11 (VIOLATED)
fanout11510/X                            10     21    -11 (VIOLATED)
fanout11519/X                            10     21    -11 (VIOLATED)
fanout11521/X                            10     21    -11 (VIOLATED)
fanout11524/X                            10     21    -11 (VIOLATED)
fanout11527/X                            10     21    -11 (VIOLATED)
fanout11531/X                            10     21    -11 (VIOLATED)
fanout11532/X                            10     21    -11 (VIOLATED)
fanout11533/X                            10     21    -11 (VIOLATED)
fanout11537/X                            10     21    -11 (VIOLATED)
fanout11541/X                            10     21    -11 (VIOLATED)
fanout11547/X                            10     21    -11 (VIOLATED)
fanout11553/X                            10     21    -11 (VIOLATED)
fanout11558/X                            10     21    -11 (VIOLATED)
fanout11561/X                            10     21    -11 (VIOLATED)
fanout11563/X                            10     21    -11 (VIOLATED)
fanout11564/X                            10     21    -11 (VIOLATED)
fanout11568/X                            10     21    -11 (VIOLATED)
fanout11569/X                            10     21    -11 (VIOLATED)
fanout11570/X                            10     21    -11 (VIOLATED)
fanout11573/X                            10     21    -11 (VIOLATED)
fanout11574/X                            10     21    -11 (VIOLATED)
fanout11575/X                            10     21    -11 (VIOLATED)
fanout11584/X                            10     21    -11 (VIOLATED)
fanout11605/X                            10     21    -11 (VIOLATED)
fanout11611/X                            10     21    -11 (VIOLATED)
fanout11612/X                            10     21    -11 (VIOLATED)
fanout11615/X                            10     21    -11 (VIOLATED)
fanout11621/X                            10     21    -11 (VIOLATED)
fanout11624/X                            10     21    -11 (VIOLATED)
fanout11638/X                            10     21    -11 (VIOLATED)
fanout11642/X                            10     21    -11 (VIOLATED)
fanout11648/X                            10     21    -11 (VIOLATED)
fanout11650/X                            10     21    -11 (VIOLATED)
fanout11652/X                            10     21    -11 (VIOLATED)
fanout11653/X                            10     21    -11 (VIOLATED)
fanout11654/X                            10     21    -11 (VIOLATED)
fanout11655/X                            10     21    -11 (VIOLATED)
fanout1166/X                             10     21    -11 (VIOLATED)
fanout11675/X                            10     21    -11 (VIOLATED)
fanout11680/X                            10     21    -11 (VIOLATED)
fanout11683/X                            10     21    -11 (VIOLATED)
fanout11685/X                            10     21    -11 (VIOLATED)
fanout11691/X                            10     21    -11 (VIOLATED)
fanout11699/X                            10     21    -11 (VIOLATED)
fanout11704/X                            10     21    -11 (VIOLATED)
fanout11706/X                            10     21    -11 (VIOLATED)
fanout11712/X                            10     21    -11 (VIOLATED)
fanout11725/X                            10     21    -11 (VIOLATED)
fanout11726/X                            10     21    -11 (VIOLATED)
fanout11733/X                            10     21    -11 (VIOLATED)
fanout11734/X                            10     21    -11 (VIOLATED)
fanout11736/X                            10     21    -11 (VIOLATED)
fanout11745/X                            10     21    -11 (VIOLATED)
fanout11748/X                            10     21    -11 (VIOLATED)
fanout11749/X                            10     21    -11 (VIOLATED)
fanout11751/X                            10     21    -11 (VIOLATED)
fanout11752/X                            10     21    -11 (VIOLATED)
fanout11755/X                            10     21    -11 (VIOLATED)
fanout11779/X                            10     21    -11 (VIOLATED)
fanout11792/X                            10     21    -11 (VIOLATED)
fanout11806/X                            10     21    -11 (VIOLATED)
fanout11821/X                            10     21    -11 (VIOLATED)
fanout11838/X                            10     21    -11 (VIOLATED)
fanout11851/X                            10     21    -11 (VIOLATED)
fanout11865/X                            10     21    -11 (VIOLATED)
fanout11880/X                            10     21    -11 (VIOLATED)
fanout11893/X                            10     21    -11 (VIOLATED)
fanout11906/X                            10     21    -11 (VIOLATED)
fanout11928/X                            10     21    -11 (VIOLATED)
fanout1445/X                             10     21    -11 (VIOLATED)
fanout1447/X                             10     21    -11 (VIOLATED)
fanout1449/X                             10     21    -11 (VIOLATED)
fanout1455/X                             10     21    -11 (VIOLATED)
fanout1457/X                             10     21    -11 (VIOLATED)
fanout1458/X                             10     21    -11 (VIOLATED)
fanout1462/X                             10     21    -11 (VIOLATED)
fanout1466/X                             10     21    -11 (VIOLATED)
fanout1471/X                             10     21    -11 (VIOLATED)
fanout1473/X                             10     21    -11 (VIOLATED)
fanout1475/X                             10     21    -11 (VIOLATED)
fanout1476/X                             10     21    -11 (VIOLATED)
fanout1478/X                             10     21    -11 (VIOLATED)
fanout1660/X                             10     21    -11 (VIOLATED)
fanout1700/X                             10     21    -11 (VIOLATED)
fanout1718/X                             10     21    -11 (VIOLATED)
fanout1719/X                             10     21    -11 (VIOLATED)
fanout1720/X                             10     21    -11 (VIOLATED)
fanout1722/X                             10     21    -11 (VIOLATED)
fanout1724/X                             10     21    -11 (VIOLATED)
fanout1725/X                             10     21    -11 (VIOLATED)
fanout1726/X                             10     21    -11 (VIOLATED)
fanout1727/X                             10     21    -11 (VIOLATED)
fanout1728/X                             10     21    -11 (VIOLATED)
fanout1732/X                             10     21    -11 (VIOLATED)
fanout1734/X                             10     21    -11 (VIOLATED)
fanout1736/X                             10     21    -11 (VIOLATED)
fanout1741/X                             10     21    -11 (VIOLATED)
fanout1743/X                             10     21    -11 (VIOLATED)
fanout1745/X                             10     21    -11 (VIOLATED)
fanout1752/X                             10     21    -11 (VIOLATED)
fanout1754/X                             10     21    -11 (VIOLATED)
fanout1756/X                             10     21    -11 (VIOLATED)
fanout1757/X                             10     21    -11 (VIOLATED)
fanout1760/X                             10     21    -11 (VIOLATED)
fanout1762/X                             10     21    -11 (VIOLATED)
fanout1765/X                             10     21    -11 (VIOLATED)
fanout1767/X                             10     21    -11 (VIOLATED)
fanout1769/X                             10     21    -11 (VIOLATED)
fanout1770/X                             10     21    -11 (VIOLATED)
fanout1771/X                             10     21    -11 (VIOLATED)
fanout1776/X                             10     21    -11 (VIOLATED)
fanout1778/X                             10     21    -11 (VIOLATED)
fanout1781/X                             10     21    -11 (VIOLATED)
fanout1785/X                             10     21    -11 (VIOLATED)
fanout1788/X                             10     21    -11 (VIOLATED)
fanout1790/X                             10     21    -11 (VIOLATED)
fanout1792/X                             10     21    -11 (VIOLATED)
fanout1795/X                             10     21    -11 (VIOLATED)
fanout1797/X                             10     21    -11 (VIOLATED)
fanout1799/X                             10     21    -11 (VIOLATED)
fanout1801/X                             10     21    -11 (VIOLATED)
fanout211/X                              10     21    -11 (VIOLATED)
fanout213/X                              10     21    -11 (VIOLATED)
fanout2338/X                             10     21    -11 (VIOLATED)
fanout2455/X                             10     21    -11 (VIOLATED)
fanout2526/X                             10     21    -11 (VIOLATED)
fanout257/X                              10     21    -11 (VIOLATED)
fanout258/X                              10     21    -11 (VIOLATED)
fanout262/X                              10     21    -11 (VIOLATED)
fanout268/X                              10     21    -11 (VIOLATED)
fanout270/X                              10     21    -11 (VIOLATED)
fanout281/X                              10     21    -11 (VIOLATED)
fanout283/X                              10     21    -11 (VIOLATED)
fanout2894/X                             10     21    -11 (VIOLATED)
fanout296/X                              10     21    -11 (VIOLATED)
fanout298/X                              10     21    -11 (VIOLATED)
fanout300/X                              10     21    -11 (VIOLATED)
fanout302/X                              10     21    -11 (VIOLATED)
fanout313/X                              10     21    -11 (VIOLATED)
fanout314/X                              10     21    -11 (VIOLATED)
fanout316/X                              10     21    -11 (VIOLATED)
fanout329/X                              10     21    -11 (VIOLATED)
fanout331/X                              10     21    -11 (VIOLATED)
fanout3349/X                             10     21    -11 (VIOLATED)
fanout3360/X                             10     21    -11 (VIOLATED)
fanout3368/X                             10     21    -11 (VIOLATED)
fanout346/X                              10     21    -11 (VIOLATED)
fanout347/X                              10     21    -11 (VIOLATED)
fanout3483/X                             10     21    -11 (VIOLATED)
fanout3489/X                             10     21    -11 (VIOLATED)
fanout3491/X                             10     21    -11 (VIOLATED)
fanout350/X                              10     21    -11 (VIOLATED)
fanout3500/X                             10     21    -11 (VIOLATED)
fanout3508/X                             10     21    -11 (VIOLATED)
fanout3509/X                             10     21    -11 (VIOLATED)
fanout3515/X                             10     21    -11 (VIOLATED)
fanout3519/X                             10     21    -11 (VIOLATED)
fanout352/X                              10     21    -11 (VIOLATED)
fanout3523/X                             10     21    -11 (VIOLATED)
fanout3524/X                             10     21    -11 (VIOLATED)
fanout3531/X                             10     21    -11 (VIOLATED)
fanout3536/X                             10     21    -11 (VIOLATED)
fanout3538/X                             10     21    -11 (VIOLATED)
fanout3539/X                             10     21    -11 (VIOLATED)
fanout3543/X                             10     21    -11 (VIOLATED)
fanout359/X                              10     21    -11 (VIOLATED)
fanout361/X                              10     21    -11 (VIOLATED)
fanout3622/X                             10     21    -11 (VIOLATED)
fanout369/X                              10     21    -11 (VIOLATED)
fanout371/X                              10     21    -11 (VIOLATED)
fanout3742/X                             10     21    -11 (VIOLATED)
fanout3765/X                             10     21    -11 (VIOLATED)
fanout3778/X                             10     21    -11 (VIOLATED)
fanout3803/X                             10     21    -11 (VIOLATED)
fanout3811/X                             10     21    -11 (VIOLATED)
fanout388/X                              10     21    -11 (VIOLATED)
fanout396/X                              10     21    -11 (VIOLATED)
fanout398/X                              10     21    -11 (VIOLATED)
fanout400/X                              10     21    -11 (VIOLATED)
fanout4025/X                             10     21    -11 (VIOLATED)
fanout4032/X                             10     21    -11 (VIOLATED)
fanout4033/X                             10     21    -11 (VIOLATED)
fanout4035/X                             10     21    -11 (VIOLATED)
fanout4036/X                             10     21    -11 (VIOLATED)
fanout4037/X                             10     21    -11 (VIOLATED)
fanout4038/X                             10     21    -11 (VIOLATED)
fanout4039/X                             10     21    -11 (VIOLATED)
fanout4040/X                             10     21    -11 (VIOLATED)
fanout4042/X                             10     21    -11 (VIOLATED)
fanout4043/X                             10     21    -11 (VIOLATED)
fanout4044/X                             10     21    -11 (VIOLATED)
fanout4046/X                             10     21    -11 (VIOLATED)
fanout4048/X                             10     21    -11 (VIOLATED)
fanout4049/X                             10     21    -11 (VIOLATED)
fanout4050/X                             10     21    -11 (VIOLATED)
fanout4055/X                             10     21    -11 (VIOLATED)
fanout4056/X                             10     21    -11 (VIOLATED)
fanout4059/X                             10     21    -11 (VIOLATED)
fanout4061/X                             10     21    -11 (VIOLATED)
fanout4064/X                             10     21    -11 (VIOLATED)
fanout4065/X                             10     21    -11 (VIOLATED)
fanout4067/X                             10     21    -11 (VIOLATED)
fanout4068/X                             10     21    -11 (VIOLATED)
fanout4070/X                             10     21    -11 (VIOLATED)
fanout4071/X                             10     21    -11 (VIOLATED)
fanout4072/X                             10     21    -11 (VIOLATED)
fanout4073/X                             10     21    -11 (VIOLATED)
fanout4075/X                             10     21    -11 (VIOLATED)
fanout4077/X                             10     21    -11 (VIOLATED)
fanout4079/X                             10     21    -11 (VIOLATED)
fanout4080/X                             10     21    -11 (VIOLATED)
fanout4089/X                             10     21    -11 (VIOLATED)
fanout4090/X                             10     21    -11 (VIOLATED)
fanout4091/X                             10     21    -11 (VIOLATED)
fanout4094/X                             10     21    -11 (VIOLATED)
fanout4095/X                             10     21    -11 (VIOLATED)
fanout4101/X                             10     21    -11 (VIOLATED)
fanout4102/X                             10     21    -11 (VIOLATED)
fanout4106/X                             10     21    -11 (VIOLATED)
fanout4108/X                             10     21    -11 (VIOLATED)
fanout4113/X                             10     21    -11 (VIOLATED)
fanout4115/X                             10     21    -11 (VIOLATED)
fanout4117/X                             10     21    -11 (VIOLATED)
fanout4118/X                             10     21    -11 (VIOLATED)
fanout4119/X                             10     21    -11 (VIOLATED)
fanout4120/X                             10     21    -11 (VIOLATED)
fanout4122/X                             10     21    -11 (VIOLATED)
fanout4126/X                             10     21    -11 (VIOLATED)
fanout4127/X                             10     21    -11 (VIOLATED)
fanout4129/X                             10     21    -11 (VIOLATED)
fanout4130/X                             10     21    -11 (VIOLATED)
fanout4131/X                             10     21    -11 (VIOLATED)
fanout4133/X                             10     21    -11 (VIOLATED)
fanout4135/X                             10     21    -11 (VIOLATED)
fanout4136/X                             10     21    -11 (VIOLATED)
fanout4139/X                             10     21    -11 (VIOLATED)
fanout4140/X                             10     21    -11 (VIOLATED)
fanout4141/X                             10     21    -11 (VIOLATED)
fanout4145/X                             10     21    -11 (VIOLATED)
fanout4149/X                             10     21    -11 (VIOLATED)
fanout4150/X                             10     21    -11 (VIOLATED)
fanout4152/X                             10     21    -11 (VIOLATED)
fanout4154/X                             10     21    -11 (VIOLATED)
fanout4156/X                             10     21    -11 (VIOLATED)
fanout4158/X                             10     21    -11 (VIOLATED)
fanout4159/X                             10     21    -11 (VIOLATED)
fanout4160/X                             10     21    -11 (VIOLATED)
fanout4162/X                             10     21    -11 (VIOLATED)
fanout4167/X                             10     21    -11 (VIOLATED)
fanout4168/X                             10     21    -11 (VIOLATED)
fanout4169/X                             10     21    -11 (VIOLATED)
fanout417/X                              10     21    -11 (VIOLATED)
fanout4174/X                             10     21    -11 (VIOLATED)
fanout4176/X                             10     21    -11 (VIOLATED)
fanout4177/X                             10     21    -11 (VIOLATED)
fanout4180/X                             10     21    -11 (VIOLATED)
fanout4182/X                             10     21    -11 (VIOLATED)
fanout4183/X                             10     21    -11 (VIOLATED)
fanout4184/X                             10     21    -11 (VIOLATED)
fanout4189/X                             10     21    -11 (VIOLATED)
fanout419/X                              10     21    -11 (VIOLATED)
fanout4191/X                             10     21    -11 (VIOLATED)
fanout4195/X                             10     21    -11 (VIOLATED)
fanout4197/X                             10     21    -11 (VIOLATED)
fanout4199/X                             10     21    -11 (VIOLATED)
fanout4200/X                             10     21    -11 (VIOLATED)
fanout4205/X                             10     21    -11 (VIOLATED)
fanout4206/X                             10     21    -11 (VIOLATED)
fanout4207/X                             10     21    -11 (VIOLATED)
fanout4211/X                             10     21    -11 (VIOLATED)
fanout4212/X                             10     21    -11 (VIOLATED)
fanout4213/X                             10     21    -11 (VIOLATED)
fanout4215/X                             10     21    -11 (VIOLATED)
fanout4217/X                             10     21    -11 (VIOLATED)
fanout4219/X                             10     21    -11 (VIOLATED)
fanout4228/X                             10     21    -11 (VIOLATED)
fanout4229/X                             10     21    -11 (VIOLATED)
fanout4231/X                             10     21    -11 (VIOLATED)
fanout4232/X                             10     21    -11 (VIOLATED)
fanout4235/X                             10     21    -11 (VIOLATED)
fanout4236/X                             10     21    -11 (VIOLATED)
fanout4238/X                             10     21    -11 (VIOLATED)
fanout4240/X                             10     21    -11 (VIOLATED)
fanout4241/X                             10     21    -11 (VIOLATED)
fanout4243/X                             10     21    -11 (VIOLATED)
fanout4245/X                             10     21    -11 (VIOLATED)
fanout4246/X                             10     21    -11 (VIOLATED)
fanout4248/X                             10     21    -11 (VIOLATED)
fanout4249/X                             10     21    -11 (VIOLATED)
fanout4250/X                             10     21    -11 (VIOLATED)
fanout4251/X                             10     21    -11 (VIOLATED)
fanout4258/X                             10     21    -11 (VIOLATED)
fanout4260/X                             10     21    -11 (VIOLATED)
fanout4261/X                             10     21    -11 (VIOLATED)
fanout4262/X                             10     21    -11 (VIOLATED)
fanout4268/X                             10     21    -11 (VIOLATED)
fanout4269/X                             10     21    -11 (VIOLATED)
fanout4271/X                             10     21    -11 (VIOLATED)
fanout4273/X                             10     21    -11 (VIOLATED)
fanout4275/X                             10     21    -11 (VIOLATED)
fanout4277/X                             10     21    -11 (VIOLATED)
fanout4278/X                             10     21    -11 (VIOLATED)
fanout4279/X                             10     21    -11 (VIOLATED)
fanout4283/X                             10     21    -11 (VIOLATED)
fanout4285/X                             10     21    -11 (VIOLATED)
fanout4286/X                             10     21    -11 (VIOLATED)
fanout430/X                              10     21    -11 (VIOLATED)
fanout4305/X                             10     21    -11 (VIOLATED)
fanout4306/X                             10     21    -11 (VIOLATED)
fanout4307/X                             10     21    -11 (VIOLATED)
fanout4309/X                             10     21    -11 (VIOLATED)
fanout431/X                              10     21    -11 (VIOLATED)
fanout4310/X                             10     21    -11 (VIOLATED)
fanout4311/X                             10     21    -11 (VIOLATED)
fanout4312/X                             10     21    -11 (VIOLATED)
fanout4314/X                             10     21    -11 (VIOLATED)
fanout4318/X                             10     21    -11 (VIOLATED)
fanout432/X                              10     21    -11 (VIOLATED)
fanout4321/X                             10     21    -11 (VIOLATED)
fanout4323/X                             10     21    -11 (VIOLATED)
fanout4325/X                             10     21    -11 (VIOLATED)
fanout4327/X                             10     21    -11 (VIOLATED)
fanout4328/X                             10     21    -11 (VIOLATED)
fanout4334/X                             10     21    -11 (VIOLATED)
fanout4335/X                             10     21    -11 (VIOLATED)
fanout4340/X                             10     21    -11 (VIOLATED)
fanout4343/X                             10     21    -11 (VIOLATED)
fanout4345/X                             10     21    -11 (VIOLATED)
fanout4350/X                             10     21    -11 (VIOLATED)
fanout4352/X                             10     21    -11 (VIOLATED)
fanout4353/X                             10     21    -11 (VIOLATED)
fanout437/X                              10     21    -11 (VIOLATED)
fanout4386/X                             10     21    -11 (VIOLATED)
fanout4388/X                             10     21    -11 (VIOLATED)
fanout4395/X                             10     21    -11 (VIOLATED)
fanout4396/X                             10     21    -11 (VIOLATED)
fanout4399/X                             10     21    -11 (VIOLATED)
fanout4401/X                             10     21    -11 (VIOLATED)
fanout4402/X                             10     21    -11 (VIOLATED)
fanout4404/X                             10     21    -11 (VIOLATED)
fanout4405/X                             10     21    -11 (VIOLATED)
fanout4407/X                             10     21    -11 (VIOLATED)
fanout4408/X                             10     21    -11 (VIOLATED)
fanout4409/X                             10     21    -11 (VIOLATED)
fanout4410/X                             10     21    -11 (VIOLATED)
fanout4412/X                             10     21    -11 (VIOLATED)
fanout4415/X                             10     21    -11 (VIOLATED)
fanout4416/X                             10     21    -11 (VIOLATED)
fanout4417/X                             10     21    -11 (VIOLATED)
fanout4418/X                             10     21    -11 (VIOLATED)
fanout4420/X                             10     21    -11 (VIOLATED)
fanout4423/X                             10     21    -11 (VIOLATED)
fanout4424/X                             10     21    -11 (VIOLATED)
fanout4425/X                             10     21    -11 (VIOLATED)
fanout4426/X                             10     21    -11 (VIOLATED)
fanout4427/X                             10     21    -11 (VIOLATED)
fanout4428/X                             10     21    -11 (VIOLATED)
fanout4430/X                             10     21    -11 (VIOLATED)
fanout4431/X                             10     21    -11 (VIOLATED)
fanout4433/X                             10     21    -11 (VIOLATED)
fanout4434/X                             10     21    -11 (VIOLATED)
fanout4435/X                             10     21    -11 (VIOLATED)
fanout4437/X                             10     21    -11 (VIOLATED)
fanout4438/X                             10     21    -11 (VIOLATED)
fanout444/X                              10     21    -11 (VIOLATED)
fanout4441/X                             10     21    -11 (VIOLATED)
fanout4443/X                             10     21    -11 (VIOLATED)
fanout4444/X                             10     21    -11 (VIOLATED)
fanout4446/X                             10     21    -11 (VIOLATED)
fanout4449/X                             10     21    -11 (VIOLATED)
fanout4451/X                             10     21    -11 (VIOLATED)
fanout4452/X                             10     21    -11 (VIOLATED)
fanout4454/X                             10     21    -11 (VIOLATED)
fanout4455/X                             10     21    -11 (VIOLATED)
fanout446/X                              10     21    -11 (VIOLATED)
fanout4464/X                             10     21    -11 (VIOLATED)
fanout4465/X                             10     21    -11 (VIOLATED)
fanout4466/X                             10     21    -11 (VIOLATED)
fanout4470/X                             10     21    -11 (VIOLATED)
fanout4472/X                             10     21    -11 (VIOLATED)
fanout4474/X                             10     21    -11 (VIOLATED)
fanout4478/X                             10     21    -11 (VIOLATED)
fanout4479/X                             10     21    -11 (VIOLATED)
fanout4480/X                             10     21    -11 (VIOLATED)
fanout4482/X                             10     21    -11 (VIOLATED)
fanout4485/X                             10     21    -11 (VIOLATED)
fanout4486/X                             10     21    -11 (VIOLATED)
fanout4487/X                             10     21    -11 (VIOLATED)
fanout4492/X                             10     21    -11 (VIOLATED)
fanout4493/X                             10     21    -11 (VIOLATED)
fanout4494/X                             10     21    -11 (VIOLATED)
fanout4495/X                             10     21    -11 (VIOLATED)
fanout4499/X                             10     21    -11 (VIOLATED)
fanout4500/X                             10     21    -11 (VIOLATED)
fanout4501/X                             10     21    -11 (VIOLATED)
fanout4502/X                             10     21    -11 (VIOLATED)
fanout4503/X                             10     21    -11 (VIOLATED)
fanout4505/X                             10     21    -11 (VIOLATED)
fanout4508/X                             10     21    -11 (VIOLATED)
fanout4510/X                             10     21    -11 (VIOLATED)
fanout4512/X                             10     21    -11 (VIOLATED)
fanout4513/X                             10     21    -11 (VIOLATED)
fanout4516/X                             10     21    -11 (VIOLATED)
fanout4517/X                             10     21    -11 (VIOLATED)
fanout4519/X                             10     21    -11 (VIOLATED)
fanout4520/X                             10     21    -11 (VIOLATED)
fanout4522/X                             10     21    -11 (VIOLATED)
fanout4524/X                             10     21    -11 (VIOLATED)
fanout4527/X                             10     21    -11 (VIOLATED)
fanout4529/X                             10     21    -11 (VIOLATED)
fanout4530/X                             10     21    -11 (VIOLATED)
fanout4531/X                             10     21    -11 (VIOLATED)
fanout4532/X                             10     21    -11 (VIOLATED)
fanout4534/X                             10     21    -11 (VIOLATED)
fanout4544/X                             10     21    -11 (VIOLATED)
fanout4546/X                             10     21    -11 (VIOLATED)
fanout4548/X                             10     21    -11 (VIOLATED)
fanout455/X                              10     21    -11 (VIOLATED)
fanout4550/X                             10     21    -11 (VIOLATED)
fanout4553/X                             10     21    -11 (VIOLATED)
fanout4554/X                             10     21    -11 (VIOLATED)
fanout4556/X                             10     21    -11 (VIOLATED)
fanout4557/X                             10     21    -11 (VIOLATED)
fanout4560/X                             10     21    -11 (VIOLATED)
fanout4561/X                             10     21    -11 (VIOLATED)
fanout4563/X                             10     21    -11 (VIOLATED)
fanout4564/X                             10     21    -11 (VIOLATED)
fanout4567/X                             10     21    -11 (VIOLATED)
fanout4569/X                             10     21    -11 (VIOLATED)
fanout4571/X                             10     21    -11 (VIOLATED)
fanout4573/X                             10     21    -11 (VIOLATED)
fanout4574/X                             10     21    -11 (VIOLATED)
fanout4575/X                             10     21    -11 (VIOLATED)
fanout4577/X                             10     21    -11 (VIOLATED)
fanout4579/X                             10     21    -11 (VIOLATED)
fanout4580/X                             10     21    -11 (VIOLATED)
fanout4583/X                             10     21    -11 (VIOLATED)
fanout4584/X                             10     21    -11 (VIOLATED)
fanout4586/X                             10     21    -11 (VIOLATED)
fanout4587/X                             10     21    -11 (VIOLATED)
fanout4588/X                             10     21    -11 (VIOLATED)
fanout4589/X                             10     21    -11 (VIOLATED)
fanout4590/X                             10     21    -11 (VIOLATED)
fanout4592/X                             10     21    -11 (VIOLATED)
fanout4593/X                             10     21    -11 (VIOLATED)
fanout4599/X                             10     21    -11 (VIOLATED)
fanout4600/X                             10     21    -11 (VIOLATED)
fanout4601/X                             10     21    -11 (VIOLATED)
fanout4602/X                             10     21    -11 (VIOLATED)
fanout4604/X                             10     21    -11 (VIOLATED)
fanout4605/X                             10     21    -11 (VIOLATED)
fanout4611/X                             10     21    -11 (VIOLATED)
fanout4613/X                             10     21    -11 (VIOLATED)
fanout4615/X                             10     21    -11 (VIOLATED)
fanout4620/X                             10     21    -11 (VIOLATED)
fanout4621/X                             10     21    -11 (VIOLATED)
fanout4622/X                             10     21    -11 (VIOLATED)
fanout4623/X                             10     21    -11 (VIOLATED)
fanout4624/X                             10     21    -11 (VIOLATED)
fanout4630/X                             10     21    -11 (VIOLATED)
fanout4632/X                             10     21    -11 (VIOLATED)
fanout4643/X                             10     21    -11 (VIOLATED)
fanout4644/X                             10     21    -11 (VIOLATED)
fanout4645/X                             10     21    -11 (VIOLATED)
fanout4647/X                             10     21    -11 (VIOLATED)
fanout4648/X                             10     21    -11 (VIOLATED)
fanout4649/X                             10     21    -11 (VIOLATED)
fanout4652/X                             10     21    -11 (VIOLATED)
fanout4653/X                             10     21    -11 (VIOLATED)
fanout4654/X                             10     21    -11 (VIOLATED)
fanout4656/X                             10     21    -11 (VIOLATED)
fanout4658/X                             10     21    -11 (VIOLATED)
fanout4659/X                             10     21    -11 (VIOLATED)
fanout4662/X                             10     21    -11 (VIOLATED)
fanout4663/X                             10     21    -11 (VIOLATED)
fanout4665/X                             10     21    -11 (VIOLATED)
fanout4667/X                             10     21    -11 (VIOLATED)
fanout4668/X                             10     21    -11 (VIOLATED)
fanout4672/X                             10     21    -11 (VIOLATED)
fanout4673/X                             10     21    -11 (VIOLATED)
fanout4674/X                             10     21    -11 (VIOLATED)
fanout4676/X                             10     21    -11 (VIOLATED)
fanout4678/X                             10     21    -11 (VIOLATED)
fanout4682/X                             10     21    -11 (VIOLATED)
fanout4683/X                             10     21    -11 (VIOLATED)
fanout4684/X                             10     21    -11 (VIOLATED)
fanout4689/X                             10     21    -11 (VIOLATED)
fanout4690/X                             10     21    -11 (VIOLATED)
fanout4693/X                             10     21    -11 (VIOLATED)
fanout4697/X                             10     21    -11 (VIOLATED)
fanout4700/X                             10     21    -11 (VIOLATED)
fanout4702/X                             10     21    -11 (VIOLATED)
fanout4703/X                             10     21    -11 (VIOLATED)
fanout4706/X                             10     21    -11 (VIOLATED)
fanout4710/X                             10     21    -11 (VIOLATED)
fanout4712/X                             10     21    -11 (VIOLATED)
fanout4713/X                             10     21    -11 (VIOLATED)
fanout4719/X                             10     21    -11 (VIOLATED)
fanout472/X                              10     21    -11 (VIOLATED)
fanout4720/X                             10     21    -11 (VIOLATED)
fanout4721/X                             10     21    -11 (VIOLATED)
fanout4722/X                             10     21    -11 (VIOLATED)
fanout4724/X                             10     21    -11 (VIOLATED)
fanout4725/X                             10     21    -11 (VIOLATED)
fanout4726/X                             10     21    -11 (VIOLATED)
fanout473/X                              10     21    -11 (VIOLATED)
fanout4744/X                             10     21    -11 (VIOLATED)
fanout4746/X                             10     21    -11 (VIOLATED)
fanout4747/X                             10     21    -11 (VIOLATED)
fanout4749/X                             10     21    -11 (VIOLATED)
fanout475/X                              10     21    -11 (VIOLATED)
fanout4751/X                             10     21    -11 (VIOLATED)
fanout4752/X                             10     21    -11 (VIOLATED)
fanout4753/X                             10     21    -11 (VIOLATED)
fanout4754/X                             10     21    -11 (VIOLATED)
fanout4756/X                             10     21    -11 (VIOLATED)
fanout4757/X                             10     21    -11 (VIOLATED)
fanout4762/X                             10     21    -11 (VIOLATED)
fanout4766/X                             10     21    -11 (VIOLATED)
fanout4769/X                             10     21    -11 (VIOLATED)
fanout4772/X                             10     21    -11 (VIOLATED)
fanout4778/X                             10     21    -11 (VIOLATED)
fanout4779/X                             10     21    -11 (VIOLATED)
fanout4785/X                             10     21    -11 (VIOLATED)
fanout4787/X                             10     21    -11 (VIOLATED)
fanout4789/X                             10     21    -11 (VIOLATED)
fanout4792/X                             10     21    -11 (VIOLATED)
fanout4794/X                             10     21    -11 (VIOLATED)
fanout4803/X                             10     21    -11 (VIOLATED)
fanout4807/X                             10     21    -11 (VIOLATED)
fanout4808/X                             10     21    -11 (VIOLATED)
fanout4809/X                             10     21    -11 (VIOLATED)
fanout481/X                              10     21    -11 (VIOLATED)
fanout4810/X                             10     21    -11 (VIOLATED)
fanout4811/X                             10     21    -11 (VIOLATED)
fanout4815/X                             10     21    -11 (VIOLATED)
fanout482/X                              10     21    -11 (VIOLATED)
fanout483/X                              10     21    -11 (VIOLATED)
fanout4848/X                             10     21    -11 (VIOLATED)
fanout4850/X                             10     21    -11 (VIOLATED)
fanout4853/X                             10     21    -11 (VIOLATED)
fanout4854/X                             10     21    -11 (VIOLATED)
fanout4855/X                             10     21    -11 (VIOLATED)
fanout4856/X                             10     21    -11 (VIOLATED)
fanout4859/X                             10     21    -11 (VIOLATED)
fanout4860/X                             10     21    -11 (VIOLATED)
fanout4861/X                             10     21    -11 (VIOLATED)
fanout4867/X                             10     21    -11 (VIOLATED)
fanout4869/X                             10     21    -11 (VIOLATED)
fanout4870/X                             10     21    -11 (VIOLATED)
fanout4871/X                             10     21    -11 (VIOLATED)
fanout4872/X                             10     21    -11 (VIOLATED)
fanout4875/X                             10     21    -11 (VIOLATED)
fanout4877/X                             10     21    -11 (VIOLATED)
fanout4878/X                             10     21    -11 (VIOLATED)
fanout4880/X                             10     21    -11 (VIOLATED)
fanout4881/X                             10     21    -11 (VIOLATED)
fanout4882/X                             10     21    -11 (VIOLATED)
fanout4892/X                             10     21    -11 (VIOLATED)
fanout4893/X                             10     21    -11 (VIOLATED)
fanout4894/X                             10     21    -11 (VIOLATED)
fanout4897/X                             10     21    -11 (VIOLATED)
fanout4901/X                             10     21    -11 (VIOLATED)
fanout4905/X                             10     21    -11 (VIOLATED)
fanout4910/X                             10     21    -11 (VIOLATED)
fanout4911/X                             10     21    -11 (VIOLATED)
fanout4913/X                             10     21    -11 (VIOLATED)
fanout4914/X                             10     21    -11 (VIOLATED)
fanout4915/X                             10     21    -11 (VIOLATED)
fanout4916/X                             10     21    -11 (VIOLATED)
fanout4917/X                             10     21    -11 (VIOLATED)
fanout4919/X                             10     21    -11 (VIOLATED)
fanout4921/X                             10     21    -11 (VIOLATED)
fanout4926/X                             10     21    -11 (VIOLATED)
fanout4927/X                             10     21    -11 (VIOLATED)
fanout4931/X                             10     21    -11 (VIOLATED)
fanout4934/X                             10     21    -11 (VIOLATED)
fanout4935/X                             10     21    -11 (VIOLATED)
fanout4936/X                             10     21    -11 (VIOLATED)
fanout4938/X                             10     21    -11 (VIOLATED)
fanout4941/X                             10     21    -11 (VIOLATED)
fanout4943/X                             10     21    -11 (VIOLATED)
fanout4946/X                             10     21    -11 (VIOLATED)
fanout4947/X                             10     21    -11 (VIOLATED)
fanout4950/X                             10     21    -11 (VIOLATED)
fanout4951/X                             10     21    -11 (VIOLATED)
fanout4952/X                             10     21    -11 (VIOLATED)
fanout4954/X                             10     21    -11 (VIOLATED)
fanout4956/X                             10     21    -11 (VIOLATED)
fanout4959/X                             10     21    -11 (VIOLATED)
fanout4960/X                             10     21    -11 (VIOLATED)
fanout4961/X                             10     21    -11 (VIOLATED)
fanout4962/X                             10     21    -11 (VIOLATED)
fanout4968/X                             10     21    -11 (VIOLATED)
fanout4974/X                             10     21    -11 (VIOLATED)
fanout4975/X                             10     21    -11 (VIOLATED)
fanout4977/X                             10     21    -11 (VIOLATED)
fanout4980/X                             10     21    -11 (VIOLATED)
fanout4982/X                             10     21    -11 (VIOLATED)
fanout4989/X                             10     21    -11 (VIOLATED)
fanout4991/X                             10     21    -11 (VIOLATED)
fanout4992/X                             10     21    -11 (VIOLATED)
fanout4993/X                             10     21    -11 (VIOLATED)
fanout4994/X                             10     21    -11 (VIOLATED)
fanout4997/X                             10     21    -11 (VIOLATED)
fanout4999/X                             10     21    -11 (VIOLATED)
fanout5001/X                             10     21    -11 (VIOLATED)
fanout5003/X                             10     21    -11 (VIOLATED)
fanout5007/X                             10     21    -11 (VIOLATED)
fanout5018/X                             10     21    -11 (VIOLATED)
fanout5020/X                             10     21    -11 (VIOLATED)
fanout5022/X                             10     21    -11 (VIOLATED)
fanout5029/X                             10     21    -11 (VIOLATED)
fanout5030/X                             10     21    -11 (VIOLATED)
fanout5031/X                             10     21    -11 (VIOLATED)
fanout5032/X                             10     21    -11 (VIOLATED)
fanout5050/X                             10     21    -11 (VIOLATED)
fanout5052/X                             10     21    -11 (VIOLATED)
fanout5056/X                             10     21    -11 (VIOLATED)
fanout5057/X                             10     21    -11 (VIOLATED)
fanout506/X                              10     21    -11 (VIOLATED)
fanout5060/X                             10     21    -11 (VIOLATED)
fanout5064/X                             10     21    -11 (VIOLATED)
fanout5065/X                             10     21    -11 (VIOLATED)
fanout508/X                              10     21    -11 (VIOLATED)
fanout5082/X                             10     21    -11 (VIOLATED)
fanout5083/X                             10     21    -11 (VIOLATED)
fanout5087/X                             10     21    -11 (VIOLATED)
fanout5088/X                             10     21    -11 (VIOLATED)
fanout5089/X                             10     21    -11 (VIOLATED)
fanout5096/X                             10     21    -11 (VIOLATED)
fanout5098/X                             10     21    -11 (VIOLATED)
fanout5099/X                             10     21    -11 (VIOLATED)
fanout5189/X                             10     21    -11 (VIOLATED)
fanout5193/X                             10     21    -11 (VIOLATED)
fanout5197/X                             10     21    -11 (VIOLATED)
fanout5198/X                             10     21    -11 (VIOLATED)
fanout5199/X                             10     21    -11 (VIOLATED)
fanout5204/X                             10     21    -11 (VIOLATED)
fanout5206/X                             10     21    -11 (VIOLATED)
fanout5207/X                             10     21    -11 (VIOLATED)
fanout5209/X                             10     21    -11 (VIOLATED)
fanout5211/X                             10     21    -11 (VIOLATED)
fanout5216/X                             10     21    -11 (VIOLATED)
fanout5217/X                             10     21    -11 (VIOLATED)
fanout5219/X                             10     21    -11 (VIOLATED)
fanout5221/X                             10     21    -11 (VIOLATED)
fanout5222/X                             10     21    -11 (VIOLATED)
fanout5223/X                             10     21    -11 (VIOLATED)
fanout5224/X                             10     21    -11 (VIOLATED)
fanout5226/X                             10     21    -11 (VIOLATED)
fanout5227/X                             10     21    -11 (VIOLATED)
fanout5230/X                             10     21    -11 (VIOLATED)
fanout5232/X                             10     21    -11 (VIOLATED)
fanout5234/X                             10     21    -11 (VIOLATED)
fanout5236/X                             10     21    -11 (VIOLATED)
fanout5237/X                             10     21    -11 (VIOLATED)
fanout5239/X                             10     21    -11 (VIOLATED)
fanout5242/X                             10     21    -11 (VIOLATED)
fanout5244/X                             10     21    -11 (VIOLATED)
fanout5245/X                             10     21    -11 (VIOLATED)
fanout5246/X                             10     21    -11 (VIOLATED)
fanout5248/X                             10     21    -11 (VIOLATED)
fanout5249/X                             10     21    -11 (VIOLATED)
fanout525/X                              10     21    -11 (VIOLATED)
fanout5252/X                             10     21    -11 (VIOLATED)
fanout5253/X                             10     21    -11 (VIOLATED)
fanout5254/X                             10     21    -11 (VIOLATED)
fanout5255/X                             10     21    -11 (VIOLATED)
fanout5257/X                             10     21    -11 (VIOLATED)
fanout5258/X                             10     21    -11 (VIOLATED)
fanout5261/X                             10     21    -11 (VIOLATED)
fanout5263/X                             10     21    -11 (VIOLATED)
fanout5265/X                             10     21    -11 (VIOLATED)
fanout5266/X                             10     21    -11 (VIOLATED)
fanout5267/X                             10     21    -11 (VIOLATED)
fanout5268/X                             10     21    -11 (VIOLATED)
fanout5277/X                             10     21    -11 (VIOLATED)
fanout5279/X                             10     21    -11 (VIOLATED)
fanout528/X                              10     21    -11 (VIOLATED)
fanout5284/X                             10     21    -11 (VIOLATED)
fanout5286/X                             10     21    -11 (VIOLATED)
fanout5288/X                             10     21    -11 (VIOLATED)
fanout5289/X                             10     21    -11 (VIOLATED)
fanout5290/X                             10     21    -11 (VIOLATED)
fanout5291/X                             10     21    -11 (VIOLATED)
fanout5293/X                             10     21    -11 (VIOLATED)
fanout5295/X                             10     21    -11 (VIOLATED)
fanout5297/X                             10     21    -11 (VIOLATED)
fanout5299/X                             10     21    -11 (VIOLATED)
fanout5302/X                             10     21    -11 (VIOLATED)
fanout5303/X                             10     21    -11 (VIOLATED)
fanout5304/X                             10     21    -11 (VIOLATED)
fanout5308/X                             10     21    -11 (VIOLATED)
fanout5311/X                             10     21    -11 (VIOLATED)
fanout5312/X                             10     21    -11 (VIOLATED)
fanout5315/X                             10     21    -11 (VIOLATED)
fanout5316/X                             10     21    -11 (VIOLATED)
fanout5319/X                             10     21    -11 (VIOLATED)
fanout5320/X                             10     21    -11 (VIOLATED)
fanout5321/X                             10     21    -11 (VIOLATED)
fanout5324/X                             10     21    -11 (VIOLATED)
fanout5325/X                             10     21    -11 (VIOLATED)
fanout5327/X                             10     21    -11 (VIOLATED)
fanout5328/X                             10     21    -11 (VIOLATED)
fanout5330/X                             10     21    -11 (VIOLATED)
fanout5336/X                             10     21    -11 (VIOLATED)
fanout5338/X                             10     21    -11 (VIOLATED)
fanout5341/X                             10     21    -11 (VIOLATED)
fanout5342/X                             10     21    -11 (VIOLATED)
fanout5351/X                             10     21    -11 (VIOLATED)
fanout5353/X                             10     21    -11 (VIOLATED)
fanout5354/X                             10     21    -11 (VIOLATED)
fanout5356/X                             10     21    -11 (VIOLATED)
fanout5358/X                             10     21    -11 (VIOLATED)
fanout5360/X                             10     21    -11 (VIOLATED)
fanout5361/X                             10     21    -11 (VIOLATED)
fanout5364/X                             10     21    -11 (VIOLATED)
fanout5367/X                             10     21    -11 (VIOLATED)
fanout5368/X                             10     21    -11 (VIOLATED)
fanout5371/X                             10     21    -11 (VIOLATED)
fanout5372/X                             10     21    -11 (VIOLATED)
fanout5373/X                             10     21    -11 (VIOLATED)
fanout5374/X                             10     21    -11 (VIOLATED)
fanout5375/X                             10     21    -11 (VIOLATED)
fanout5377/X                             10     21    -11 (VIOLATED)
fanout5378/X                             10     21    -11 (VIOLATED)
fanout5381/X                             10     21    -11 (VIOLATED)
fanout5382/X                             10     21    -11 (VIOLATED)
fanout5384/X                             10     21    -11 (VIOLATED)
fanout5385/X                             10     21    -11 (VIOLATED)
fanout5387/X                             10     21    -11 (VIOLATED)
fanout5388/X                             10     21    -11 (VIOLATED)
fanout5389/X                             10     21    -11 (VIOLATED)
fanout5397/X                             10     21    -11 (VIOLATED)
fanout5400/X                             10     21    -11 (VIOLATED)
fanout5402/X                             10     21    -11 (VIOLATED)
fanout5403/X                             10     21    -11 (VIOLATED)
fanout5404/X                             10     21    -11 (VIOLATED)
fanout5408/X                             10     21    -11 (VIOLATED)
fanout5414/X                             10     21    -11 (VIOLATED)
fanout5416/X                             10     21    -11 (VIOLATED)
fanout5418/X                             10     21    -11 (VIOLATED)
fanout5420/X                             10     21    -11 (VIOLATED)
fanout5423/X                             10     21    -11 (VIOLATED)
fanout5425/X                             10     21    -11 (VIOLATED)
fanout5427/X                             10     21    -11 (VIOLATED)
fanout5428/X                             10     21    -11 (VIOLATED)
fanout5429/X                             10     21    -11 (VIOLATED)
fanout5432/X                             10     21    -11 (VIOLATED)
fanout5434/X                             10     21    -11 (VIOLATED)
fanout5435/X                             10     21    -11 (VIOLATED)
fanout5438/X                             10     21    -11 (VIOLATED)
fanout5439/X                             10     21    -11 (VIOLATED)
fanout5441/X                             10     21    -11 (VIOLATED)
fanout5443/X                             10     21    -11 (VIOLATED)
fanout5447/X                             10     21    -11 (VIOLATED)
fanout5448/X                             10     21    -11 (VIOLATED)
fanout5449/X                             10     21    -11 (VIOLATED)
fanout5450/X                             10     21    -11 (VIOLATED)
fanout5459/X                             10     21    -11 (VIOLATED)
fanout5461/X                             10     21    -11 (VIOLATED)
fanout5463/X                             10     21    -11 (VIOLATED)
fanout5467/X                             10     21    -11 (VIOLATED)
fanout5470/X                             10     21    -11 (VIOLATED)
fanout5471/X                             10     21    -11 (VIOLATED)
fanout5473/X                             10     21    -11 (VIOLATED)
fanout5474/X                             10     21    -11 (VIOLATED)
fanout5477/X                             10     21    -11 (VIOLATED)
fanout5478/X                             10     21    -11 (VIOLATED)
fanout5480/X                             10     21    -11 (VIOLATED)
fanout5481/X                             10     21    -11 (VIOLATED)
fanout5484/X                             10     21    -11 (VIOLATED)
fanout5485/X                             10     21    -11 (VIOLATED)
fanout5486/X                             10     21    -11 (VIOLATED)
fanout5505/X                             10     21    -11 (VIOLATED)
fanout5509/X                             10     21    -11 (VIOLATED)
fanout5510/X                             10     21    -11 (VIOLATED)
fanout5513/X                             10     21    -11 (VIOLATED)
fanout5514/X                             10     21    -11 (VIOLATED)
fanout5520/X                             10     21    -11 (VIOLATED)
fanout5533/X                             10     21    -11 (VIOLATED)
fanout5534/X                             10     21    -11 (VIOLATED)
fanout5537/X                             10     21    -11 (VIOLATED)
fanout5540/X                             10     21    -11 (VIOLATED)
fanout5541/X                             10     21    -11 (VIOLATED)
fanout5542/X                             10     21    -11 (VIOLATED)
fanout555/X                              10     21    -11 (VIOLATED)
fanout557/X                              10     21    -11 (VIOLATED)
fanout5580/X                             10     21    -11 (VIOLATED)
fanout5581/X                             10     21    -11 (VIOLATED)
fanout5582/X                             10     21    -11 (VIOLATED)
fanout5583/X                             10     21    -11 (VIOLATED)
fanout5585/X                             10     21    -11 (VIOLATED)
fanout5586/X                             10     21    -11 (VIOLATED)
fanout5587/X                             10     21    -11 (VIOLATED)
fanout5590/X                             10     21    -11 (VIOLATED)
fanout5591/X                             10     21    -11 (VIOLATED)
fanout5592/X                             10     21    -11 (VIOLATED)
fanout5593/X                             10     21    -11 (VIOLATED)
fanout5594/X                             10     21    -11 (VIOLATED)
fanout5595/X                             10     21    -11 (VIOLATED)
fanout5597/X                             10     21    -11 (VIOLATED)
fanout5600/X                             10     21    -11 (VIOLATED)
fanout5603/X                             10     21    -11 (VIOLATED)
fanout5604/X                             10     21    -11 (VIOLATED)
fanout5606/X                             10     21    -11 (VIOLATED)
fanout5607/X                             10     21    -11 (VIOLATED)
fanout5615/X                             10     21    -11 (VIOLATED)
fanout5616/X                             10     21    -11 (VIOLATED)
fanout5618/X                             10     21    -11 (VIOLATED)
fanout5619/X                             10     21    -11 (VIOLATED)
fanout5620/X                             10     21    -11 (VIOLATED)
fanout5621/X                             10     21    -11 (VIOLATED)
fanout5623/X                             10     21    -11 (VIOLATED)
fanout5625/X                             10     21    -11 (VIOLATED)
fanout5626/X                             10     21    -11 (VIOLATED)
fanout5628/X                             10     21    -11 (VIOLATED)
fanout5629/X                             10     21    -11 (VIOLATED)
fanout5630/X                             10     21    -11 (VIOLATED)
fanout5639/X                             10     21    -11 (VIOLATED)
fanout5649/X                             10     21    -11 (VIOLATED)
fanout5667/X                             10     21    -11 (VIOLATED)
fanout5670/X                             10     21    -11 (VIOLATED)
fanout5697/X                             10     21    -11 (VIOLATED)
fanout5699/X                             10     21    -11 (VIOLATED)
fanout570/X                              10     21    -11 (VIOLATED)
fanout5700/X                             10     21    -11 (VIOLATED)
fanout572/X                              10     21    -11 (VIOLATED)
fanout5720/X                             10     21    -11 (VIOLATED)
fanout5722/X                             10     21    -11 (VIOLATED)
fanout5727/X                             10     21    -11 (VIOLATED)
fanout5731/X                             10     21    -11 (VIOLATED)
fanout5850/X                             10     21    -11 (VIOLATED)
fanout5852/X                             10     21    -11 (VIOLATED)
fanout5853/X                             10     21    -11 (VIOLATED)
fanout5854/X                             10     21    -11 (VIOLATED)
fanout5855/X                             10     21    -11 (VIOLATED)
fanout5856/X                             10     21    -11 (VIOLATED)
fanout5857/X                             10     21    -11 (VIOLATED)
fanout5858/X                             10     21    -11 (VIOLATED)
fanout5859/X                             10     21    -11 (VIOLATED)
fanout586/X                              10     21    -11 (VIOLATED)
fanout5860/X                             10     21    -11 (VIOLATED)
fanout5861/X                             10     21    -11 (VIOLATED)
fanout5862/X                             10     21    -11 (VIOLATED)
fanout5867/X                             10     21    -11 (VIOLATED)
fanout587/X                              10     21    -11 (VIOLATED)
fanout5871/X                             10     21    -11 (VIOLATED)
fanout5873/X                             10     21    -11 (VIOLATED)
fanout5875/X                             10     21    -11 (VIOLATED)
fanout5880/X                             10     21    -11 (VIOLATED)
fanout5881/X                             10     21    -11 (VIOLATED)
fanout5886/X                             10     21    -11 (VIOLATED)
fanout5889/X                             10     21    -11 (VIOLATED)
fanout5892/X                             10     21    -11 (VIOLATED)
fanout5895/X                             10     21    -11 (VIOLATED)
fanout5898/X                             10     21    -11 (VIOLATED)
fanout5900/X                             10     21    -11 (VIOLATED)
fanout5902/X                             10     21    -11 (VIOLATED)
fanout5905/X                             10     21    -11 (VIOLATED)
fanout5906/X                             10     21    -11 (VIOLATED)
fanout5908/X                             10     21    -11 (VIOLATED)
fanout5909/X                             10     21    -11 (VIOLATED)
fanout591/X                              10     21    -11 (VIOLATED)
fanout5911/X                             10     21    -11 (VIOLATED)
fanout5915/X                             10     21    -11 (VIOLATED)
fanout5918/X                             10     21    -11 (VIOLATED)
fanout5921/X                             10     21    -11 (VIOLATED)
fanout593/X                              10     21    -11 (VIOLATED)
fanout5931/X                             10     21    -11 (VIOLATED)
fanout5933/X                             10     21    -11 (VIOLATED)
fanout5936/X                             10     21    -11 (VIOLATED)
fanout5938/X                             10     21    -11 (VIOLATED)
fanout5940/X                             10     21    -11 (VIOLATED)
fanout5950/X                             10     21    -11 (VIOLATED)
fanout5953/X                             10     21    -11 (VIOLATED)
fanout5956/X                             10     21    -11 (VIOLATED)
fanout5959/X                             10     21    -11 (VIOLATED)
fanout5962/X                             10     21    -11 (VIOLATED)
fanout5964/X                             10     21    -11 (VIOLATED)
fanout5965/X                             10     21    -11 (VIOLATED)
fanout5968/X                             10     21    -11 (VIOLATED)
fanout5972/X                             10     21    -11 (VIOLATED)
fanout5974/X                             10     21    -11 (VIOLATED)
fanout5977/X                             10     21    -11 (VIOLATED)
fanout5980/X                             10     21    -11 (VIOLATED)
fanout5984/X                             10     21    -11 (VIOLATED)
fanout5987/X                             10     21    -11 (VIOLATED)
fanout5991/X                             10     21    -11 (VIOLATED)
fanout5993/X                             10     21    -11 (VIOLATED)
fanout5995/X                             10     21    -11 (VIOLATED)
fanout5997/X                             10     21    -11 (VIOLATED)
fanout6000/X                             10     21    -11 (VIOLATED)
fanout6003/X                             10     21    -11 (VIOLATED)
fanout6005/X                             10     21    -11 (VIOLATED)
fanout6006/X                             10     21    -11 (VIOLATED)
fanout6008/X                             10     21    -11 (VIOLATED)
fanout601/X                              10     21    -11 (VIOLATED)
fanout6012/X                             10     21    -11 (VIOLATED)
fanout6014/X                             10     21    -11 (VIOLATED)
fanout6016/X                             10     21    -11 (VIOLATED)
fanout6018/X                             10     21    -11 (VIOLATED)
fanout6021/X                             10     21    -11 (VIOLATED)
fanout6024/X                             10     21    -11 (VIOLATED)
fanout6026/X                             10     21    -11 (VIOLATED)
fanout6027/X                             10     21    -11 (VIOLATED)
fanout6029/X                             10     21    -11 (VIOLATED)
fanout6030/X                             10     21    -11 (VIOLATED)
fanout6032/X                             10     21    -11 (VIOLATED)
fanout6033/X                             10     21    -11 (VIOLATED)
fanout6034/X                             10     21    -11 (VIOLATED)
fanout6037/X                             10     21    -11 (VIOLATED)
fanout604/X                              10     21    -11 (VIOLATED)
fanout6040/X                             10     21    -11 (VIOLATED)
fanout6043/X                             10     21    -11 (VIOLATED)
fanout6045/X                             10     21    -11 (VIOLATED)
fanout6048/X                             10     21    -11 (VIOLATED)
fanout6050/X                             10     21    -11 (VIOLATED)
fanout6053/X                             10     21    -11 (VIOLATED)
fanout6056/X                             10     21    -11 (VIOLATED)
fanout6058/X                             10     21    -11 (VIOLATED)
fanout6061/X                             10     21    -11 (VIOLATED)
fanout6066/X                             10     21    -11 (VIOLATED)
fanout6069/X                             10     21    -11 (VIOLATED)
fanout6072/X                             10     21    -11 (VIOLATED)
fanout6075/X                             10     21    -11 (VIOLATED)
fanout6076/X                             10     21    -11 (VIOLATED)
fanout6078/X                             10     21    -11 (VIOLATED)
fanout6080/X                             10     21    -11 (VIOLATED)
fanout6084/X                             10     21    -11 (VIOLATED)
fanout6087/X                             10     21    -11 (VIOLATED)
fanout6090/X                             10     21    -11 (VIOLATED)
fanout6093/X                             10     21    -11 (VIOLATED)
fanout6096/X                             10     21    -11 (VIOLATED)
fanout6101/X                             10     21    -11 (VIOLATED)
fanout6103/X                             10     21    -11 (VIOLATED)
fanout6116/X                             10     21    -11 (VIOLATED)
fanout6117/X                             10     21    -11 (VIOLATED)
fanout6119/X                             10     21    -11 (VIOLATED)
fanout6123/X                             10     21    -11 (VIOLATED)
fanout6125/X                             10     21    -11 (VIOLATED)
fanout6127/X                             10     21    -11 (VIOLATED)
fanout6129/X                             10     21    -11 (VIOLATED)
fanout6131/X                             10     21    -11 (VIOLATED)
fanout6132/X                             10     21    -11 (VIOLATED)
fanout6134/X                             10     21    -11 (VIOLATED)
fanout6136/X                             10     21    -11 (VIOLATED)
fanout614/X                              10     21    -11 (VIOLATED)
fanout6141/X                             10     21    -11 (VIOLATED)
fanout6144/X                             10     21    -11 (VIOLATED)
fanout6147/X                             10     21    -11 (VIOLATED)
fanout6148/X                             10     21    -11 (VIOLATED)
fanout6151/X                             10     21    -11 (VIOLATED)
fanout6153/X                             10     21    -11 (VIOLATED)
fanout6155/X                             10     21    -11 (VIOLATED)
fanout6157/X                             10     21    -11 (VIOLATED)
fanout6158/X                             10     21    -11 (VIOLATED)
fanout616/X                              10     21    -11 (VIOLATED)
fanout6163/X                             10     21    -11 (VIOLATED)
fanout6166/X                             10     21    -11 (VIOLATED)
fanout6169/X                             10     21    -11 (VIOLATED)
fanout6170/X                             10     21    -11 (VIOLATED)
fanout6172/X                             10     21    -11 (VIOLATED)
fanout6175/X                             10     21    -11 (VIOLATED)
fanout6178/X                             10     21    -11 (VIOLATED)
fanout6181/X                             10     21    -11 (VIOLATED)
fanout6184/X                             10     21    -11 (VIOLATED)
fanout621/X                              10     21    -11 (VIOLATED)
fanout623/X                              10     21    -11 (VIOLATED)
fanout627/X                              10     21    -11 (VIOLATED)
fanout637/X                              10     21    -11 (VIOLATED)
fanout639/X                              10     21    -11 (VIOLATED)
fanout645/X                              10     21    -11 (VIOLATED)
fanout647/X                              10     21    -11 (VIOLATED)
fanout650/X                              10     21    -11 (VIOLATED)
fanout651/X                              10     21    -11 (VIOLATED)
fanout652/X                              10     21    -11 (VIOLATED)
fanout654/X                              10     21    -11 (VIOLATED)
fanout656/X                              10     21    -11 (VIOLATED)
fanout657/X                              10     21    -11 (VIOLATED)
fanout686/X                              10     21    -11 (VIOLATED)
fanout688/X                              10     21    -11 (VIOLATED)
fanout695/X                              10     21    -11 (VIOLATED)
fanout697/X                              10     21    -11 (VIOLATED)
fanout706/X                              10     21    -11 (VIOLATED)
fanout708/X                              10     21    -11 (VIOLATED)
fanout725/X                              10     21    -11 (VIOLATED)
fanout727/X                              10     21    -11 (VIOLATED)
fanout731/X                              10     21    -11 (VIOLATED)
fanout733/X                              10     21    -11 (VIOLATED)
fanout739/X                              10     21    -11 (VIOLATED)
fanout741/X                              10     21    -11 (VIOLATED)
fanout742/X                              10     21    -11 (VIOLATED)
fanout745/X                              10     21    -11 (VIOLATED)
fanout748/X                              10     21    -11 (VIOLATED)
fanout757/X                              10     21    -11 (VIOLATED)
fanout7655/X                             10     21    -11 (VIOLATED)
fanout7658/X                             10     21    -11 (VIOLATED)
fanout7660/X                             10     21    -11 (VIOLATED)
fanout7663/X                             10     21    -11 (VIOLATED)
fanout7665/X                             10     21    -11 (VIOLATED)
fanout7668/X                             10     21    -11 (VIOLATED)
fanout7670/X                             10     21    -11 (VIOLATED)
fanout7675/X                             10     21    -11 (VIOLATED)
fanout7678/X                             10     21    -11 (VIOLATED)
fanout768/X                              10     21    -11 (VIOLATED)
fanout7699/X                             10     21    -11 (VIOLATED)
fanout770/X                              10     21    -11 (VIOLATED)
fanout7703/X                             10     21    -11 (VIOLATED)
fanout7705/X                             10     21    -11 (VIOLATED)
fanout7709/X                             10     21    -11 (VIOLATED)
fanout7710/X                             10     21    -11 (VIOLATED)
fanout7714/X                             10     21    -11 (VIOLATED)
fanout7726/X                             10     21    -11 (VIOLATED)
fanout7736/X                             10     21    -11 (VIOLATED)
fanout7738/X                             10     21    -11 (VIOLATED)
fanout7741/X                             10     21    -11 (VIOLATED)
fanout7745/X                             10     21    -11 (VIOLATED)
fanout7747/X                             10     21    -11 (VIOLATED)
fanout7748/X                             10     21    -11 (VIOLATED)
fanout7761/X                             10     21    -11 (VIOLATED)
fanout7764/X                             10     21    -11 (VIOLATED)
fanout7768/X                             10     21    -11 (VIOLATED)
fanout7769/X                             10     21    -11 (VIOLATED)
fanout777/X                              10     21    -11 (VIOLATED)
fanout7789/X                             10     21    -11 (VIOLATED)
fanout779/X                              10     21    -11 (VIOLATED)
fanout7802/X                             10     21    -11 (VIOLATED)
fanout7807/X                             10     21    -11 (VIOLATED)
fanout7808/X                             10     21    -11 (VIOLATED)
fanout7822/X                             10     21    -11 (VIOLATED)
fanout7828/X                             10     21    -11 (VIOLATED)
fanout7835/X                             10     21    -11 (VIOLATED)
fanout7836/X                             10     21    -11 (VIOLATED)
fanout787/X                              10     21    -11 (VIOLATED)
fanout7872/X                             10     21    -11 (VIOLATED)
fanout7874/X                             10     21    -11 (VIOLATED)
fanout7875/X                             10     21    -11 (VIOLATED)
fanout7877/X                             10     21    -11 (VIOLATED)
fanout7882/X                             10     21    -11 (VIOLATED)
fanout7883/X                             10     21    -11 (VIOLATED)
fanout789/X                              10     21    -11 (VIOLATED)
fanout7893/X                             10     21    -11 (VIOLATED)
fanout7895/X                             10     21    -11 (VIOLATED)
fanout7897/X                             10     21    -11 (VIOLATED)
fanout7907/X                             10     21    -11 (VIOLATED)
fanout7909/X                             10     21    -11 (VIOLATED)
fanout7910/X                             10     21    -11 (VIOLATED)
fanout7912/X                             10     21    -11 (VIOLATED)
fanout7914/X                             10     21    -11 (VIOLATED)
fanout7916/X                             10     21    -11 (VIOLATED)
fanout7918/X                             10     21    -11 (VIOLATED)
fanout7921/X                             10     21    -11 (VIOLATED)
fanout7923/X                             10     21    -11 (VIOLATED)
fanout7924/X                             10     21    -11 (VIOLATED)
fanout7925/X                             10     21    -11 (VIOLATED)
fanout7928/X                             10     21    -11 (VIOLATED)
fanout7932/X                             10     21    -11 (VIOLATED)
fanout7933/X                             10     21    -11 (VIOLATED)
fanout7939/X                             10     21    -11 (VIOLATED)
fanout7941/X                             10     21    -11 (VIOLATED)
fanout7944/X                             10     21    -11 (VIOLATED)
fanout7946/X                             10     21    -11 (VIOLATED)
fanout7948/X                             10     21    -11 (VIOLATED)
fanout795/X                              10     21    -11 (VIOLATED)
fanout7950/X                             10     21    -11 (VIOLATED)
fanout7952/X                             10     21    -11 (VIOLATED)
fanout7955/X                             10     21    -11 (VIOLATED)
fanout7958/X                             10     21    -11 (VIOLATED)
fanout796/X                              10     21    -11 (VIOLATED)
fanout7960/X                             10     21    -11 (VIOLATED)
fanout7964/X                             10     21    -11 (VIOLATED)
fanout7968/X                             10     21    -11 (VIOLATED)
fanout7970/X                             10     21    -11 (VIOLATED)
fanout7976/X                             10     21    -11 (VIOLATED)
fanout7978/X                             10     21    -11 (VIOLATED)
fanout798/X                              10     21    -11 (VIOLATED)
fanout7981/X                             10     21    -11 (VIOLATED)
fanout7985/X                             10     21    -11 (VIOLATED)
fanout7988/X                             10     21    -11 (VIOLATED)
fanout7991/X                             10     21    -11 (VIOLATED)
fanout7993/X                             10     21    -11 (VIOLATED)
fanout7994/X                             10     21    -11 (VIOLATED)
fanout7998/X                             10     21    -11 (VIOLATED)
fanout800/X                              10     21    -11 (VIOLATED)
fanout8001/X                             10     21    -11 (VIOLATED)
fanout8003/X                             10     21    -11 (VIOLATED)
fanout8005/X                             10     21    -11 (VIOLATED)
fanout8014/X                             10     21    -11 (VIOLATED)
fanout8016/X                             10     21    -11 (VIOLATED)
fanout802/X                              10     21    -11 (VIOLATED)
fanout8020/X                             10     21    -11 (VIOLATED)
fanout8024/X                             10     21    -11 (VIOLATED)
fanout8027/X                             10     21    -11 (VIOLATED)
fanout8031/X                             10     21    -11 (VIOLATED)
fanout8032/X                             10     21    -11 (VIOLATED)
fanout8035/X                             10     21    -11 (VIOLATED)
fanout8040/X                             10     21    -11 (VIOLATED)
fanout8042/X                             10     21    -11 (VIOLATED)
fanout8046/X                             10     21    -11 (VIOLATED)
fanout8049/X                             10     21    -11 (VIOLATED)
fanout8051/X                             10     21    -11 (VIOLATED)
fanout8053/X                             10     21    -11 (VIOLATED)
fanout8056/X                             10     21    -11 (VIOLATED)
fanout8061/X                             10     21    -11 (VIOLATED)
fanout8064/X                             10     21    -11 (VIOLATED)
fanout8068/X                             10     21    -11 (VIOLATED)
fanout8071/X                             10     21    -11 (VIOLATED)
fanout8075/X                             10     21    -11 (VIOLATED)
fanout8079/X                             10     21    -11 (VIOLATED)
fanout8080/X                             10     21    -11 (VIOLATED)
fanout8083/X                             10     21    -11 (VIOLATED)
fanout8086/X                             10     21    -11 (VIOLATED)
fanout8088/X                             10     21    -11 (VIOLATED)
fanout8090/X                             10     21    -11 (VIOLATED)
fanout8091/X                             10     21    -11 (VIOLATED)
fanout8092/X                             10     21    -11 (VIOLATED)
fanout8094/X                             10     21    -11 (VIOLATED)
fanout8095/X                             10     21    -11 (VIOLATED)
fanout8096/X                             10     21    -11 (VIOLATED)
fanout8098/X                             10     21    -11 (VIOLATED)
fanout810/X                              10     21    -11 (VIOLATED)
fanout8100/X                             10     21    -11 (VIOLATED)
fanout8102/X                             10     21    -11 (VIOLATED)
fanout8104/X                             10     21    -11 (VIOLATED)
fanout8105/X                             10     21    -11 (VIOLATED)
fanout8108/X                             10     21    -11 (VIOLATED)
fanout8111/X                             10     21    -11 (VIOLATED)
fanout8114/X                             10     21    -11 (VIOLATED)
fanout8118/X                             10     21    -11 (VIOLATED)
fanout8123/X                             10     21    -11 (VIOLATED)
fanout8132/X                             10     21    -11 (VIOLATED)
fanout8136/X                             10     21    -11 (VIOLATED)
fanout8139/X                             10     21    -11 (VIOLATED)
fanout8143/X                             10     21    -11 (VIOLATED)
fanout8147/X                             10     21    -11 (VIOLATED)
fanout8167/X                             10     21    -11 (VIOLATED)
fanout8172/X                             10     21    -11 (VIOLATED)
fanout8173/X                             10     21    -11 (VIOLATED)
fanout8176/X                             10     21    -11 (VIOLATED)
fanout8179/X                             10     21    -11 (VIOLATED)
fanout8182/X                             10     21    -11 (VIOLATED)
fanout8185/X                             10     21    -11 (VIOLATED)
fanout8186/X                             10     21    -11 (VIOLATED)
fanout8187/X                             10     21    -11 (VIOLATED)
fanout8190/X                             10     21    -11 (VIOLATED)
fanout8194/X                             10     21    -11 (VIOLATED)
fanout8197/X                             10     21    -11 (VIOLATED)
fanout8200/X                             10     21    -11 (VIOLATED)
fanout8205/X                             10     21    -11 (VIOLATED)
fanout8209/X                             10     21    -11 (VIOLATED)
fanout8212/X                             10     21    -11 (VIOLATED)
fanout8219/X                             10     21    -11 (VIOLATED)
fanout8231/X                             10     21    -11 (VIOLATED)
fanout8233/X                             10     21    -11 (VIOLATED)
fanout8235/X                             10     21    -11 (VIOLATED)
fanout8237/X                             10     21    -11 (VIOLATED)
fanout8239/X                             10     21    -11 (VIOLATED)
fanout8241/X                             10     21    -11 (VIOLATED)
fanout8243/X                             10     21    -11 (VIOLATED)
fanout8245/X                             10     21    -11 (VIOLATED)
fanout8247/X                             10     21    -11 (VIOLATED)
fanout8249/X                             10     21    -11 (VIOLATED)
fanout8252/X                             10     21    -11 (VIOLATED)
fanout8254/X                             10     21    -11 (VIOLATED)
fanout8255/X                             10     21    -11 (VIOLATED)
fanout8257/X                             10     21    -11 (VIOLATED)
fanout8258/X                             10     21    -11 (VIOLATED)
fanout8263/X                             10     21    -11 (VIOLATED)
fanout8274/X                             10     21    -11 (VIOLATED)
fanout8275/X                             10     21    -11 (VIOLATED)
fanout8276/X                             10     21    -11 (VIOLATED)
fanout8279/X                             10     21    -11 (VIOLATED)
fanout8281/X                             10     21    -11 (VIOLATED)
fanout8283/X                             10     21    -11 (VIOLATED)
fanout8286/X                             10     21    -11 (VIOLATED)
fanout8289/X                             10     21    -11 (VIOLATED)
fanout8290/X                             10     21    -11 (VIOLATED)
fanout8292/X                             10     21    -11 (VIOLATED)
fanout8294/X                             10     21    -11 (VIOLATED)
fanout8297/X                             10     21    -11 (VIOLATED)
fanout8299/X                             10     21    -11 (VIOLATED)
fanout8301/X                             10     21    -11 (VIOLATED)
fanout8303/X                             10     21    -11 (VIOLATED)
fanout8305/X                             10     21    -11 (VIOLATED)
fanout8306/X                             10     21    -11 (VIOLATED)
fanout8307/X                             10     21    -11 (VIOLATED)
fanout8322/X                             10     21    -11 (VIOLATED)
fanout8323/X                             10     21    -11 (VIOLATED)
fanout8326/X                             10     21    -11 (VIOLATED)
fanout8329/X                             10     21    -11 (VIOLATED)
fanout8331/X                             10     21    -11 (VIOLATED)
fanout8334/X                             10     21    -11 (VIOLATED)
fanout8336/X                             10     21    -11 (VIOLATED)
fanout8342/X                             10     21    -11 (VIOLATED)
fanout8345/X                             10     21    -11 (VIOLATED)
fanout8349/X                             10     21    -11 (VIOLATED)
fanout8353/X                             10     21    -11 (VIOLATED)
fanout8356/X                             10     21    -11 (VIOLATED)
fanout8360/X                             10     21    -11 (VIOLATED)
fanout8364/X                             10     21    -11 (VIOLATED)
fanout8386/X                             10     21    -11 (VIOLATED)
fanout8389/X                             10     21    -11 (VIOLATED)
fanout8392/X                             10     21    -11 (VIOLATED)
fanout8395/X                             10     21    -11 (VIOLATED)
fanout8399/X                             10     21    -11 (VIOLATED)
fanout840/X                              10     21    -11 (VIOLATED)
fanout8402/X                             10     21    -11 (VIOLATED)
fanout8403/X                             10     21    -11 (VIOLATED)
fanout8405/X                             10     21    -11 (VIOLATED)
fanout8406/X                             10     21    -11 (VIOLATED)
fanout8409/X                             10     21    -11 (VIOLATED)
fanout8413/X                             10     21    -11 (VIOLATED)
fanout8415/X                             10     21    -11 (VIOLATED)
fanout8417/X                             10     21    -11 (VIOLATED)
fanout8419/X                             10     21    -11 (VIOLATED)
fanout842/X                              10     21    -11 (VIOLATED)
fanout8424/X                             10     21    -11 (VIOLATED)
fanout8427/X                             10     21    -11 (VIOLATED)
fanout8447/X                             10     21    -11 (VIOLATED)
fanout8451/X                             10     21    -11 (VIOLATED)
fanout8458/X                             10     21    -11 (VIOLATED)
fanout8461/X                             10     21    -11 (VIOLATED)
fanout8463/X                             10     21    -11 (VIOLATED)
fanout8467/X                             10     21    -11 (VIOLATED)
fanout8469/X                             10     21    -11 (VIOLATED)
fanout8471/X                             10     21    -11 (VIOLATED)
fanout8473/X                             10     21    -11 (VIOLATED)
fanout8478/X                             10     21    -11 (VIOLATED)
fanout8483/X                             10     21    -11 (VIOLATED)
fanout8487/X                             10     21    -11 (VIOLATED)
fanout8493/X                             10     21    -11 (VIOLATED)
fanout8505/X                             10     21    -11 (VIOLATED)
fanout8507/X                             10     21    -11 (VIOLATED)
fanout8509/X                             10     21    -11 (VIOLATED)
fanout8510/X                             10     21    -11 (VIOLATED)
fanout8511/X                             10     21    -11 (VIOLATED)
fanout8513/X                             10     21    -11 (VIOLATED)
fanout8514/X                             10     21    -11 (VIOLATED)
fanout8515/X                             10     21    -11 (VIOLATED)
fanout8517/X                             10     21    -11 (VIOLATED)
fanout8520/X                             10     21    -11 (VIOLATED)
fanout8523/X                             10     21    -11 (VIOLATED)
fanout8525/X                             10     21    -11 (VIOLATED)
fanout8526/X                             10     21    -11 (VIOLATED)
fanout8527/X                             10     21    -11 (VIOLATED)
fanout8529/X                             10     21    -11 (VIOLATED)
fanout853/X                              10     21    -11 (VIOLATED)
fanout8530/X                             10     21    -11 (VIOLATED)
fanout8531/X                             10     21    -11 (VIOLATED)
fanout8533/X                             10     21    -11 (VIOLATED)
fanout8535/X                             10     21    -11 (VIOLATED)
fanout8536/X                             10     21    -11 (VIOLATED)
fanout8537/X                             10     21    -11 (VIOLATED)
fanout8538/X                             10     21    -11 (VIOLATED)
fanout8541/X                             10     21    -11 (VIOLATED)
fanout8543/X                             10     21    -11 (VIOLATED)
fanout8544/X                             10     21    -11 (VIOLATED)
fanout8547/X                             10     21    -11 (VIOLATED)
fanout8549/X                             10     21    -11 (VIOLATED)
fanout855/X                              10     21    -11 (VIOLATED)
fanout8550/X                             10     21    -11 (VIOLATED)
fanout8552/X                             10     21    -11 (VIOLATED)
fanout8553/X                             10     21    -11 (VIOLATED)
fanout8555/X                             10     21    -11 (VIOLATED)
fanout8557/X                             10     21    -11 (VIOLATED)
fanout8572/X                             10     21    -11 (VIOLATED)
fanout8575/X                             10     21    -11 (VIOLATED)
fanout8577/X                             10     21    -11 (VIOLATED)
fanout8584/X                             10     21    -11 (VIOLATED)
fanout8589/X                             10     21    -11 (VIOLATED)
fanout8591/X                             10     21    -11 (VIOLATED)
fanout8594/X                             10     21    -11 (VIOLATED)
fanout8596/X                             10     21    -11 (VIOLATED)
fanout8599/X                             10     21    -11 (VIOLATED)
fanout860/X                              10     21    -11 (VIOLATED)
fanout8602/X                             10     21    -11 (VIOLATED)
fanout8606/X                             10     21    -11 (VIOLATED)
fanout8609/X                             10     21    -11 (VIOLATED)
fanout8615/X                             10     21    -11 (VIOLATED)
fanout8616/X                             10     21    -11 (VIOLATED)
fanout8619/X                             10     21    -11 (VIOLATED)
fanout862/X                              10     21    -11 (VIOLATED)
fanout8620/X                             10     21    -11 (VIOLATED)
fanout8623/X                             10     21    -11 (VIOLATED)
fanout8624/X                             10     21    -11 (VIOLATED)
fanout8628/X                             10     21    -11 (VIOLATED)
fanout8629/X                             10     21    -11 (VIOLATED)
fanout8632/X                             10     21    -11 (VIOLATED)
fanout8636/X                             10     21    -11 (VIOLATED)
fanout8642/X                             10     21    -11 (VIOLATED)
fanout8646/X                             10     21    -11 (VIOLATED)
fanout8648/X                             10     21    -11 (VIOLATED)
fanout8650/X                             10     21    -11 (VIOLATED)
fanout8651/X                             10     21    -11 (VIOLATED)
fanout8655/X                             10     21    -11 (VIOLATED)
fanout8658/X                             10     21    -11 (VIOLATED)
fanout8659/X                             10     21    -11 (VIOLATED)
fanout8662/X                             10     21    -11 (VIOLATED)
fanout8670/X                             10     21    -11 (VIOLATED)
fanout8676/X                             10     21    -11 (VIOLATED)
fanout868/X                              10     21    -11 (VIOLATED)
fanout8682/X                             10     21    -11 (VIOLATED)
fanout8684/X                             10     21    -11 (VIOLATED)
fanout8692/X                             10     21    -11 (VIOLATED)
fanout8696/X                             10     21    -11 (VIOLATED)
fanout8698/X                             10     21    -11 (VIOLATED)
fanout870/X                              10     21    -11 (VIOLATED)
fanout8701/X                             10     21    -11 (VIOLATED)
fanout8704/X                             10     21    -11 (VIOLATED)
fanout8707/X                             10     21    -11 (VIOLATED)
fanout8736/X                             10     21    -11 (VIOLATED)
fanout8738/X                             10     21    -11 (VIOLATED)
fanout8742/X                             10     21    -11 (VIOLATED)
fanout8744/X                             10     21    -11 (VIOLATED)
fanout8745/X                             10     21    -11 (VIOLATED)
fanout8746/X                             10     21    -11 (VIOLATED)
fanout8751/X                             10     21    -11 (VIOLATED)
fanout8757/X                             10     21    -11 (VIOLATED)
fanout876/X                              10     21    -11 (VIOLATED)
fanout8760/X                             10     21    -11 (VIOLATED)
fanout8767/X                             10     21    -11 (VIOLATED)
fanout8768/X                             10     21    -11 (VIOLATED)
fanout8770/X                             10     21    -11 (VIOLATED)
fanout8771/X                             10     21    -11 (VIOLATED)
fanout8772/X                             10     21    -11 (VIOLATED)
fanout8774/X                             10     21    -11 (VIOLATED)
fanout8775/X                             10     21    -11 (VIOLATED)
fanout8776/X                             10     21    -11 (VIOLATED)
fanout8777/X                             10     21    -11 (VIOLATED)
fanout8779/X                             10     21    -11 (VIOLATED)
fanout878/X                              10     21    -11 (VIOLATED)
fanout8781/X                             10     21    -11 (VIOLATED)
fanout8783/X                             10     21    -11 (VIOLATED)
fanout8786/X                             10     21    -11 (VIOLATED)
fanout8797/X                             10     21    -11 (VIOLATED)
fanout8799/X                             10     21    -11 (VIOLATED)
fanout8801/X                             10     21    -11 (VIOLATED)
fanout8802/X                             10     21    -11 (VIOLATED)
fanout8803/X                             10     21    -11 (VIOLATED)
fanout8804/X                             10     21    -11 (VIOLATED)
fanout8805/X                             10     21    -11 (VIOLATED)
fanout8806/X                             10     21    -11 (VIOLATED)
fanout8807/X                             10     21    -11 (VIOLATED)
fanout8809/X                             10     21    -11 (VIOLATED)
fanout8810/X                             10     21    -11 (VIOLATED)
fanout8813/X                             10     21    -11 (VIOLATED)
fanout8815/X                             10     21    -11 (VIOLATED)
fanout8817/X                             10     21    -11 (VIOLATED)
fanout8819/X                             10     21    -11 (VIOLATED)
fanout8822/X                             10     21    -11 (VIOLATED)
fanout8825/X                             10     21    -11 (VIOLATED)
fanout8827/X                             10     21    -11 (VIOLATED)
fanout883/X                              10     21    -11 (VIOLATED)
fanout8830/X                             10     21    -11 (VIOLATED)
fanout8831/X                             10     21    -11 (VIOLATED)
fanout8838/X                             10     21    -11 (VIOLATED)
fanout8840/X                             10     21    -11 (VIOLATED)
fanout8842/X                             10     21    -11 (VIOLATED)
fanout8846/X                             10     21    -11 (VIOLATED)
fanout885/X                              10     21    -11 (VIOLATED)
fanout8851/X                             10     21    -11 (VIOLATED)
fanout8853/X                             10     21    -11 (VIOLATED)
fanout8858/X                             10     21    -11 (VIOLATED)
fanout886/X                              10     21    -11 (VIOLATED)
fanout8860/X                             10     21    -11 (VIOLATED)
fanout8862/X                             10     21    -11 (VIOLATED)
fanout8864/X                             10     21    -11 (VIOLATED)
fanout8868/X                             10     21    -11 (VIOLATED)
fanout8869/X                             10     21    -11 (VIOLATED)
fanout887/X                              10     21    -11 (VIOLATED)
fanout8871/X                             10     21    -11 (VIOLATED)
fanout889/X                              10     21    -11 (VIOLATED)
fanout8898/X                             10     21    -11 (VIOLATED)
fanout8899/X                             10     21    -11 (VIOLATED)
fanout8901/X                             10     21    -11 (VIOLATED)
fanout8902/X                             10     21    -11 (VIOLATED)
fanout8904/X                             10     21    -11 (VIOLATED)
fanout8906/X                             10     21    -11 (VIOLATED)
fanout8908/X                             10     21    -11 (VIOLATED)
fanout8909/X                             10     21    -11 (VIOLATED)
fanout8910/X                             10     21    -11 (VIOLATED)
fanout8912/X                             10     21    -11 (VIOLATED)
fanout8915/X                             10     21    -11 (VIOLATED)
fanout8916/X                             10     21    -11 (VIOLATED)
fanout8919/X                             10     21    -11 (VIOLATED)
fanout892/X                              10     21    -11 (VIOLATED)
fanout8921/X                             10     21    -11 (VIOLATED)
fanout8923/X                             10     21    -11 (VIOLATED)
fanout8924/X                             10     21    -11 (VIOLATED)
fanout8928/X                             10     21    -11 (VIOLATED)
fanout8931/X                             10     21    -11 (VIOLATED)
fanout8934/X                             10     21    -11 (VIOLATED)
fanout8937/X                             10     21    -11 (VIOLATED)
fanout8939/X                             10     21    -11 (VIOLATED)
fanout8944/X                             10     21    -11 (VIOLATED)
fanout8946/X                             10     21    -11 (VIOLATED)
fanout8950/X                             10     21    -11 (VIOLATED)
fanout8952/X                             10     21    -11 (VIOLATED)
fanout8953/X                             10     21    -11 (VIOLATED)
fanout8955/X                             10     21    -11 (VIOLATED)
fanout8957/X                             10     21    -11 (VIOLATED)
fanout8959/X                             10     21    -11 (VIOLATED)
fanout8961/X                             10     21    -11 (VIOLATED)
fanout8963/X                             10     21    -11 (VIOLATED)
fanout8967/X                             10     21    -11 (VIOLATED)
fanout8970/X                             10     21    -11 (VIOLATED)
fanout8973/X                             10     21    -11 (VIOLATED)
fanout8975/X                             10     21    -11 (VIOLATED)
fanout8978/X                             10     21    -11 (VIOLATED)
fanout8981/X                             10     21    -11 (VIOLATED)
fanout8983/X                             10     21    -11 (VIOLATED)
fanout899/X                              10     21    -11 (VIOLATED)
fanout8992/X                             10     21    -11 (VIOLATED)
fanout8994/X                             10     21    -11 (VIOLATED)
fanout8995/X                             10     21    -11 (VIOLATED)
fanout8997/X                             10     21    -11 (VIOLATED)
fanout8998/X                             10     21    -11 (VIOLATED)
fanout900/X                              10     21    -11 (VIOLATED)
fanout9000/X                             10     21    -11 (VIOLATED)
fanout9001/X                             10     21    -11 (VIOLATED)
fanout9002/X                             10     21    -11 (VIOLATED)
fanout9005/X                             10     21    -11 (VIOLATED)
fanout9008/X                             10     21    -11 (VIOLATED)
fanout9010/X                             10     21    -11 (VIOLATED)
fanout9014/X                             10     21    -11 (VIOLATED)
fanout9015/X                             10     21    -11 (VIOLATED)
fanout9017/X                             10     21    -11 (VIOLATED)
fanout9020/X                             10     21    -11 (VIOLATED)
fanout9027/X                             10     21    -11 (VIOLATED)
fanout9030/X                             10     21    -11 (VIOLATED)
fanout905/X                              10     21    -11 (VIOLATED)
fanout9056/X                             10     21    -11 (VIOLATED)
fanout9058/X                             10     21    -11 (VIOLATED)
fanout9059/X                             10     21    -11 (VIOLATED)
fanout9060/X                             10     21    -11 (VIOLATED)
fanout9063/X                             10     21    -11 (VIOLATED)
fanout9065/X                             10     21    -11 (VIOLATED)
fanout9066/X                             10     21    -11 (VIOLATED)
fanout9067/X                             10     21    -11 (VIOLATED)
fanout9069/X                             10     21    -11 (VIOLATED)
fanout9074/X                             10     21    -11 (VIOLATED)
fanout9086/X                             10     21    -11 (VIOLATED)
fanout9087/X                             10     21    -11 (VIOLATED)
fanout9090/X                             10     21    -11 (VIOLATED)
fanout9119/X                             10     21    -11 (VIOLATED)
fanout9121/X                             10     21    -11 (VIOLATED)
fanout9123/X                             10     21    -11 (VIOLATED)
fanout9126/X                             10     21    -11 (VIOLATED)
fanout9128/X                             10     21    -11 (VIOLATED)
fanout9130/X                             10     21    -11 (VIOLATED)
fanout9132/X                             10     21    -11 (VIOLATED)
fanout9134/X                             10     21    -11 (VIOLATED)
fanout9136/X                             10     21    -11 (VIOLATED)
fanout9138/X                             10     21    -11 (VIOLATED)
fanout9139/X                             10     21    -11 (VIOLATED)
fanout9140/X                             10     21    -11 (VIOLATED)
fanout9143/X                             10     21    -11 (VIOLATED)
fanout9146/X                             10     21    -11 (VIOLATED)
fanout9147/X                             10     21    -11 (VIOLATED)
fanout9149/X                             10     21    -11 (VIOLATED)
fanout9152/X                             10     21    -11 (VIOLATED)
fanout9156/X                             10     21    -11 (VIOLATED)
fanout9164/X                             10     21    -11 (VIOLATED)
fanout9172/X                             10     21    -11 (VIOLATED)
fanout9174/X                             10     21    -11 (VIOLATED)
fanout9176/X                             10     21    -11 (VIOLATED)
fanout9178/X                             10     21    -11 (VIOLATED)
fanout9180/X                             10     21    -11 (VIOLATED)
fanout9183/X                             10     21    -11 (VIOLATED)
fanout9187/X                             10     21    -11 (VIOLATED)
fanout9189/X                             10     21    -11 (VIOLATED)
fanout9193/X                             10     21    -11 (VIOLATED)
fanout9197/X                             10     21    -11 (VIOLATED)
fanout9200/X                             10     21    -11 (VIOLATED)
fanout9203/X                             10     21    -11 (VIOLATED)
fanout9211/X                             10     21    -11 (VIOLATED)
fanout9214/X                             10     21    -11 (VIOLATED)
fanout9216/X                             10     21    -11 (VIOLATED)
fanout9219/X                             10     21    -11 (VIOLATED)
fanout9221/X                             10     21    -11 (VIOLATED)
fanout9223/X                             10     21    -11 (VIOLATED)
fanout9225/X                             10     21    -11 (VIOLATED)
fanout9227/X                             10     21    -11 (VIOLATED)
fanout9229/X                             10     21    -11 (VIOLATED)
fanout9232/X                             10     21    -11 (VIOLATED)
fanout9237/X                             10     21    -11 (VIOLATED)
fanout9239/X                             10     21    -11 (VIOLATED)
fanout9242/X                             10     21    -11 (VIOLATED)
fanout9245/X                             10     21    -11 (VIOLATED)
fanout9263/X                             10     21    -11 (VIOLATED)
fanout9264/X                             10     21    -11 (VIOLATED)
fanout9265/X                             10     21    -11 (VIOLATED)
fanout9267/X                             10     21    -11 (VIOLATED)
fanout9268/X                             10     21    -11 (VIOLATED)
fanout9269/X                             10     21    -11 (VIOLATED)
fanout9271/X                             10     21    -11 (VIOLATED)
fanout9273/X                             10     21    -11 (VIOLATED)
fanout9274/X                             10     21    -11 (VIOLATED)
fanout9275/X                             10     21    -11 (VIOLATED)
fanout9277/X                             10     21    -11 (VIOLATED)
fanout9279/X                             10     21    -11 (VIOLATED)
fanout9282/X                             10     21    -11 (VIOLATED)
fanout9287/X                             10     21    -11 (VIOLATED)
fanout9295/X                             10     21    -11 (VIOLATED)
fanout9297/X                             10     21    -11 (VIOLATED)
fanout9324/X                             10     21    -11 (VIOLATED)
fanout9330/X                             10     21    -11 (VIOLATED)
fanout9333/X                             10     21    -11 (VIOLATED)
fanout9335/X                             10     21    -11 (VIOLATED)
fanout9338/X                             10     21    -11 (VIOLATED)
fanout9342/X                             10     21    -11 (VIOLATED)
fanout9349/X                             10     21    -11 (VIOLATED)
fanout9353/X                             10     21    -11 (VIOLATED)
fanout9355/X                             10     21    -11 (VIOLATED)
fanout9359/X                             10     21    -11 (VIOLATED)
fanout9362/X                             10     21    -11 (VIOLATED)
fanout9364/X                             10     21    -11 (VIOLATED)
fanout9367/X                             10     21    -11 (VIOLATED)
fanout9372/X                             10     21    -11 (VIOLATED)
fanout9375/X                             10     21    -11 (VIOLATED)
fanout9377/X                             10     21    -11 (VIOLATED)
fanout9379/X                             10     21    -11 (VIOLATED)
fanout9382/X                             10     21    -11 (VIOLATED)
fanout9384/X                             10     21    -11 (VIOLATED)
fanout9390/X                             10     21    -11 (VIOLATED)
fanout9392/X                             10     21    -11 (VIOLATED)
fanout9394/X                             10     21    -11 (VIOLATED)
fanout9397/X                             10     21    -11 (VIOLATED)
fanout9398/X                             10     21    -11 (VIOLATED)
fanout9399/X                             10     21    -11 (VIOLATED)
fanout940/X                              10     21    -11 (VIOLATED)
fanout9400/X                             10     21    -11 (VIOLATED)
fanout9404/X                             10     21    -11 (VIOLATED)
fanout9407/X                             10     21    -11 (VIOLATED)
fanout9408/X                             10     21    -11 (VIOLATED)
fanout941/X                              10     21    -11 (VIOLATED)
fanout9411/X                             10     21    -11 (VIOLATED)
fanout9418/X                             10     21    -11 (VIOLATED)
fanout942/X                              10     21    -11 (VIOLATED)
fanout9421/X                             10     21    -11 (VIOLATED)
fanout9427/X                             10     21    -11 (VIOLATED)
fanout9431/X                             10     21    -11 (VIOLATED)
fanout9453/X                             10     21    -11 (VIOLATED)
fanout9460/X                             10     21    -11 (VIOLATED)
fanout9462/X                             10     21    -11 (VIOLATED)
fanout9465/X                             10     21    -11 (VIOLATED)
fanout9467/X                             10     21    -11 (VIOLATED)
fanout9469/X                             10     21    -11 (VIOLATED)
fanout9473/X                             10     21    -11 (VIOLATED)
fanout9477/X                             10     21    -11 (VIOLATED)
fanout9480/X                             10     21    -11 (VIOLATED)
fanout9484/X                             10     21    -11 (VIOLATED)
fanout9488/X                             10     21    -11 (VIOLATED)
fanout9491/X                             10     21    -11 (VIOLATED)
fanout9496/X                             10     21    -11 (VIOLATED)
fanout9497/X                             10     21    -11 (VIOLATED)
fanout9533/X                             10     21    -11 (VIOLATED)
fanout9541/X                             10     21    -11 (VIOLATED)
fanout9544/X                             10     21    -11 (VIOLATED)
fanout9546/X                             10     21    -11 (VIOLATED)
fanout9549/X                             10     21    -11 (VIOLATED)
fanout9551/X                             10     21    -11 (VIOLATED)
fanout9555/X                             10     21    -11 (VIOLATED)
fanout9558/X                             10     21    -11 (VIOLATED)
fanout9562/X                             10     21    -11 (VIOLATED)
fanout9564/X                             10     21    -11 (VIOLATED)
fanout9566/X                             10     21    -11 (VIOLATED)
fanout9571/X                             10     21    -11 (VIOLATED)
fanout9593/X                             10     21    -11 (VIOLATED)
fanout9597/X                             10     21    -11 (VIOLATED)
fanout9598/X                             10     21    -11 (VIOLATED)
fanout9600/X                             10     21    -11 (VIOLATED)
fanout9608/X                             10     21    -11 (VIOLATED)
fanout9611/X                             10     21    -11 (VIOLATED)
fanout9614/X                             10     21    -11 (VIOLATED)
fanout9617/X                             10     21    -11 (VIOLATED)
fanout9620/X                             10     21    -11 (VIOLATED)
fanout9623/X                             10     21    -11 (VIOLATED)
fanout9624/X                             10     21    -11 (VIOLATED)
fanout9625/X                             10     21    -11 (VIOLATED)
fanout9627/X                             10     21    -11 (VIOLATED)
fanout9630/X                             10     21    -11 (VIOLATED)
fanout9643/X                             10     21    -11 (VIOLATED)
fanout9644/X                             10     21    -11 (VIOLATED)
fanout9646/X                             10     21    -11 (VIOLATED)
fanout9652/X                             10     21    -11 (VIOLATED)
fanout9654/X                             10     21    -11 (VIOLATED)
fanout9656/X                             10     21    -11 (VIOLATED)
fanout9661/X                             10     21    -11 (VIOLATED)
fanout9662/X                             10     21    -11 (VIOLATED)
fanout9664/X                             10     21    -11 (VIOLATED)
fanout9666/X                             10     21    -11 (VIOLATED)
fanout9673/X                             10     21    -11 (VIOLATED)
fanout9675/X                             10     21    -11 (VIOLATED)
fanout9688/X                             10     21    -11 (VIOLATED)
fanout9689/X                             10     21    -11 (VIOLATED)
fanout9692/X                             10     21    -11 (VIOLATED)
fanout9694/X                             10     21    -11 (VIOLATED)
fanout9698/X                             10     21    -11 (VIOLATED)
fanout9710/X                             10     21    -11 (VIOLATED)
fanout9712/X                             10     21    -11 (VIOLATED)
fanout9717/X                             10     21    -11 (VIOLATED)
fanout9720/X                             10     21    -11 (VIOLATED)
fanout9730/X                             10     21    -11 (VIOLATED)
fanout9732/X                             10     21    -11 (VIOLATED)
fanout9735/X                             10     21    -11 (VIOLATED)
fanout9738/X                             10     21    -11 (VIOLATED)
fanout9742/X                             10     21    -11 (VIOLATED)
fanout9743/X                             10     21    -11 (VIOLATED)
fanout9745/X                             10     21    -11 (VIOLATED)
fanout9747/X                             10     21    -11 (VIOLATED)
fanout9751/X                             10     21    -11 (VIOLATED)
fanout9755/X                             10     21    -11 (VIOLATED)
fanout9756/X                             10     21    -11 (VIOLATED)
fanout9758/X                             10     21    -11 (VIOLATED)
fanout9762/X                             10     21    -11 (VIOLATED)
fanout9763/X                             10     21    -11 (VIOLATED)
fanout9765/X                             10     21    -11 (VIOLATED)
fanout9770/X                             10     21    -11 (VIOLATED)
fanout9773/X                             10     21    -11 (VIOLATED)
fanout9776/X                             10     21    -11 (VIOLATED)
fanout9783/X                             10     21    -11 (VIOLATED)
fanout9786/X                             10     21    -11 (VIOLATED)
fanout9793/X                             10     21    -11 (VIOLATED)
fanout9796/X                             10     21    -11 (VIOLATED)
fanout9797/X                             10     21    -11 (VIOLATED)
fanout9799/X                             10     21    -11 (VIOLATED)
fanout9802/X                             10     21    -11 (VIOLATED)
fanout9805/X                             10     21    -11 (VIOLATED)
fanout9807/X                             10     21    -11 (VIOLATED)
fanout9810/X                             10     21    -11 (VIOLATED)
fanout9824/X                             10     21    -11 (VIOLATED)
fanout9826/X                             10     21    -11 (VIOLATED)
fanout9832/X                             10     21    -11 (VIOLATED)
fanout9834/X                             10     21    -11 (VIOLATED)
fanout9835/X                             10     21    -11 (VIOLATED)
fanout9839/X                             10     21    -11 (VIOLATED)
fanout9841/X                             10     21    -11 (VIOLATED)
fanout9842/X                             10     21    -11 (VIOLATED)
fanout9844/X                             10     21    -11 (VIOLATED)
fanout9845/X                             10     21    -11 (VIOLATED)
fanout9847/X                             10     21    -11 (VIOLATED)
fanout9850/X                             10     21    -11 (VIOLATED)
fanout9852/X                             10     21    -11 (VIOLATED)
fanout9857/X                             10     21    -11 (VIOLATED)
fanout9858/X                             10     21    -11 (VIOLATED)
fanout9859/X                             10     21    -11 (VIOLATED)
fanout9860/X                             10     21    -11 (VIOLATED)
fanout9863/X                             10     21    -11 (VIOLATED)
fanout9867/X                             10     21    -11 (VIOLATED)
fanout9875/X                             10     21    -11 (VIOLATED)
fanout9876/X                             10     21    -11 (VIOLATED)
fanout9878/X                             10     21    -11 (VIOLATED)
fanout9881/X                             10     21    -11 (VIOLATED)
fanout9883/X                             10     21    -11 (VIOLATED)
fanout9885/X                             10     21    -11 (VIOLATED)
fanout9887/X                             10     21    -11 (VIOLATED)
fanout9893/X                             10     21    -11 (VIOLATED)
fanout9900/X                             10     21    -11 (VIOLATED)
fanout9908/X                             10     21    -11 (VIOLATED)
fanout9911/X                             10     21    -11 (VIOLATED)
fanout9920/X                             10     21    -11 (VIOLATED)
fanout9924/X                             10     21    -11 (VIOLATED)
fanout9929/X                             10     21    -11 (VIOLATED)
fanout9931/X                             10     21    -11 (VIOLATED)
fanout9933/X                             10     21    -11 (VIOLATED)
fanout9936/X                             10     21    -11 (VIOLATED)
fanout9941/X                             10     21    -11 (VIOLATED)
fanout9947/X                             10     21    -11 (VIOLATED)
fanout9950/X                             10     21    -11 (VIOLATED)
fanout9952/X                             10     21    -11 (VIOLATED)
fanout9958/X                             10     21    -11 (VIOLATED)
fanout9987/X                             10     21    -11 (VIOLATED)
fanout9991/X                             10     21    -11 (VIOLATED)
fanout9995/X                             10     21    -11 (VIOLATED)
fanout9999/X                             10     21    -11 (VIOLATED)
hold10440/X                              10     21    -11 (VIOLATED)
hold11023/X                              10     21    -11 (VIOLATED)
hold11313/X                              10     21    -11 (VIOLATED)
hold11357/X                              10     21    -11 (VIOLATED)
hold11471/X                              10     21    -11 (VIOLATED)
hold11474/X                              10     21    -11 (VIOLATED)
hold1174/X                               10     21    -11 (VIOLATED)
hold1205/X                               10     21    -11 (VIOLATED)
hold12204/X                              10     21    -11 (VIOLATED)
hold12434/X                              10     21    -11 (VIOLATED)
hold12487/X                              10     21    -11 (VIOLATED)
hold12809/X                              10     21    -11 (VIOLATED)
hold12848/X                              10     21    -11 (VIOLATED)
hold13396/X                              10     21    -11 (VIOLATED)
hold13807/X                              10     21    -11 (VIOLATED)
hold14/X                                 10     21    -11 (VIOLATED)
hold14142/X                              10     21    -11 (VIOLATED)
hold14256/X                              10     21    -11 (VIOLATED)
hold14493/X                              10     21    -11 (VIOLATED)
hold14575/X                              10     21    -11 (VIOLATED)
hold14681/X                              10     21    -11 (VIOLATED)
hold14731/X                              10     21    -11 (VIOLATED)
hold14852/X                              10     21    -11 (VIOLATED)
hold14867/X                              10     21    -11 (VIOLATED)
hold14896/X                              10     21    -11 (VIOLATED)
hold14976/X                              10     21    -11 (VIOLATED)
hold15006/X                              10     21    -11 (VIOLATED)
hold15053/X                              10     21    -11 (VIOLATED)
hold15057/X                              10     21    -11 (VIOLATED)
hold15079/X                              10     21    -11 (VIOLATED)
hold15087/X                              10     21    -11 (VIOLATED)
hold15099/X                              10     21    -11 (VIOLATED)
hold15102/X                              10     21    -11 (VIOLATED)
hold15108/X                              10     21    -11 (VIOLATED)
hold15111/X                              10     21    -11 (VIOLATED)
hold15139/X                              10     21    -11 (VIOLATED)
hold15151/X                              10     21    -11 (VIOLATED)
hold15166/X                              10     21    -11 (VIOLATED)
hold15232/X                              10     21    -11 (VIOLATED)
hold15262/X                              10     21    -11 (VIOLATED)
hold15278/X                              10     21    -11 (VIOLATED)
hold15295/X                              10     21    -11 (VIOLATED)
hold15302/X                              10     21    -11 (VIOLATED)
hold15341/X                              10     21    -11 (VIOLATED)
hold15344/X                              10     21    -11 (VIOLATED)
hold15374/X                              10     21    -11 (VIOLATED)
hold15411/X                              10     21    -11 (VIOLATED)
hold15418/X                              10     21    -11 (VIOLATED)
hold15421/X                              10     21    -11 (VIOLATED)
hold15434/X                              10     21    -11 (VIOLATED)
hold15446/X                              10     21    -11 (VIOLATED)
hold15452/X                              10     21    -11 (VIOLATED)
hold15477/X                              10     21    -11 (VIOLATED)
hold15498/X                              10     21    -11 (VIOLATED)
hold15505/X                              10     21    -11 (VIOLATED)
hold15517/X                              10     21    -11 (VIOLATED)
hold15520/X                              10     21    -11 (VIOLATED)
hold15528/X                              10     21    -11 (VIOLATED)
hold15540/X                              10     21    -11 (VIOLATED)
hold15553/X                              10     21    -11 (VIOLATED)
hold15569/X                              10     21    -11 (VIOLATED)
hold15572/X                              10     21    -11 (VIOLATED)
hold15608/X                              10     21    -11 (VIOLATED)
hold15614/X                              10     21    -11 (VIOLATED)
hold15633/X                              10     21    -11 (VIOLATED)
hold15644/X                              10     21    -11 (VIOLATED)
hold15719/X                              10     21    -11 (VIOLATED)
hold15729/X                              10     21    -11 (VIOLATED)
hold15737/X                              10     21    -11 (VIOLATED)
hold15740/X                              10     21    -11 (VIOLATED)
hold15786/X                              10     21    -11 (VIOLATED)
hold15853/X                              10     21    -11 (VIOLATED)
hold15861/X                              10     21    -11 (VIOLATED)
hold15885/X                              10     21    -11 (VIOLATED)
hold15889/X                              10     21    -11 (VIOLATED)
hold15899/X                              10     21    -11 (VIOLATED)
hold15950/X                              10     21    -11 (VIOLATED)
hold15995/X                              10     21    -11 (VIOLATED)
hold16011/X                              10     21    -11 (VIOLATED)
hold16032/X                              10     21    -11 (VIOLATED)
hold16075/X                              10     21    -11 (VIOLATED)
hold16100/X                              10     21    -11 (VIOLATED)
hold16197/X                              10     21    -11 (VIOLATED)
hold16293/X                              10     21    -11 (VIOLATED)
hold16323/X                              10     21    -11 (VIOLATED)
hold16350/X                              10     21    -11 (VIOLATED)
hold16376/X                              10     21    -11 (VIOLATED)
hold16402/X                              10     21    -11 (VIOLATED)
hold16410/X                              10     21    -11 (VIOLATED)
hold16430/X                              10     21    -11 (VIOLATED)
hold16442/X                              10     21    -11 (VIOLATED)
hold16446/X                              10     21    -11 (VIOLATED)
hold16454/X                              10     21    -11 (VIOLATED)
hold16469/X                              10     21    -11 (VIOLATED)
hold16594/X                              10     21    -11 (VIOLATED)
hold16626/X                              10     21    -11 (VIOLATED)
hold16630/X                              10     21    -11 (VIOLATED)
hold16666/X                              10     21    -11 (VIOLATED)
hold16684/X                              10     21    -11 (VIOLATED)
hold16701/X                              10     21    -11 (VIOLATED)
hold16726/X                              10     21    -11 (VIOLATED)
hold16730/X                              10     21    -11 (VIOLATED)
hold16742/X                              10     21    -11 (VIOLATED)
hold16787/X                              10     21    -11 (VIOLATED)
hold16820/X                              10     21    -11 (VIOLATED)
hold16849/X                              10     21    -11 (VIOLATED)
hold16899/X                              10     21    -11 (VIOLATED)
hold16920/X                              10     21    -11 (VIOLATED)
hold16960/X                              10     21    -11 (VIOLATED)
hold17031/X                              10     21    -11 (VIOLATED)
hold17089/X                              10     21    -11 (VIOLATED)
hold17093/X                              10     21    -11 (VIOLATED)
hold17148/X                              10     21    -11 (VIOLATED)
hold17184/X                              10     21    -11 (VIOLATED)
hold17193/X                              10     21    -11 (VIOLATED)
hold17221/X                              10     21    -11 (VIOLATED)
hold17275/X                              10     21    -11 (VIOLATED)
hold17287/X                              10     21    -11 (VIOLATED)
hold17299/X                              10     21    -11 (VIOLATED)
hold17303/X                              10     21    -11 (VIOLATED)
hold17339/X                              10     21    -11 (VIOLATED)
hold17355/X                              10     21    -11 (VIOLATED)
hold17399/X                              10     21    -11 (VIOLATED)
hold17427/X                              10     21    -11 (VIOLATED)
hold17458/X                              10     21    -11 (VIOLATED)
hold17507/X                              10     21    -11 (VIOLATED)
hold17514/X                              10     21    -11 (VIOLATED)
hold17523/X                              10     21    -11 (VIOLATED)
hold17582/X                              10     21    -11 (VIOLATED)
hold17636/X                              10     21    -11 (VIOLATED)
hold17677/X                              10     21    -11 (VIOLATED)
hold17734/X                              10     21    -11 (VIOLATED)
hold17742/X                              10     21    -11 (VIOLATED)
hold17762/X                              10     21    -11 (VIOLATED)
hold17775/X                              10     21    -11 (VIOLATED)
hold17783/X                              10     21    -11 (VIOLATED)
hold17785/X                              10     21    -11 (VIOLATED)
hold17793/X                              10     21    -11 (VIOLATED)
hold17809/X                              10     21    -11 (VIOLATED)
hold17836/X                              10     21    -11 (VIOLATED)
hold17879/X                              10     21    -11 (VIOLATED)
hold17906/X                              10     21    -11 (VIOLATED)
hold17976/X                              10     21    -11 (VIOLATED)
hold18014/X                              10     21    -11 (VIOLATED)
hold18047/X                              10     21    -11 (VIOLATED)
hold18065/X                              10     21    -11 (VIOLATED)
hold18068/X                              10     21    -11 (VIOLATED)
hold18089/X                              10     21    -11 (VIOLATED)
hold18151/X                              10     21    -11 (VIOLATED)
hold18273/X                              10     21    -11 (VIOLATED)
hold18584/X                              10     21    -11 (VIOLATED)
hold18726/X                              10     21    -11 (VIOLATED)
hold19224/X                              10     21    -11 (VIOLATED)
hold19553/X                              10     21    -11 (VIOLATED)
hold22640/X                              10     21    -11 (VIOLATED)
hold22945/X                              10     21    -11 (VIOLATED)
hold32154/X                              10     21    -11 (VIOLATED)
hold3239/X                               10     21    -11 (VIOLATED)
hold3512/X                               10     21    -11 (VIOLATED)
hold4374/X                               10     21    -11 (VIOLATED)
hold5090/X                               10     21    -11 (VIOLATED)
hold61/X                                 10     21    -11 (VIOLATED)
hold64/X                                 10     21    -11 (VIOLATED)
hold6968/X                               10     21    -11 (VIOLATED)
hold7058/X                               10     21    -11 (VIOLATED)
hold8401/X                               10     21    -11 (VIOLATED)
hold8456/X                               10     21    -11 (VIOLATED)
hold8602/X                               10     21    -11 (VIOLATED)
hold9206/X                               10     21    -11 (VIOLATED)
hold9256/X                               10     21    -11 (VIOLATED)
hold987/X                                10     21    -11 (VIOLATED)
wire3848/X                               10     21    -11 (VIOLATED)
fanout4164/X                             10     20    -10 (VIOLATED)
fanout5516/X                             10     20    -10 (VIOLATED)
wire6789/X                               10     20    -10 (VIOLATED)
_060721_/Y                               10     19     -9 (VIOLATED)
_060824_/Y                               10     19     -9 (VIOLATED)
_060896_/Y                               10     19     -9 (VIOLATED)
_060961_/Y                               10     19     -9 (VIOLATED)
_061097_/Y                               10     19     -9 (VIOLATED)
_061122_/Y                               10     19     -9 (VIOLATED)
_061134_/Y                               10     19     -9 (VIOLATED)
_061158_/Y                               10     19     -9 (VIOLATED)
_061171_/Y                               10     19     -9 (VIOLATED)
_061181_/Y                               10     19     -9 (VIOLATED)
_061202_/Y                               10     19     -9 (VIOLATED)
_061225_/Y                               10     19     -9 (VIOLATED)
_061236_/Y                               10     19     -9 (VIOLATED)
_061247_/Y                               10     19     -9 (VIOLATED)
_064788_/Y                               10     19     -9 (VIOLATED)
_090615_/X                               10     19     -9 (VIOLATED)
_092257_/X                               10     19     -9 (VIOLATED)
_100966_/Y                               10     19     -9 (VIOLATED)
_103192_/Y                               10     19     -9 (VIOLATED)
_104931_/Y                               10     19     -9 (VIOLATED)
_108514_/Y                               10     19     -9 (VIOLATED)
_112914_/Y                               10     19     -9 (VIOLATED)
_112924_/Y                               10     19     -9 (VIOLATED)
_112935_/Y                               10     19     -9 (VIOLATED)
_112955_/Y                               10     19     -9 (VIOLATED)
_119539_/Y                               10     19     -9 (VIOLATED)
_119988_/Y                               10     19     -9 (VIOLATED)
_119998_/Y                               10     19     -9 (VIOLATED)
_120009_/Y                               10     19     -9 (VIOLATED)
_120029_/Y                               10     19     -9 (VIOLATED)
_120039_/Y                               10     19     -9 (VIOLATED)
_120050_/Y                               10     19     -9 (VIOLATED)
_120060_/Y                               10     19     -9 (VIOLATED)
_120070_/Y                               10     19     -9 (VIOLATED)
_120080_/Y                               10     19     -9 (VIOLATED)
_120090_/Y                               10     19     -9 (VIOLATED)
_120100_/Y                               10     19     -9 (VIOLATED)
_120110_/Y                               10     19     -9 (VIOLATED)
_120120_/Y                               10     19     -9 (VIOLATED)
_120130_/Y                               10     19     -9 (VIOLATED)
_120140_/Y                               10     19     -9 (VIOLATED)
_120150_/Y                               10     19     -9 (VIOLATED)
_120160_/Y                               10     19     -9 (VIOLATED)
_120170_/Y                               10     19     -9 (VIOLATED)
_120180_/Y                               10     19     -9 (VIOLATED)
_120200_/Y                               10     19     -9 (VIOLATED)
_120210_/Y                               10     19     -9 (VIOLATED)
_120220_/Y                               10     19     -9 (VIOLATED)
_120230_/Y                               10     19     -9 (VIOLATED)
_120240_/Y                               10     19     -9 (VIOLATED)
_120250_/Y                               10     19     -9 (VIOLATED)
_120260_/Y                               10     19     -9 (VIOLATED)
_120270_/Y                               10     19     -9 (VIOLATED)
_120280_/Y                               10     19     -9 (VIOLATED)
_120290_/Y                               10     19     -9 (VIOLATED)
_120300_/Y                               10     19     -9 (VIOLATED)
_120310_/Y                               10     19     -9 (VIOLATED)
_120320_/Y                               10     19     -9 (VIOLATED)
_120330_/Y                               10     19     -9 (VIOLATED)
_120340_/Y                               10     19     -9 (VIOLATED)
_120350_/Y                               10     19     -9 (VIOLATED)
_120360_/Y                               10     19     -9 (VIOLATED)
_120370_/Y                               10     19     -9 (VIOLATED)
_120380_/Y                               10     19     -9 (VIOLATED)
_120390_/Y                               10     19     -9 (VIOLATED)
_120400_/Y                               10     19     -9 (VIOLATED)
_120420_/Y                               10     19     -9 (VIOLATED)
_120430_/Y                               10     19     -9 (VIOLATED)
_120440_/Y                               10     19     -9 (VIOLATED)
_120450_/Y                               10     19     -9 (VIOLATED)
_120460_/Y                               10     19     -9 (VIOLATED)
_120470_/Y                               10     19     -9 (VIOLATED)
_120480_/Y                               10     19     -9 (VIOLATED)
_120490_/Y                               10     19     -9 (VIOLATED)
_120500_/Y                               10     19     -9 (VIOLATED)
_120510_/Y                               10     19     -9 (VIOLATED)
_120520_/Y                               10     19     -9 (VIOLATED)
_120530_/Y                               10     19     -9 (VIOLATED)
_120540_/Y                               10     19     -9 (VIOLATED)
_120550_/Y                               10     19     -9 (VIOLATED)
_120560_/Y                               10     19     -9 (VIOLATED)
_120580_/Y                               10     19     -9 (VIOLATED)
_120610_/Y                               10     19     -9 (VIOLATED)
_120640_/Y                               10     19     -9 (VIOLATED)
_120650_/Y                               10     19     -9 (VIOLATED)
_120660_/Y                               10     19     -9 (VIOLATED)
_120670_/Y                               10     19     -9 (VIOLATED)
_120680_/Y                               10     19     -9 (VIOLATED)
_120690_/Y                               10     19     -9 (VIOLATED)
_120720_/Y                               10     19     -9 (VIOLATED)
_120730_/Y                               10     19     -9 (VIOLATED)
_120740_/Y                               10     19     -9 (VIOLATED)
_120760_/Y                               10     19     -9 (VIOLATED)
_120770_/Y                               10     19     -9 (VIOLATED)
_120780_/Y                               10     19     -9 (VIOLATED)
_120790_/Y                               10     19     -9 (VIOLATED)
_120800_/Y                               10     19     -9 (VIOLATED)
_120810_/Y                               10     19     -9 (VIOLATED)
_120820_/Y                               10     19     -9 (VIOLATED)
_120830_/Y                               10     19     -9 (VIOLATED)
_120840_/Y                               10     19     -9 (VIOLATED)
_120850_/Y                               10     19     -9 (VIOLATED)
_120860_/Y                               10     19     -9 (VIOLATED)
_120880_/Y                               10     19     -9 (VIOLATED)
_120890_/Y                               10     19     -9 (VIOLATED)
_120900_/Y                               10     19     -9 (VIOLATED)
_120910_/Y                               10     19     -9 (VIOLATED)
_120920_/Y                               10     19     -9 (VIOLATED)
_120930_/Y                               10     19     -9 (VIOLATED)
_120940_/Y                               10     19     -9 (VIOLATED)
_120950_/Y                               10     19     -9 (VIOLATED)
_120960_/Y                               10     19     -9 (VIOLATED)
_120970_/Y                               10     19     -9 (VIOLATED)
_120980_/Y                               10     19     -9 (VIOLATED)
_120990_/Y                               10     19     -9 (VIOLATED)
_121000_/Y                               10     19     -9 (VIOLATED)
_121010_/Y                               10     19     -9 (VIOLATED)
_121020_/Y                               10     19     -9 (VIOLATED)
_121050_/Y                               10     19     -9 (VIOLATED)
_121060_/Y                               10     19     -9 (VIOLATED)
clkbuf_8_110__f_wb_clk_i/X               10     19     -9 (VIOLATED)
clkbuf_8_113__f_wb_clk_i/X               10     19     -9 (VIOLATED)
clkbuf_8_114__f_wb_clk_i/X               10     19     -9 (VIOLATED)
clkbuf_8_119__f_wb_clk_i/X               10     19     -9 (VIOLATED)
clkbuf_8_124__f_wb_clk_i/X               10     19     -9 (VIOLATED)
clkbuf_8_131__f_wb_clk_i/X               10     19     -9 (VIOLATED)
clkbuf_8_135__f_wb_clk_i/X               10     19     -9 (VIOLATED)
clkbuf_8_143__f_wb_clk_i/X               10     19     -9 (VIOLATED)
clkbuf_8_14__f_wb_clk_i/X                10     19     -9 (VIOLATED)
clkbuf_8_176__f_wb_clk_i/X               10     19     -9 (VIOLATED)
clkbuf_8_17__f_wb_clk_i/X                10     19     -9 (VIOLATED)
clkbuf_8_20__f_wb_clk_i/X                10     19     -9 (VIOLATED)
clkbuf_8_242__f_wb_clk_i/X               10     19     -9 (VIOLATED)
clkbuf_8_246__f_wb_clk_i/X               10     19     -9 (VIOLATED)
clkbuf_8_254__f_wb_clk_i/X               10     19     -9 (VIOLATED)
clkbuf_8_29__f_wb_clk_i/X                10     19     -9 (VIOLATED)
clkbuf_8_34__f_wb_clk_i/X                10     19     -9 (VIOLATED)
clkbuf_8_58__f_wb_clk_i/X                10     19     -9 (VIOLATED)
clkbuf_8_59__f_wb_clk_i/X                10     19     -9 (VIOLATED)
clkbuf_8_60__f_wb_clk_i/X                10     19     -9 (VIOLATED)
clkbuf_8_64__f_wb_clk_i/X                10     19     -9 (VIOLATED)
clkbuf_8_67__f_wb_clk_i/X                10     19     -9 (VIOLATED)
clkbuf_8_68__f_wb_clk_i/X                10     19     -9 (VIOLATED)
clkbuf_8_82__f_wb_clk_i/X                10     19     -9 (VIOLATED)
clkbuf_8_84__f_wb_clk_i/X                10     19     -9 (VIOLATED)
clkbuf_8_92__f_wb_clk_i/X                10     19     -9 (VIOLATED)
clkbuf_8_93__f_wb_clk_i/X                10     19     -9 (VIOLATED)
fanout10015/X                            10     19     -9 (VIOLATED)
fanout10044/X                            10     19     -9 (VIOLATED)
fanout10090/X                            10     19     -9 (VIOLATED)
fanout10112/X                            10     19     -9 (VIOLATED)
fanout10148/X                            10     19     -9 (VIOLATED)
fanout10181/X                            10     19     -9 (VIOLATED)
fanout10186/X                            10     19     -9 (VIOLATED)
fanout10238/X                            10     19     -9 (VIOLATED)
fanout10263/X                            10     19     -9 (VIOLATED)
fanout10271/X                            10     19     -9 (VIOLATED)
fanout10289/X                            10     19     -9 (VIOLATED)
fanout10297/X                            10     19     -9 (VIOLATED)
fanout10312/X                            10     19     -9 (VIOLATED)
fanout10314/X                            10     19     -9 (VIOLATED)
fanout10339/X                            10     19     -9 (VIOLATED)
fanout10346/X                            10     19     -9 (VIOLATED)
fanout10379/X                            10     19     -9 (VIOLATED)
fanout10382/X                            10     19     -9 (VIOLATED)
fanout10394/X                            10     19     -9 (VIOLATED)
fanout10493/X                            10     19     -9 (VIOLATED)
fanout10535/X                            10     19     -9 (VIOLATED)
fanout10542/X                            10     19     -9 (VIOLATED)
fanout10582/X                            10     19     -9 (VIOLATED)
fanout10638/X                            10     19     -9 (VIOLATED)
fanout10663/X                            10     19     -9 (VIOLATED)
fanout10670/X                            10     19     -9 (VIOLATED)
fanout10708/X                            10     19     -9 (VIOLATED)
fanout10714/X                            10     19     -9 (VIOLATED)
fanout10727/X                            10     19     -9 (VIOLATED)
fanout10767/X                            10     19     -9 (VIOLATED)
fanout10782/X                            10     19     -9 (VIOLATED)
fanout10795/X                            10     19     -9 (VIOLATED)
fanout10876/X                            10     19     -9 (VIOLATED)
fanout10894/X                            10     19     -9 (VIOLATED)
fanout10969/X                            10     19     -9 (VIOLATED)
fanout11002/X                            10     19     -9 (VIOLATED)
fanout11012/X                            10     19     -9 (VIOLATED)
fanout11036/X                            10     19     -9 (VIOLATED)
fanout11083/X                            10     19     -9 (VIOLATED)
fanout11152/X                            10     19     -9 (VIOLATED)
fanout11448/X                            10     19     -9 (VIOLATED)
fanout11523/X                            10     19     -9 (VIOLATED)
fanout1154/X                             10     19     -9 (VIOLATED)
fanout11542/X                            10     19     -9 (VIOLATED)
fanout11560/X                            10     19     -9 (VIOLATED)
fanout11562/X                            10     19     -9 (VIOLATED)
fanout11659/X                            10     19     -9 (VIOLATED)
fanout11693/X                            10     19     -9 (VIOLATED)
fanout11728/X                            10     19     -9 (VIOLATED)
fanout11793/X                            10     19     -9 (VIOLATED)
fanout11839/X                            10     19     -9 (VIOLATED)
fanout1442/X                             10     19     -9 (VIOLATED)
fanout1461/X                             10     19     -9 (VIOLATED)
fanout1777/X                             10     19     -9 (VIOLATED)
fanout1784/X                             10     19     -9 (VIOLATED)
fanout1787/X                             10     19     -9 (VIOLATED)
fanout299/X                              10     19     -9 (VIOLATED)
fanout303/X                              10     19     -9 (VIOLATED)
fanout3492/X                             10     19     -9 (VIOLATED)
fanout3493/X                             10     19     -9 (VIOLATED)
fanout3504/X                             10     19     -9 (VIOLATED)
fanout397/X                              10     19     -9 (VIOLATED)
fanout402/X                              10     19     -9 (VIOLATED)
fanout4096/X                             10     19     -9 (VIOLATED)
fanout4132/X                             10     19     -9 (VIOLATED)
fanout4143/X                             10     19     -9 (VIOLATED)
fanout4196/X                             10     19     -9 (VIOLATED)
fanout420/X                              10     19     -9 (VIOLATED)
fanout4216/X                             10     19     -9 (VIOLATED)
fanout4233/X                             10     19     -9 (VIOLATED)
fanout4272/X                             10     19     -9 (VIOLATED)
fanout4274/X                             10     19     -9 (VIOLATED)
fanout4284/X                             10     19     -9 (VIOLATED)
fanout435/X                              10     19     -9 (VIOLATED)
fanout4387/X                             10     19     -9 (VIOLATED)
fanout4398/X                             10     19     -9 (VIOLATED)
fanout4471/X                             10     19     -9 (VIOLATED)
fanout4506/X                             10     19     -9 (VIOLATED)
fanout4518/X                             10     19     -9 (VIOLATED)
fanout4549/X                             10     19     -9 (VIOLATED)
fanout4595/X                             10     19     -9 (VIOLATED)
fanout4606/X                             10     19     -9 (VIOLATED)
fanout4711/X                             10     19     -9 (VIOLATED)
fanout4771/X                             10     19     -9 (VIOLATED)
fanout4857/X                             10     19     -9 (VIOLATED)
fanout4906/X                             10     19     -9 (VIOLATED)
fanout4933/X                             10     19     -9 (VIOLATED)
fanout4937/X                             10     19     -9 (VIOLATED)
fanout4939/X                             10     19     -9 (VIOLATED)
fanout4953/X                             10     19     -9 (VIOLATED)
fanout5010/X                             10     19     -9 (VIOLATED)
fanout5021/X                             10     19     -9 (VIOLATED)
fanout5033/X                             10     19     -9 (VIOLATED)
fanout5097/X                             10     19     -9 (VIOLATED)
fanout5240/X                             10     19     -9 (VIOLATED)
fanout5287/X                             10     19     -9 (VIOLATED)
fanout529/X                              10     19     -9 (VIOLATED)
fanout5322/X                             10     19     -9 (VIOLATED)
fanout5379/X                             10     19     -9 (VIOLATED)
fanout5383/X                             10     19     -9 (VIOLATED)
fanout5442/X                             10     19     -9 (VIOLATED)
fanout5444/X                             10     19     -9 (VIOLATED)
fanout5468/X                             10     19     -9 (VIOLATED)
fanout5469/X                             10     19     -9 (VIOLATED)
fanout5479/X                             10     19     -9 (VIOLATED)
fanout5511/X                             10     19     -9 (VIOLATED)
fanout5530/X                             10     19     -9 (VIOLATED)
fanout5588/X                             10     19     -9 (VIOLATED)
fanout5602/X                             10     19     -9 (VIOLATED)
fanout5698/X                             10     19     -9 (VIOLATED)
fanout5721/X                             10     19     -9 (VIOLATED)
fanout5851/X                             10     19     -9 (VIOLATED)
fanout5903/X                             10     19     -9 (VIOLATED)
fanout5941/X                             10     19     -9 (VIOLATED)
fanout5943/X                             10     19     -9 (VIOLATED)
fanout5960/X                             10     19     -9 (VIOLATED)
fanout5975/X                             10     19     -9 (VIOLATED)
fanout6081/X                             10     19     -9 (VIOLATED)
fanout6122/X                             10     19     -9 (VIOLATED)
fanout6142/X                             10     19     -9 (VIOLATED)
fanout728/X                              10     19     -9 (VIOLATED)
fanout7656/X                             10     19     -9 (VIOLATED)
fanout7700/X                             10     19     -9 (VIOLATED)
fanout7744/X                             10     19     -9 (VIOLATED)
fanout7937/X                             10     19     -9 (VIOLATED)
fanout7953/X                             10     19     -9 (VIOLATED)
fanout797/X                              10     19     -9 (VIOLATED)
fanout7972/X                             10     19     -9 (VIOLATED)
fanout8018/X                             10     19     -9 (VIOLATED)
fanout803/X                              10     19     -9 (VIOLATED)
fanout8084/X                             10     19     -9 (VIOLATED)
fanout811/X                              10     19     -9 (VIOLATED)
fanout8206/X                             10     19     -9 (VIOLATED)
fanout8260/X                             10     19     -9 (VIOLATED)
fanout8298/X                             10     19     -9 (VIOLATED)
fanout8340/X                             10     19     -9 (VIOLATED)
fanout843/X                              10     19     -9 (VIOLATED)
fanout8512/X                             10     19     -9 (VIOLATED)
fanout8528/X                             10     19     -9 (VIOLATED)
fanout8600/X                             10     19     -9 (VIOLATED)
fanout8604/X                             10     19     -9 (VIOLATED)
fanout8641/X                             10     19     -9 (VIOLATED)
fanout8668/X                             10     19     -9 (VIOLATED)
fanout8671/X                             10     19     -9 (VIOLATED)
fanout871/X                              10     19     -9 (VIOLATED)
fanout8753/X                             10     19     -9 (VIOLATED)
fanout879/X                              10     19     -9 (VIOLATED)
fanout8798/X                             10     19     -9 (VIOLATED)
fanout8800/X                             10     19     -9 (VIOLATED)
fanout8905/X                             10     19     -9 (VIOLATED)
fanout8968/X                             10     19     -9 (VIOLATED)
fanout9009/X                             10     19     -9 (VIOLATED)
fanout9057/X                             10     19     -9 (VIOLATED)
fanout9071/X                             10     19     -9 (VIOLATED)
fanout9091/X                             10     19     -9 (VIOLATED)
fanout9124/X                             10     19     -9 (VIOLATED)
fanout9181/X                             10     19     -9 (VIOLATED)
fanout9289/X                             10     19     -9 (VIOLATED)
fanout9363/X                             10     19     -9 (VIOLATED)
fanout9393/X                             10     19     -9 (VIOLATED)
fanout9419/X                             10     19     -9 (VIOLATED)
fanout9422/X                             10     19     -9 (VIOLATED)
fanout9424/X                             10     19     -9 (VIOLATED)
fanout943/X                              10     19     -9 (VIOLATED)
fanout9430/X                             10     19     -9 (VIOLATED)
fanout9472/X                             10     19     -9 (VIOLATED)
fanout9474/X                             10     19     -9 (VIOLATED)
fanout9536/X                             10     19     -9 (VIOLATED)
fanout9538/X                             10     19     -9 (VIOLATED)
fanout9542/X                             10     19     -9 (VIOLATED)
fanout9552/X                             10     19     -9 (VIOLATED)
fanout9667/X                             10     19     -9 (VIOLATED)
fanout9676/X                             10     19     -9 (VIOLATED)
fanout9690/X                             10     19     -9 (VIOLATED)
fanout9780/X                             10     19     -9 (VIOLATED)
fanout9820/X                             10     19     -9 (VIOLATED)
fanout9854/X                             10     19     -9 (VIOLATED)
fanout9891/X                             10     19     -9 (VIOLATED)
fanout9903/X                             10     19     -9 (VIOLATED)
fanout9988/X                             10     19     -9 (VIOLATED)
hold10566/X                              10     19     -9 (VIOLATED)
hold113/X                                10     19     -9 (VIOLATED)
hold11998/X                              10     19     -9 (VIOLATED)
hold13662/X                              10     19     -9 (VIOLATED)
hold14022/X                              10     19     -9 (VIOLATED)
hold14034/X                              10     19     -9 (VIOLATED)
hold14246/X                              10     19     -9 (VIOLATED)
hold14859/X                              10     19     -9 (VIOLATED)
hold14882/X                              10     19     -9 (VIOLATED)
hold14945/X                              10     19     -9 (VIOLATED)
hold15117/X                              10     19     -9 (VIOLATED)
hold15120/X                              10     19     -9 (VIOLATED)
hold15125/X                              10     19     -9 (VIOLATED)
hold15178/X                              10     19     -9 (VIOLATED)
hold15207/X                              10     19     -9 (VIOLATED)
hold15210/X                              10     19     -9 (VIOLATED)
hold15223/X                              10     19     -9 (VIOLATED)
hold15243/X                              10     19     -9 (VIOLATED)
hold15249/X                              10     19     -9 (VIOLATED)
hold15288/X                              10     19     -9 (VIOLATED)
hold15314/X                              10     19     -9 (VIOLATED)
hold15358/X                              10     19     -9 (VIOLATED)
hold15442/X                              10     19     -9 (VIOLATED)
hold15455/X                              10     19     -9 (VIOLATED)
hold15480/X                              10     19     -9 (VIOLATED)
hold15492/X                              10     19     -9 (VIOLATED)
hold15531/X                              10     19     -9 (VIOLATED)
hold15601/X                              10     19     -9 (VIOLATED)
hold15661/X                              10     19     -9 (VIOLATED)
hold15664/X                              10     19     -9 (VIOLATED)
hold15682/X                              10     19     -9 (VIOLATED)
hold15849/X                              10     19     -9 (VIOLATED)
hold15857/X                              10     19     -9 (VIOLATED)
hold15896/X                              10     19     -9 (VIOLATED)
hold15937/X                              10     19     -9 (VIOLATED)
hold15975/X                              10     19     -9 (VIOLATED)
hold16028/X                              10     19     -9 (VIOLATED)
hold16223/X                              10     19     -9 (VIOLATED)
hold16231/X                              10     19     -9 (VIOLATED)
hold163/X                                10     19     -9 (VIOLATED)
hold16353/X                              10     19     -9 (VIOLATED)
hold16418/X                              10     19     -9 (VIOLATED)
hold16426/X                              10     19     -9 (VIOLATED)
hold16603/X                              10     19     -9 (VIOLATED)
hold16690/X                              10     19     -9 (VIOLATED)
hold16746/X                              10     19     -9 (VIOLATED)
hold16775/X                              10     19     -9 (VIOLATED)
hold16862/X                              10     19     -9 (VIOLATED)
hold16928/X                              10     19     -9 (VIOLATED)
hold16977/X                              10     19     -9 (VIOLATED)
hold17000/X                              10     19     -9 (VIOLATED)
hold17004/X                              10     19     -9 (VIOLATED)
hold17172/X                              10     19     -9 (VIOLATED)
hold17283/X                              10     19     -9 (VIOLATED)
hold17323/X                              10     19     -9 (VIOLATED)
hold17418/X                              10     19     -9 (VIOLATED)
hold17504/X                              10     19     -9 (VIOLATED)
hold17540/X                              10     19     -9 (VIOLATED)
hold17554/X                              10     19     -9 (VIOLATED)
hold17578/X                              10     19     -9 (VIOLATED)
hold17605/X                              10     19     -9 (VIOLATED)
hold17722/X                              10     19     -9 (VIOLATED)
hold17758/X                              10     19     -9 (VIOLATED)
hold17782/X                              10     19     -9 (VIOLATED)
hold17831/X                              10     19     -9 (VIOLATED)
hold17843/X                              10     19     -9 (VIOLATED)
hold17871/X                              10     19     -9 (VIOLATED)
hold17902/X                              10     19     -9 (VIOLATED)
hold17909/X                              10     19     -9 (VIOLATED)
hold18072/X                              10     19     -9 (VIOLATED)
hold18911/X                              10     19     -9 (VIOLATED)
hold19/X                                 10     19     -9 (VIOLATED)
hold19231/X                              10     19     -9 (VIOLATED)
hold19306/X                              10     19     -9 (VIOLATED)
hold24763/X                              10     19     -9 (VIOLATED)
hold31/X                                 10     19     -9 (VIOLATED)
hold31271/X                              10     19     -9 (VIOLATED)
hold337/X                                10     19     -9 (VIOLATED)
hold3576/X                               10     19     -9 (VIOLATED)
hold453/X                                10     19     -9 (VIOLATED)
hold4548/X                               10     19     -9 (VIOLATED)
hold50/X                                 10     19     -9 (VIOLATED)
hold65/X                                 10     19     -9 (VIOLATED)
hold8102/X                               10     19     -9 (VIOLATED)
hold96/X                                 10     19     -9 (VIOLATED)
hold9712/X                               10     19     -9 (VIOLATED)
hold9801/X                               10     19     -9 (VIOLATED)
hold991/X                                10     19     -9 (VIOLATED)
wire10077/X                              10     19     -9 (VIOLATED)
wire10224/X                              10     19     -9 (VIOLATED)
wire10561/X                              10     19     -9 (VIOLATED)
wire10757/X                              10     19     -9 (VIOLATED)
wire11113/X                              10     19     -9 (VIOLATED)
wire11623/X                              10     19     -9 (VIOLATED)
wire285/X                                10     19     -9 (VIOLATED)
wire3295/X                               10     19     -9 (VIOLATED)
wire333/X                                10     19     -9 (VIOLATED)
wire3503/X                               10     19     -9 (VIOLATED)
wire4104/X                               10     19     -9 (VIOLATED)
wire4348/X                               10     19     -9 (VIOLATED)
wire4768/X                               10     19     -9 (VIOLATED)
wire4791/X                               10     19     -9 (VIOLATED)
wire491/X                                10     19     -9 (VIOLATED)
wire5340/X                               10     19     -9 (VIOLATED)
wire5920/X                               10     19     -9 (VIOLATED)
wire5923/X                               10     19     -9 (VIOLATED)
wire760/X                                10     19     -9 (VIOLATED)
wire7831/X                               10     19     -9 (VIOLATED)
wire7983/X                               10     19     -9 (VIOLATED)
wire7987/X                               10     19     -9 (VIOLATED)
wire8401/X                               10     19     -9 (VIOLATED)
wire8481/X                               10     19     -9 (VIOLATED)
wire8930/X                               10     19     -9 (VIOLATED)
wire9080/X                               10     19     -9 (VIOLATED)
wire9166/X                               10     19     -9 (VIOLATED)
wire9760/X                               10     19     -9 (VIOLATED)
wire9785/X                               10     19     -9 (VIOLATED)
fanout4633/X                             10     18     -8 (VIOLATED)
wire3844/X                               10     18     -8 (VIOLATED)
_060775_/Y                               10     17     -7 (VIOLATED)
_060787_/Y                               10     17     -7 (VIOLATED)
_060796_/Y                               10     17     -7 (VIOLATED)
_060808_/Y                               10     17     -7 (VIOLATED)
_060863_/Y                               10     17     -7 (VIOLATED)
_061003_/Y                               10     17     -7 (VIOLATED)
_061112_/Y                               10     17     -7 (VIOLATED)
_061123_/Y                               10     17     -7 (VIOLATED)
_061135_/Y                               10     17     -7 (VIOLATED)
_061147_/Y                               10     17     -7 (VIOLATED)
_061172_/Y                               10     17     -7 (VIOLATED)
_061193_/Y                               10     17     -7 (VIOLATED)
_061203_/Y                               10     17     -7 (VIOLATED)
_061214_/Y                               10     17     -7 (VIOLATED)
_061226_/Y                               10     17     -7 (VIOLATED)
_061237_/Y                               10     17     -7 (VIOLATED)
_061248_/Y                               10     17     -7 (VIOLATED)
_061390_/Y                               10     17     -7 (VIOLATED)
_062410_/Y                               10     17     -7 (VIOLATED)
_063970_/Y                               10     17     -7 (VIOLATED)
_064174_/Y                               10     17     -7 (VIOLATED)
_064996_/Y                               10     17     -7 (VIOLATED)
_070064_/Y                               10     17     -7 (VIOLATED)
_070065_/X                               10     17     -7 (VIOLATED)
_073830_/Y                               10     17     -7 (VIOLATED)
_073831_/X                               10     17     -7 (VIOLATED)
_074686_/X                               10     17     -7 (VIOLATED)
_083979_/Y                               10     17     -7 (VIOLATED)
_084808_/Y                               10     17     -7 (VIOLATED)
_084833_/Y                               10     17     -7 (VIOLATED)
_085015_/Y                               10     17     -7 (VIOLATED)
_085804_/Y                               10     17     -7 (VIOLATED)
_085864_/X                               10     17     -7 (VIOLATED)
_086636_/Y                               10     17     -7 (VIOLATED)
_087216_/Y                               10     17     -7 (VIOLATED)
_087441_/Y                               10     17     -7 (VIOLATED)
_088217_/Y                               10     17     -7 (VIOLATED)
_088853_/Y                               10     17     -7 (VIOLATED)
_091161_/Y                               10     17     -7 (VIOLATED)
_091625_/Y                               10     17     -7 (VIOLATED)
_093306_/Y                               10     17     -7 (VIOLATED)
_094031_/Y                               10     17     -7 (VIOLATED)
_095017_/Y                               10     17     -7 (VIOLATED)
_096739_/Y                               10     17     -7 (VIOLATED)
_097456_/Y                               10     17     -7 (VIOLATED)
_099935_/Y                               10     17     -7 (VIOLATED)
_099961_/Y                               10     17     -7 (VIOLATED)
_100148_/Y                               10     17     -7 (VIOLATED)
_100609_/Y                               10     17     -7 (VIOLATED)
_101467_/Y                               10     17     -7 (VIOLATED)
_101579_/Y                               10     17     -7 (VIOLATED)
_102460_/Y                               10     17     -7 (VIOLATED)
_102484_/Y                               10     17     -7 (VIOLATED)
_102691_/Y                               10     17     -7 (VIOLATED)
_103316_/Y                               10     17     -7 (VIOLATED)
_104173_/Y                               10     17     -7 (VIOLATED)
_104197_/Y                               10     17     -7 (VIOLATED)
_104406_/Y                               10     17     -7 (VIOLATED)
_104998_/Y                               10     17     -7 (VIOLATED)
_106656_/Y                               10     17     -7 (VIOLATED)
_106681_/Y                               10     17     -7 (VIOLATED)
_106862_/Y                               10     17     -7 (VIOLATED)
_107482_/Y                               10     17     -7 (VIOLATED)
_107508_/Y                               10     17     -7 (VIOLATED)
_108545_/Y                               10     17     -7 (VIOLATED)
_108889_/Y                               10     17     -7 (VIOLATED)
_109309_/Y                               10     17     -7 (VIOLATED)
_109932_/Y                               10     17     -7 (VIOLATED)
_110506_/Y                               10     17     -7 (VIOLATED)
_111546_/Y                               10     17     -7 (VIOLATED)
_111571_/Y                               10     17     -7 (VIOLATED)
_112101_/Y                               10     17     -7 (VIOLATED)
_112370_/Y                               10     17     -7 (VIOLATED)
_112394_/Y                               10     17     -7 (VIOLATED)
_112915_/Y                               10     17     -7 (VIOLATED)
_112998_/X                               10     17     -7 (VIOLATED)
_115092_/Y                               10     17     -7 (VIOLATED)
_119999_/Y                               10     17     -7 (VIOLATED)
_120010_/Y                               10     17     -7 (VIOLATED)
_120020_/Y                               10     17     -7 (VIOLATED)
_120040_/Y                               10     17     -7 (VIOLATED)
_120091_/Y                               10     17     -7 (VIOLATED)
_120111_/Y                               10     17     -7 (VIOLATED)
_120121_/Y                               10     17     -7 (VIOLATED)
_120131_/Y                               10     17     -7 (VIOLATED)
_120161_/Y                               10     17     -7 (VIOLATED)
_120171_/Y                               10     17     -7 (VIOLATED)
_120181_/Y                               10     17     -7 (VIOLATED)
_120201_/Y                               10     17     -7 (VIOLATED)
_120231_/Y                               10     17     -7 (VIOLATED)
_120241_/Y                               10     17     -7 (VIOLATED)
_120251_/Y                               10     17     -7 (VIOLATED)
_120261_/Y                               10     17     -7 (VIOLATED)
_120291_/Y                               10     17     -7 (VIOLATED)
_120301_/Y                               10     17     -7 (VIOLATED)
_120321_/Y                               10     17     -7 (VIOLATED)
_120331_/Y                               10     17     -7 (VIOLATED)
_120351_/Y                               10     17     -7 (VIOLATED)
_120361_/Y                               10     17     -7 (VIOLATED)
_120381_/Y                               10     17     -7 (VIOLATED)
_120401_/Y                               10     17     -7 (VIOLATED)
_120410_/Y                               10     17     -7 (VIOLATED)
_120411_/Y                               10     17     -7 (VIOLATED)
_120431_/Y                               10     17     -7 (VIOLATED)
_120441_/Y                               10     17     -7 (VIOLATED)
_120451_/Y                               10     17     -7 (VIOLATED)
_120491_/Y                               10     17     -7 (VIOLATED)
_120511_/Y                               10     17     -7 (VIOLATED)
_120521_/Y                               10     17     -7 (VIOLATED)
_120531_/Y                               10     17     -7 (VIOLATED)
_120641_/Y                               10     17     -7 (VIOLATED)
_120651_/Y                               10     17     -7 (VIOLATED)
_120661_/Y                               10     17     -7 (VIOLATED)
_120681_/Y                               10     17     -7 (VIOLATED)
_120691_/Y                               10     17     -7 (VIOLATED)
_120711_/Y                               10     17     -7 (VIOLATED)
_120721_/Y                               10     17     -7 (VIOLATED)
_120741_/Y                               10     17     -7 (VIOLATED)
_120751_/Y                               10     17     -7 (VIOLATED)
_120761_/Y                               10     17     -7 (VIOLATED)
_120771_/Y                               10     17     -7 (VIOLATED)
_120791_/Y                               10     17     -7 (VIOLATED)
_120811_/Y                               10     17     -7 (VIOLATED)
_120831_/Y                               10     17     -7 (VIOLATED)
_120841_/Y                               10     17     -7 (VIOLATED)
_120851_/Y                               10     17     -7 (VIOLATED)
_120861_/Y                               10     17     -7 (VIOLATED)
_120891_/Y                               10     17     -7 (VIOLATED)
_120901_/Y                               10     17     -7 (VIOLATED)
_120911_/Y                               10     17     -7 (VIOLATED)
_120931_/Y                               10     17     -7 (VIOLATED)
_120941_/Y                               10     17     -7 (VIOLATED)
_120961_/Y                               10     17     -7 (VIOLATED)
_120971_/Y                               10     17     -7 (VIOLATED)
_120981_/Y                               10     17     -7 (VIOLATED)
_120991_/Y                               10     17     -7 (VIOLATED)
_121001_/Y                               10     17     -7 (VIOLATED)
_121011_/Y                               10     17     -7 (VIOLATED)
_121021_/Y                               10     17     -7 (VIOLATED)
_121041_/Y                               10     17     -7 (VIOLATED)
_121051_/Y                               10     17     -7 (VIOLATED)
_121061_/Y                               10     17     -7 (VIOLATED)
clkbuf_8_102__f_wb_clk_i/X               10     17     -7 (VIOLATED)
clkbuf_8_103__f_wb_clk_i/X               10     17     -7 (VIOLATED)
clkbuf_8_105__f_wb_clk_i/X               10     17     -7 (VIOLATED)
clkbuf_8_106__f_wb_clk_i/X               10     17     -7 (VIOLATED)
clkbuf_8_111__f_wb_clk_i/X               10     17     -7 (VIOLATED)
clkbuf_8_115__f_wb_clk_i/X               10     17     -7 (VIOLATED)
clkbuf_8_118__f_wb_clk_i/X               10     17     -7 (VIOLATED)
clkbuf_8_125__f_wb_clk_i/X               10     17     -7 (VIOLATED)
clkbuf_8_128__f_wb_clk_i/X               10     17     -7 (VIOLATED)
clkbuf_8_137__f_wb_clk_i/X               10     17     -7 (VIOLATED)
clkbuf_8_155__f_wb_clk_i/X               10     17     -7 (VIOLATED)
clkbuf_8_158__f_wb_clk_i/X               10     17     -7 (VIOLATED)
clkbuf_8_164__f_wb_clk_i/X               10     17     -7 (VIOLATED)
clkbuf_8_16__f_wb_clk_i/X                10     17     -7 (VIOLATED)
clkbuf_8_181__f_wb_clk_i/X               10     17     -7 (VIOLATED)
clkbuf_8_186__f_wb_clk_i/X               10     17     -7 (VIOLATED)
clkbuf_8_198__f_wb_clk_i/X               10     17     -7 (VIOLATED)
clkbuf_8_21__f_wb_clk_i/X                10     17     -7 (VIOLATED)
clkbuf_8_223__f_wb_clk_i/X               10     17     -7 (VIOLATED)
clkbuf_8_231__f_wb_clk_i/X               10     17     -7 (VIOLATED)
clkbuf_8_241__f_wb_clk_i/X               10     17     -7 (VIOLATED)
clkbuf_8_35__f_wb_clk_i/X                10     17     -7 (VIOLATED)
clkbuf_8_86__f_wb_clk_i/X                10     17     -7 (VIOLATED)
clkbuf_8_90__f_wb_clk_i/X                10     17     -7 (VIOLATED)
clkbuf_8_91__f_wb_clk_i/X                10     17     -7 (VIOLATED)
clkbuf_8_9__f_wb_clk_i/X                 10     17     -7 (VIOLATED)
fanout10060/X                            10     17     -7 (VIOLATED)
fanout10178/X                            10     17     -7 (VIOLATED)
fanout10226/X                            10     17     -7 (VIOLATED)
fanout10246/X                            10     17     -7 (VIOLATED)
fanout10252/X                            10     17     -7 (VIOLATED)
fanout10261/X                            10     17     -7 (VIOLATED)
fanout10267/X                            10     17     -7 (VIOLATED)
fanout10292/X                            10     17     -7 (VIOLATED)
fanout10366/X                            10     17     -7 (VIOLATED)
fanout10393/X                            10     17     -7 (VIOLATED)
fanout10398/X                            10     17     -7 (VIOLATED)
fanout10540/X                            10     17     -7 (VIOLATED)
fanout10598/X                            10     17     -7 (VIOLATED)
fanout10608/X                            10     17     -7 (VIOLATED)
fanout10617/X                            10     17     -7 (VIOLATED)
fanout10619/X                            10     17     -7 (VIOLATED)
fanout10623/X                            10     17     -7 (VIOLATED)
fanout10640/X                            10     17     -7 (VIOLATED)
fanout10691/X                            10     17     -7 (VIOLATED)
fanout10701/X                            10     17     -7 (VIOLATED)
fanout10711/X                            10     17     -7 (VIOLATED)
fanout10729/X                            10     17     -7 (VIOLATED)
fanout10732/X                            10     17     -7 (VIOLATED)
fanout10742/X                            10     17     -7 (VIOLATED)
fanout10778/X                            10     17     -7 (VIOLATED)
fanout10807/X                            10     17     -7 (VIOLATED)
fanout10825/X                            10     17     -7 (VIOLATED)
fanout10850/X                            10     17     -7 (VIOLATED)
fanout10879/X                            10     17     -7 (VIOLATED)
fanout10939/X                            10     17     -7 (VIOLATED)
fanout10974/X                            10     17     -7 (VIOLATED)
fanout10976/X                            10     17     -7 (VIOLATED)
fanout10986/X                            10     17     -7 (VIOLATED)
fanout10993/X                            10     17     -7 (VIOLATED)
fanout10999/X                            10     17     -7 (VIOLATED)
fanout11001/X                            10     17     -7 (VIOLATED)
fanout11014/X                            10     17     -7 (VIOLATED)
fanout11039/X                            10     17     -7 (VIOLATED)
fanout11059/X                            10     17     -7 (VIOLATED)
fanout11098/X                            10     17     -7 (VIOLATED)
fanout11134/X                            10     17     -7 (VIOLATED)
fanout11402/X                            10     17     -7 (VIOLATED)
fanout11462/X                            10     17     -7 (VIOLATED)
fanout11475/X                            10     17     -7 (VIOLATED)
fanout11565/X                            10     17     -7 (VIOLATED)
fanout11677/X                            10     17     -7 (VIOLATED)
fanout1168/X                             10     17     -7 (VIOLATED)
fanout11681/X                            10     17     -7 (VIOLATED)
fanout11682/X                            10     17     -7 (VIOLATED)
fanout11747/X                            10     17     -7 (VIOLATED)
fanout11780/X                            10     17     -7 (VIOLATED)
fanout1460/X                             10     17     -7 (VIOLATED)
fanout1464/X                             10     17     -7 (VIOLATED)
fanout1768/X                             10     17     -7 (VIOLATED)
fanout1798/X                             10     17     -7 (VIOLATED)
fanout259/X                              10     17     -7 (VIOLATED)
fanout269/X                              10     17     -7 (VIOLATED)
fanout3010/X                             10     17     -7 (VIOLATED)
fanout315/X                              10     17     -7 (VIOLATED)
fanout317/X                              10     17     -7 (VIOLATED)
fanout3189/X                             10     17     -7 (VIOLATED)
fanout3490/X                             10     17     -7 (VIOLATED)
fanout4034/X                             10     17     -7 (VIOLATED)
fanout4041/X                             10     17     -7 (VIOLATED)
fanout4045/X                             10     17     -7 (VIOLATED)
fanout4066/X                             10     17     -7 (VIOLATED)
fanout4105/X                             10     17     -7 (VIOLATED)
fanout4161/X                             10     17     -7 (VIOLATED)
fanout4239/X                             10     17     -7 (VIOLATED)
fanout4308/X                             10     17     -7 (VIOLATED)
fanout4324/X                             10     17     -7 (VIOLATED)
fanout4326/X                             10     17     -7 (VIOLATED)
fanout4344/X                             10     17     -7 (VIOLATED)
fanout4349/X                             10     17     -7 (VIOLATED)
fanout4351/X                             10     17     -7 (VIOLATED)
fanout4400/X                             10     17     -7 (VIOLATED)
fanout4406/X                             10     17     -7 (VIOLATED)
fanout4411/X                             10     17     -7 (VIOLATED)
fanout4419/X                             10     17     -7 (VIOLATED)
fanout4442/X                             10     17     -7 (VIOLATED)
fanout445/X                              10     17     -7 (VIOLATED)
fanout4498/X                             10     17     -7 (VIOLATED)
fanout4523/X                             10     17     -7 (VIOLATED)
fanout4545/X                             10     17     -7 (VIOLATED)
fanout4572/X                             10     17     -7 (VIOLATED)
fanout4616/X                             10     17     -7 (VIOLATED)
fanout4666/X                             10     17     -7 (VIOLATED)
fanout4708/X                             10     17     -7 (VIOLATED)
fanout4745/X                             10     17     -7 (VIOLATED)
fanout4763/X                             10     17     -7 (VIOLATED)
fanout4780/X                             10     17     -7 (VIOLATED)
fanout4795/X                             10     17     -7 (VIOLATED)
fanout4797/X                             10     17     -7 (VIOLATED)
fanout4849/X                             10     17     -7 (VIOLATED)
fanout4858/X                             10     17     -7 (VIOLATED)
fanout4879/X                             10     17     -7 (VIOLATED)
fanout4912/X                             10     17     -7 (VIOLATED)
fanout4920/X                             10     17     -7 (VIOLATED)
fanout4930/X                             10     17     -7 (VIOLATED)
fanout4942/X                             10     17     -7 (VIOLATED)
fanout4945/X                             10     17     -7 (VIOLATED)
fanout4955/X                             10     17     -7 (VIOLATED)
fanout4990/X                             10     17     -7 (VIOLATED)
fanout4998/X                             10     17     -7 (VIOLATED)
fanout5019/X                             10     17     -7 (VIOLATED)
fanout5051/X                             10     17     -7 (VIOLATED)
fanout5176/X                             10     17     -7 (VIOLATED)
fanout5238/X                             10     17     -7 (VIOLATED)
fanout5262/X                             10     17     -7 (VIOLATED)
fanout5280/X                             10     17     -7 (VIOLATED)
fanout5283/X                             10     17     -7 (VIOLATED)
fanout5285/X                             10     17     -7 (VIOLATED)
fanout5305/X                             10     17     -7 (VIOLATED)
fanout5309/X                             10     17     -7 (VIOLATED)
fanout5310/X                             10     17     -7 (VIOLATED)
fanout5317/X                             10     17     -7 (VIOLATED)
fanout5326/X                             10     17     -7 (VIOLATED)
fanout5352/X                             10     17     -7 (VIOLATED)
fanout5362/X                             10     17     -7 (VIOLATED)
fanout5376/X                             10     17     -7 (VIOLATED)
fanout5386/X                             10     17     -7 (VIOLATED)
fanout5406/X                             10     17     -7 (VIOLATED)
fanout5472/X                             10     17     -7 (VIOLATED)
fanout5483/X                             10     17     -7 (VIOLATED)
fanout5506/X                             10     17     -7 (VIOLATED)
fanout5536/X                             10     17     -7 (VIOLATED)
fanout560/X                              10     17     -7 (VIOLATED)
fanout5746/X                             10     17     -7 (VIOLATED)
fanout5848/X                             10     17     -7 (VIOLATED)
fanout5869/X                             10     17     -7 (VIOLATED)
fanout5934/X                             10     17     -7 (VIOLATED)
fanout5990/X                             10     17     -7 (VIOLATED)
fanout6038/X                             10     17     -7 (VIOLATED)
fanout6044/X                             10     17     -7 (VIOLATED)
fanout6051/X                             10     17     -7 (VIOLATED)
fanout6110/X                             10     17     -7 (VIOLATED)
fanout653/X                              10     17     -7 (VIOLATED)
fanout689/X                              10     17     -7 (VIOLATED)
fanout7669/X                             10     17     -7 (VIOLATED)
fanout7754/X                             10     17     -7 (VIOLATED)
fanout7756/X                             10     17     -7 (VIOLATED)
fanout780/X                              10     17     -7 (VIOLATED)
fanout7833/X                             10     17     -7 (VIOLATED)
fanout7888/X                             10     17     -7 (VIOLATED)
fanout7903/X                             10     17     -7 (VIOLATED)
fanout8010/X                             10     17     -7 (VIOLATED)
fanout8012/X                             10     17     -7 (VIOLATED)
fanout8043/X                             10     17     -7 (VIOLATED)
fanout8124/X                             10     17     -7 (VIOLATED)
fanout8131/X                             10     17     -7 (VIOLATED)
fanout8183/X                             10     17     -7 (VIOLATED)
fanout8259/X                             10     17     -7 (VIOLATED)
fanout8295/X                             10     17     -7 (VIOLATED)
fanout8300/X                             10     17     -7 (VIOLATED)
fanout8302/X                             10     17     -7 (VIOLATED)
fanout8325/X                             10     17     -7 (VIOLATED)
fanout8335/X                             10     17     -7 (VIOLATED)
fanout8387/X                             10     17     -7 (VIOLATED)
fanout8393/X                             10     17     -7 (VIOLATED)
fanout8422/X                             10     17     -7 (VIOLATED)
fanout8425/X                             10     17     -7 (VIOLATED)
fanout8466/X                             10     17     -7 (VIOLATED)
fanout8479/X                             10     17     -7 (VIOLATED)
fanout8534/X                             10     17     -7 (VIOLATED)
fanout856/X                              10     17     -7 (VIOLATED)
fanout8592/X                             10     17     -7 (VIOLATED)
fanout8597/X                             10     17     -7 (VIOLATED)
fanout8613/X                             10     17     -7 (VIOLATED)
fanout8653/X                             10     17     -7 (VIOLATED)
fanout8663/X                             10     17     -7 (VIOLATED)
fanout8687/X                             10     17     -7 (VIOLATED)
fanout8690/X                             10     17     -7 (VIOLATED)
fanout8762/X                             10     17     -7 (VIOLATED)
fanout8780/X                             10     17     -7 (VIOLATED)
fanout8785/X                             10     17     -7 (VIOLATED)
fanout8812/X                             10     17     -7 (VIOLATED)
fanout8818/X                             10     17     -7 (VIOLATED)
fanout8826/X                             10     17     -7 (VIOLATED)
fanout8829/X                             10     17     -7 (VIOLATED)
fanout8835/X                             10     17     -7 (VIOLATED)
fanout884/X                              10     17     -7 (VIOLATED)
fanout8848/X                             10     17     -7 (VIOLATED)
fanout8867/X                             10     17     -7 (VIOLATED)
fanout890/X                              10     17     -7 (VIOLATED)
fanout8903/X                             10     17     -7 (VIOLATED)
fanout8920/X                             10     17     -7 (VIOLATED)
fanout894/X                              10     17     -7 (VIOLATED)
fanout8942/X                             10     17     -7 (VIOLATED)
fanout901/X                              10     17     -7 (VIOLATED)
fanout907/X                              10     17     -7 (VIOLATED)
fanout9081/X                             10     17     -7 (VIOLATED)
fanout9083/X                             10     17     -7 (VIOLATED)
fanout9144/X                             10     17     -7 (VIOLATED)
fanout9153/X                             10     17     -7 (VIOLATED)
fanout9158/X                             10     17     -7 (VIOLATED)
fanout9173/X                             10     17     -7 (VIOLATED)
fanout9194/X                             10     17     -7 (VIOLATED)
fanout9391/X                             10     17     -7 (VIOLATED)
fanout9395/X                             10     17     -7 (VIOLATED)
fanout9403/X                             10     17     -7 (VIOLATED)
fanout9492/X                             10     17     -7 (VIOLATED)
fanout9539/X                             10     17     -7 (VIOLATED)
fanout9594/X                             10     17     -7 (VIOLATED)
fanout9603/X                             10     17     -7 (VIOLATED)
fanout9615/X                             10     17     -7 (VIOLATED)
fanout9651/X                             10     17     -7 (VIOLATED)
fanout9703/X                             10     17     -7 (VIOLATED)
fanout9711/X                             10     17     -7 (VIOLATED)
fanout9718/X                             10     17     -7 (VIOLATED)
fanout9721/X                             10     17     -7 (VIOLATED)
fanout9727/X                             10     17     -7 (VIOLATED)
fanout9739/X                             10     17     -7 (VIOLATED)
fanout9882/X                             10     17     -7 (VIOLATED)
fanout9886/X                             10     17     -7 (VIOLATED)
fanout9928/X                             10     17     -7 (VIOLATED)
fanout9937/X                             10     17     -7 (VIOLATED)
fanout9998/X                             10     17     -7 (VIOLATED)
hold1222/X                               10     17     -7 (VIOLATED)
hold13046/X                              10     17     -7 (VIOLATED)
hold13843/X                              10     17     -7 (VIOLATED)
hold14195/X                              10     17     -7 (VIOLATED)
hold14766/X                              10     17     -7 (VIOLATED)
hold14905/X                              10     17     -7 (VIOLATED)
hold14948/X                              10     17     -7 (VIOLATED)
hold14959/X                              10     17     -7 (VIOLATED)
hold14984/X                              10     17     -7 (VIOLATED)
hold15163/X                              10     17     -7 (VIOLATED)
hold15184/X                              10     17     -7 (VIOLATED)
hold15198/X                              10     17     -7 (VIOLATED)
hold15270/X                              10     17     -7 (VIOLATED)
hold15333/X                              10     17     -7 (VIOLATED)
hold15351/X                              10     17     -7 (VIOLATED)
hold15355/X                              10     17     -7 (VIOLATED)
hold15361/X                              10     17     -7 (VIOLATED)
hold15427/X                              10     17     -7 (VIOLATED)
hold15449/X                              10     17     -7 (VIOLATED)
hold15501/X                              10     17     -7 (VIOLATED)
hold15524/X                              10     17     -7 (VIOLATED)
hold15550/X                              10     17     -7 (VIOLATED)
hold15618/X                              10     17     -7 (VIOLATED)
hold15629/X                              10     17     -7 (VIOLATED)
hold15650/X                              10     17     -7 (VIOLATED)
hold15678/X                              10     17     -7 (VIOLATED)
hold15705/X                              10     17     -7 (VIOLATED)
hold15743/X                              10     17     -7 (VIOLATED)
hold15793/X                              10     17     -7 (VIOLATED)
hold15808/X                              10     17     -7 (VIOLATED)
hold15842/X                              10     17     -7 (VIOLATED)
hold15893/X                              10     17     -7 (VIOLATED)
hold15903/X                              10     17     -7 (VIOLATED)
hold15954/X                              10     17     -7 (VIOLATED)
hold15964/X                              10     17     -7 (VIOLATED)
hold15999/X                              10     17     -7 (VIOLATED)
hold16042/X                              10     17     -7 (VIOLATED)
hold16131/X                              10     17     -7 (VIOLATED)
hold162/X                                10     17     -7 (VIOLATED)
hold16201/X                              10     17     -7 (VIOLATED)
hold16356/X                              10     17     -7 (VIOLATED)
hold16478/X                              10     17     -7 (VIOLATED)
hold16571/X                              10     17     -7 (VIOLATED)
hold16598/X                              10     17     -7 (VIOLATED)
hold16641/X                              10     17     -7 (VIOLATED)
hold16658/X                              10     17     -7 (VIOLATED)
hold16710/X                              10     17     -7 (VIOLATED)
hold16813/X                              10     17     -7 (VIOLATED)
hold16842/X                              10     17     -7 (VIOLATED)
hold16866/X                              10     17     -7 (VIOLATED)
hold16874/X                              10     17     -7 (VIOLATED)
hold16903/X                              10     17     -7 (VIOLATED)
hold17077/X                              10     17     -7 (VIOLATED)
hold17101/X                              10     17     -7 (VIOLATED)
hold17238/X                              10     17     -7 (VIOLATED)
hold17426/X                              10     17     -7 (VIOLATED)
hold17483/X                              10     17     -7 (VIOLATED)
hold17669/X                              10     17     -7 (VIOLATED)
hold17730/X                              10     17     -7 (VIOLATED)
hold17755/X                              10     17     -7 (VIOLATED)
hold17756/X                              10     17     -7 (VIOLATED)
hold17766/X                              10     17     -7 (VIOLATED)
hold17835/X                              10     17     -7 (VIOLATED)
hold17880/X                              10     17     -7 (VIOLATED)
hold18/X                                 10     17     -7 (VIOLATED)
hold18177/X                              10     17     -7 (VIOLATED)
hold18656/X                              10     17     -7 (VIOLATED)
hold189/X                                10     17     -7 (VIOLATED)
hold19012/X                              10     17     -7 (VIOLATED)
hold19330/X                              10     17     -7 (VIOLATED)
hold23037/X                              10     17     -7 (VIOLATED)
hold2509/X                               10     17     -7 (VIOLATED)
hold27179/X                              10     17     -7 (VIOLATED)
hold27760/X                              10     17     -7 (VIOLATED)
hold28153/X                              10     17     -7 (VIOLATED)
hold31181/X                              10     17     -7 (VIOLATED)
hold31484/X                              10     17     -7 (VIOLATED)
hold3237/X                               10     17     -7 (VIOLATED)
hold38267/X                              10     17     -7 (VIOLATED)
hold4914/X                               10     17     -7 (VIOLATED)
hold5035/X                               10     17     -7 (VIOLATED)
hold5604/X                               10     17     -7 (VIOLATED)
hold8976/X                               10     17     -7 (VIOLATED)
max_length4598/X                         10     17     -7 (VIOLATED)
max_length7683/X                         10     17     -7 (VIOLATED)
max_length7810/X                         10     17     -7 (VIOLATED)
wire10049/X                              10     17     -7 (VIOLATED)
wire10052/X                              10     17     -7 (VIOLATED)
wire10221/X                              10     17     -7 (VIOLATED)
wire10250/X                              10     17     -7 (VIOLATED)
wire1087/X                               10     17     -7 (VIOLATED)
wire10958/X                              10     17     -7 (VIOLATED)
wire11103/X                              10     17     -7 (VIOLATED)
wire11405/X                              10     17     -7 (VIOLATED)
wire11422/X                              10     17     -7 (VIOLATED)
wire11436/X                              10     17     -7 (VIOLATED)
wire11588/X                              10     17     -7 (VIOLATED)
wire11614/X                              10     17     -7 (VIOLATED)
wire11637/X                              10     17     -7 (VIOLATED)
wire11757/X                              10     17     -7 (VIOLATED)
wire11908/X                              10     17     -7 (VIOLATED)
wire1731/X                               10     17     -7 (VIOLATED)
wire3433/X                               10     17     -7 (VIOLATED)
wire3542/X                               10     17     -7 (VIOLATED)
wire393/X                                10     17     -7 (VIOLATED)
wire4093/X                               10     17     -7 (VIOLATED)
wire460/X                                10     17     -7 (VIOLATED)
wire4806/X                               10     17     -7 (VIOLATED)
wire4845/X                               10     17     -7 (VIOLATED)
wire486/X                                10     17     -7 (VIOLATED)
wire5111/X                               10     17     -7 (VIOLATED)
wire5454/X                               10     17     -7 (VIOLATED)
wire5508/X                               10     17     -7 (VIOLATED)
wire5632/X                               10     17     -7 (VIOLATED)
wire5694/X                               10     17     -7 (VIOLATED)
wire5702/X                               10     17     -7 (VIOLATED)
wire630/X                                10     17     -7 (VIOLATED)
wire632/X                                10     17     -7 (VIOLATED)
wire641/X                                10     17     -7 (VIOLATED)
wire7695/X                               10     17     -7 (VIOLATED)
wire7716/X                               10     17     -7 (VIOLATED)
wire7841/X                               10     17     -7 (VIOLATED)
wire8026/X                               10     17     -7 (VIOLATED)
wire8107/X                               10     17     -7 (VIOLATED)
wire8120/X                               10     17     -7 (VIOLATED)
wire8128/X                               10     17     -7 (VIOLATED)
wire814/X                                10     17     -7 (VIOLATED)
wire8352/X                               10     17     -7 (VIOLATED)
wire8359/X                               10     17     -7 (VIOLATED)
wire8476/X                               10     17     -7 (VIOLATED)
wire8489/X                               10     17     -7 (VIOLATED)
wire8560/X                               10     17     -7 (VIOLATED)
wire903/X                                10     17     -7 (VIOLATED)
wire9351/X                               10     17     -7 (VIOLATED)
wire9361/X                               10     17     -7 (VIOLATED)
wire9455/X                               10     17     -7 (VIOLATED)
wire9750/X                               10     17     -7 (VIOLATED)
wire9754/X                               10     17     -7 (VIOLATED)
wire9801/X                               10     17     -7 (VIOLATED)
wire9849/X                               10     17     -7 (VIOLATED)
wire9865/X                               10     17     -7 (VIOLATED)
wire9906/X                               10     17     -7 (VIOLATED)
_105427_/X                               10     16     -6 (VIOLATED)
wire1632/X                               10     16     -6 (VIOLATED)
wire170/X                                10     16     -6 (VIOLATED)
wire3340/X                               10     16     -6 (VIOLATED)
wire504/X                                10     16     -6 (VIOLATED)
wire679/X                                10     16     -6 (VIOLATED)
wire7111/X                               10     16     -6 (VIOLATED)
wire7116/X                               10     16     -6 (VIOLATED)
wire915/X                                10     16     -6 (VIOLATED)
wire937/X                                10     16     -6 (VIOLATED)
wire9590/X                               10     16     -6 (VIOLATED)
_060691_/Y                               10     15     -5 (VIOLATED)
_060749_/Y                               10     15     -5 (VIOLATED)
_060766_/Y                               10     15     -5 (VIOLATED)
_060833_/Y                               10     15     -5 (VIOLATED)
_060948_/Y                               10     15     -5 (VIOLATED)
_060990_/Y                               10     15     -5 (VIOLATED)
_061146_/Y                               10     15     -5 (VIOLATED)
_061279_/Y                               10     15     -5 (VIOLATED)
_061292_/Y                               10     15     -5 (VIOLATED)
_061788_/Y                               10     15     -5 (VIOLATED)
_062197_/Y                               10     15     -5 (VIOLATED)
_062430_/Y                               10     15     -5 (VIOLATED)
_063766_/Y                               10     15     -5 (VIOLATED)
_063990_/Y                               10     15     -5 (VIOLATED)
_064579_/Y                               10     15     -5 (VIOLATED)
_064809_/Y                               10     15     -5 (VIOLATED)
_065542_/X                               10     15     -5 (VIOLATED)
_066157_/X                               10     15     -5 (VIOLATED)
_066368_/Y                               10     15     -5 (VIOLATED)
_066390_/Y                               10     15     -5 (VIOLATED)
_067077_/X                               10     15     -5 (VIOLATED)
_067078_/X                               10     15     -5 (VIOLATED)
_067104_/X                               10     15     -5 (VIOLATED)
_067854_/X                               10     15     -5 (VIOLATED)
_068562_/X                               10     15     -5 (VIOLATED)
_068588_/X                               10     15     -5 (VIOLATED)
_068679_/X                               10     15     -5 (VIOLATED)
_070090_/X                               10     15     -5 (VIOLATED)
_074597_/X                               10     15     -5 (VIOLATED)
_075330_/X                               10     15     -5 (VIOLATED)
_075331_/X                               10     15     -5 (VIOLATED)
_077149_/Y                               10     15     -5 (VIOLATED)
_082568_/Y                               10     15     -5 (VIOLATED)
_082603_/Y                               10     15     -5 (VIOLATED)
_084001_/Y                               10     15     -5 (VIOLATED)
_085504_/Y                               10     15     -5 (VIOLATED)
_087236_/Y                               10     15     -5 (VIOLATED)
_088644_/Y                               10     15     -5 (VIOLATED)
_088873_/Y                               10     15     -5 (VIOLATED)
_089673_/Y                               10     15     -5 (VIOLATED)
_089697_/Y                               10     15     -5 (VIOLATED)
_091380_/Y                               10     15     -5 (VIOLATED)
_091426_/Y                               10     15     -5 (VIOLATED)
_093338_/Y                               10     15     -5 (VIOLATED)
_094072_/Y                               10     15     -5 (VIOLATED)
_094791_/Y                               10     15     -5 (VIOLATED)
_094816_/Y                               10     15     -5 (VIOLATED)
_096510_/Y                               10     15     -5 (VIOLATED)
_096535_/Y                               10     15     -5 (VIOLATED)
_097376_/X                               10     15     -5 (VIOLATED)
_097377_/Y                               10     15     -5 (VIOLATED)
_101626_/Y                               10     15     -5 (VIOLATED)
_103319_/Y                               10     15     -5 (VIOLATED)
_103945_/Y                               10     15     -5 (VIOLATED)
_105713_/Y                               10     15     -5 (VIOLATED)
_108183_/Y                               10     15     -5 (VIOLATED)
_108996_/Y                               10     15     -5 (VIOLATED)
_109368_/X                               10     15     -5 (VIOLATED)
_109908_/Y                               10     15     -5 (VIOLATED)
_115084_/X                               10     15     -5 (VIOLATED)
clkbuf_8_104__f_wb_clk_i/X               10     15     -5 (VIOLATED)
clkbuf_8_109__f_wb_clk_i/X               10     15     -5 (VIOLATED)
clkbuf_8_112__f_wb_clk_i/X               10     15     -5 (VIOLATED)
clkbuf_8_116__f_wb_clk_i/X               10     15     -5 (VIOLATED)
clkbuf_8_129__f_wb_clk_i/X               10     15     -5 (VIOLATED)
clkbuf_8_134__f_wb_clk_i/X               10     15     -5 (VIOLATED)
clkbuf_8_138__f_wb_clk_i/X               10     15     -5 (VIOLATED)
clkbuf_8_139__f_wb_clk_i/X               10     15     -5 (VIOLATED)
clkbuf_8_152__f_wb_clk_i/X               10     15     -5 (VIOLATED)
clkbuf_8_153__f_wb_clk_i/X               10     15     -5 (VIOLATED)
clkbuf_8_163__f_wb_clk_i/X               10     15     -5 (VIOLATED)
clkbuf_8_165__f_wb_clk_i/X               10     15     -5 (VIOLATED)
clkbuf_8_166__f_wb_clk_i/X               10     15     -5 (VIOLATED)
clkbuf_8_168__f_wb_clk_i/X               10     15     -5 (VIOLATED)
clkbuf_8_180__f_wb_clk_i/X               10     15     -5 (VIOLATED)
clkbuf_8_184__f_wb_clk_i/X               10     15     -5 (VIOLATED)
clkbuf_8_185__f_wb_clk_i/X               10     15     -5 (VIOLATED)
clkbuf_8_188__f_wb_clk_i/X               10     15     -5 (VIOLATED)
clkbuf_8_189__f_wb_clk_i/X               10     15     -5 (VIOLATED)
clkbuf_8_202__f_wb_clk_i/X               10     15     -5 (VIOLATED)
clkbuf_8_203__f_wb_clk_i/X               10     15     -5 (VIOLATED)
clkbuf_8_230__f_wb_clk_i/X               10     15     -5 (VIOLATED)
clkbuf_8_234__f_wb_clk_i/X               10     15     -5 (VIOLATED)
clkbuf_8_235__f_wb_clk_i/X               10     15     -5 (VIOLATED)
clkbuf_8_244__f_wb_clk_i/X               10     15     -5 (VIOLATED)
clkbuf_8_245__f_wb_clk_i/X               10     15     -5 (VIOLATED)
clkbuf_8_249__f_wb_clk_i/X               10     15     -5 (VIOLATED)
clkbuf_8_253__f_wb_clk_i/X               10     15     -5 (VIOLATED)
clkbuf_8_63__f_wb_clk_i/X                10     15     -5 (VIOLATED)
clkbuf_8_65__f_wb_clk_i/X                10     15     -5 (VIOLATED)
clkbuf_8_70__f_wb_clk_i/X                10     15     -5 (VIOLATED)
clkbuf_8_85__f_wb_clk_i/X                10     15     -5 (VIOLATED)
clkbuf_8_87__f_wb_clk_i/X                10     15     -5 (VIOLATED)
clkbuf_8_89__f_wb_clk_i/X                10     15     -5 (VIOLATED)
clkbuf_8_8__f_wb_clk_i/X                 10     15     -5 (VIOLATED)
fanout10009/X                            10     15     -5 (VIOLATED)
fanout10026/X                            10     15     -5 (VIOLATED)
fanout10034/X                            10     15     -5 (VIOLATED)
fanout10042/X                            10     15     -5 (VIOLATED)
fanout10092/X                            10     15     -5 (VIOLATED)
fanout10118/X                            10     15     -5 (VIOLATED)
fanout10192/X                            10     15     -5 (VIOLATED)
fanout10208/X                            10     15     -5 (VIOLATED)
fanout10229/X                            10     15     -5 (VIOLATED)
fanout10269/X                            10     15     -5 (VIOLATED)
fanout10273/X                            10     15     -5 (VIOLATED)
fanout10299/X                            10     15     -5 (VIOLATED)
fanout10307/X                            10     15     -5 (VIOLATED)
fanout10315/X                            10     15     -5 (VIOLATED)
fanout10316/X                            10     15     -5 (VIOLATED)
fanout10333/X                            10     15     -5 (VIOLATED)
fanout10335/X                            10     15     -5 (VIOLATED)
fanout10337/X                            10     15     -5 (VIOLATED)
fanout10359/X                            10     15     -5 (VIOLATED)
fanout10360/X                            10     15     -5 (VIOLATED)
fanout10368/X                            10     15     -5 (VIOLATED)
fanout10371/X                            10     15     -5 (VIOLATED)
fanout10385/X                            10     15     -5 (VIOLATED)
fanout10388/X                            10     15     -5 (VIOLATED)
fanout10439/X                            10     15     -5 (VIOLATED)
fanout10448/X                            10     15     -5 (VIOLATED)
fanout10451/X                            10     15     -5 (VIOLATED)
fanout10454/X                            10     15     -5 (VIOLATED)
fanout10499/X                            10     15     -5 (VIOLATED)
fanout10515/X                            10     15     -5 (VIOLATED)
fanout10583/X                            10     15     -5 (VIOLATED)
fanout10589/X                            10     15     -5 (VIOLATED)
fanout10594/X                            10     15     -5 (VIOLATED)
fanout10645/X                            10     15     -5 (VIOLATED)
fanout10664/X                            10     15     -5 (VIOLATED)
fanout10671/X                            10     15     -5 (VIOLATED)
fanout10678/X                            10     15     -5 (VIOLATED)
fanout10689/X                            10     15     -5 (VIOLATED)
fanout10700/X                            10     15     -5 (VIOLATED)
fanout10738/X                            10     15     -5 (VIOLATED)
fanout10739/X                            10     15     -5 (VIOLATED)
fanout10743/X                            10     15     -5 (VIOLATED)
fanout10746/X                            10     15     -5 (VIOLATED)
fanout10749/X                            10     15     -5 (VIOLATED)
fanout10768/X                            10     15     -5 (VIOLATED)
fanout10786/X                            10     15     -5 (VIOLATED)
fanout10803/X                            10     15     -5 (VIOLATED)
fanout10817/X                            10     15     -5 (VIOLATED)
fanout10827/X                            10     15     -5 (VIOLATED)
fanout10883/X                            10     15     -5 (VIOLATED)
fanout10937/X                            10     15     -5 (VIOLATED)
fanout10984/X                            10     15     -5 (VIOLATED)
fanout11017/X                            10     15     -5 (VIOLATED)
fanout11024/X                            10     15     -5 (VIOLATED)
fanout11025/X                            10     15     -5 (VIOLATED)
fanout11027/X                            10     15     -5 (VIOLATED)
fanout11057/X                            10     15     -5 (VIOLATED)
fanout11063/X                            10     15     -5 (VIOLATED)
fanout11065/X                            10     15     -5 (VIOLATED)
fanout11071/X                            10     15     -5 (VIOLATED)
fanout11079/X                            10     15     -5 (VIOLATED)
fanout11088/X                            10     15     -5 (VIOLATED)
fanout11132/X                            10     15     -5 (VIOLATED)
fanout11140/X                            10     15     -5 (VIOLATED)
fanout11157/X                            10     15     -5 (VIOLATED)
fanout11376/X                            10     15     -5 (VIOLATED)
fanout11538/X                            10     15     -5 (VIOLATED)
fanout11607/X                            10     15     -5 (VIOLATED)
fanout11625/X                            10     15     -5 (VIOLATED)
fanout11643/X                            10     15     -5 (VIOLATED)
fanout11649/X                            10     15     -5 (VIOLATED)
fanout11692/X                            10     15     -5 (VIOLATED)
fanout11701/X                            10     15     -5 (VIOLATED)
fanout11705/X                            10     15     -5 (VIOLATED)
fanout11822/X                            10     15     -5 (VIOLATED)
fanout11882/X                            10     15     -5 (VIOLATED)
fanout11904/X                            10     15     -5 (VIOLATED)
fanout1450/X                             10     15     -5 (VIOLATED)
fanout1456/X                             10     15     -5 (VIOLATED)
fanout1477/X                             10     15     -5 (VIOLATED)
fanout1661/X                             10     15     -5 (VIOLATED)
fanout1742/X                             10     15     -5 (VIOLATED)
fanout1746/X                             10     15     -5 (VIOLATED)
fanout1766/X                             10     15     -5 (VIOLATED)
fanout1783/X                             10     15     -5 (VIOLATED)
fanout1786/X                             10     15     -5 (VIOLATED)
fanout1796/X                             10     15     -5 (VIOLATED)
fanout1800/X                             10     15     -5 (VIOLATED)
fanout212/X                              10     15     -5 (VIOLATED)
fanout260/X                              10     15     -5 (VIOLATED)
fanout3516/X                             10     15     -5 (VIOLATED)
fanout3532/X                             10     15     -5 (VIOLATED)
fanout3537/X                             10     15     -5 (VIOLATED)
fanout3540/X                             10     15     -5 (VIOLATED)
fanout3544/X                             10     15     -5 (VIOLATED)
fanout4028/X                             10     15     -5 (VIOLATED)
fanout4060/X                             10     15     -5 (VIOLATED)
fanout4074/X                             10     15     -5 (VIOLATED)
fanout4076/X                             10     15     -5 (VIOLATED)
fanout4078/X                             10     15     -5 (VIOLATED)
fanout4134/X                             10     15     -5 (VIOLATED)
fanout4137/X                             10     15     -5 (VIOLATED)
fanout4142/X                             10     15     -5 (VIOLATED)
fanout4151/X                             10     15     -5 (VIOLATED)
fanout4170/X                             10     15     -5 (VIOLATED)
fanout4175/X                             10     15     -5 (VIOLATED)
fanout4178/X                             10     15     -5 (VIOLATED)
fanout4181/X                             10     15     -5 (VIOLATED)
fanout4220/X                             10     15     -5 (VIOLATED)
fanout4265/X                             10     15     -5 (VIOLATED)
fanout4336/X                             10     15     -5 (VIOLATED)
fanout4339/X                             10     15     -5 (VIOLATED)
fanout436/X                              10     15     -5 (VIOLATED)
fanout4397/X                             10     15     -5 (VIOLATED)
fanout4421/X                             10     15     -5 (VIOLATED)
fanout4445/X                             10     15     -5 (VIOLATED)
fanout4447/X                             10     15     -5 (VIOLATED)
fanout448/X                              10     15     -5 (VIOLATED)
fanout4481/X                             10     15     -5 (VIOLATED)
fanout4496/X                             10     15     -5 (VIOLATED)
fanout4507/X                             10     15     -5 (VIOLATED)
fanout4551/X                             10     15     -5 (VIOLATED)
fanout4559/X                             10     15     -5 (VIOLATED)
fanout456/X                              10     15     -5 (VIOLATED)
fanout4568/X                             10     15     -5 (VIOLATED)
fanout4585/X                             10     15     -5 (VIOLATED)
fanout4614/X                             10     15     -5 (VIOLATED)
fanout4664/X                             10     15     -5 (VIOLATED)
fanout4686/X                             10     15     -5 (VIOLATED)
fanout4715/X                             10     15     -5 (VIOLATED)
fanout4748/X                             10     15     -5 (VIOLATED)
fanout4773/X                             10     15     -5 (VIOLATED)
fanout4774/X                             10     15     -5 (VIOLATED)
fanout4796/X                             10     15     -5 (VIOLATED)
fanout487/X                              10     15     -5 (VIOLATED)
fanout4918/X                             10     15     -5 (VIOLATED)
fanout4928/X                             10     15     -5 (VIOLATED)
fanout4932/X                             10     15     -5 (VIOLATED)
fanout4940/X                             10     15     -5 (VIOLATED)
fanout4976/X                             10     15     -5 (VIOLATED)
fanout5002/X                             10     15     -5 (VIOLATED)
fanout5008/X                             10     15     -5 (VIOLATED)
fanout5009/X                             10     15     -5 (VIOLATED)
fanout507/X                              10     15     -5 (VIOLATED)
fanout5073/X                             10     15     -5 (VIOLATED)
fanout5194/X                             10     15     -5 (VIOLATED)
fanout5218/X                             10     15     -5 (VIOLATED)
fanout5225/X                             10     15     -5 (VIOLATED)
fanout5231/X                             10     15     -5 (VIOLATED)
fanout5250/X                             10     15     -5 (VIOLATED)
fanout5292/X                             10     15     -5 (VIOLATED)
fanout5318/X                             10     15     -5 (VIOLATED)
fanout5359/X                             10     15     -5 (VIOLATED)
fanout5365/X                             10     15     -5 (VIOLATED)
fanout5366/X                             10     15     -5 (VIOLATED)
fanout5409/X                             10     15     -5 (VIOLATED)
fanout5424/X                             10     15     -5 (VIOLATED)
fanout5426/X                             10     15     -5 (VIOLATED)
fanout5462/X                             10     15     -5 (VIOLATED)
fanout5482/X                             10     15     -5 (VIOLATED)
fanout5521/X                             10     15     -5 (VIOLATED)
fanout5584/X                             10     15     -5 (VIOLATED)
fanout5596/X                             10     15     -5 (VIOLATED)
fanout5640/X                             10     15     -5 (VIOLATED)
fanout5644/X                             10     15     -5 (VIOLATED)
fanout5647/X                             10     15     -5 (VIOLATED)
fanout5660/X                             10     15     -5 (VIOLATED)
fanout5684/X                             10     15     -5 (VIOLATED)
fanout5864/X                             10     15     -5 (VIOLATED)
fanout5954/X                             10     15     -5 (VIOLATED)
fanout5969/X                             10     15     -5 (VIOLATED)
fanout5978/X                             10     15     -5 (VIOLATED)
fanout6025/X                             10     15     -5 (VIOLATED)
fanout6035/X                             10     15     -5 (VIOLATED)
fanout6046/X                             10     15     -5 (VIOLATED)
fanout6049/X                             10     15     -5 (VIOLATED)
fanout6054/X                             10     15     -5 (VIOLATED)
fanout6065/X                             10     15     -5 (VIOLATED)
fanout6067/X                             10     15     -5 (VIOLATED)
fanout6070/X                             10     15     -5 (VIOLATED)
fanout6104/X                             10     15     -5 (VIOLATED)
fanout6160/X                             10     15     -5 (VIOLATED)
fanout628/X                              10     15     -5 (VIOLATED)
fanout687/X                              10     15     -5 (VIOLATED)
fanout696/X                              10     15     -5 (VIOLATED)
fanout740/X                              10     15     -5 (VIOLATED)
fanout7676/X                             10     15     -5 (VIOLATED)
fanout7702/X                             10     15     -5 (VIOLATED)
fanout7704/X                             10     15     -5 (VIOLATED)
fanout7727/X                             10     15     -5 (VIOLATED)
fanout7829/X                             10     15     -5 (VIOLATED)
fanout7880/X                             10     15     -5 (VIOLATED)
fanout7930/X                             10     15     -5 (VIOLATED)
fanout7942/X                             10     15     -5 (VIOLATED)
fanout7963/X                             10     15     -5 (VIOLATED)
fanout8008/X                             10     15     -5 (VIOLATED)
fanout801/X                              10     15     -5 (VIOLATED)
fanout8017/X                             10     15     -5 (VIOLATED)
fanout8036/X                             10     15     -5 (VIOLATED)
fanout8072/X                             10     15     -5 (VIOLATED)
fanout8144/X                             10     15     -5 (VIOLATED)
fanout8168/X                             10     15     -5 (VIOLATED)
fanout8177/X                             10     15     -5 (VIOLATED)
fanout8256/X                             10     15     -5 (VIOLATED)
fanout8304/X                             10     15     -5 (VIOLATED)
fanout8339/X                             10     15     -5 (VIOLATED)
fanout841/X                              10     15     -5 (VIOLATED)
fanout8410/X                             10     15     -5 (VIOLATED)
fanout8428/X                             10     15     -5 (VIOLATED)
fanout8490/X                             10     15     -5 (VIOLATED)
fanout8524/X                             10     15     -5 (VIOLATED)
fanout8539/X                             10     15     -5 (VIOLATED)
fanout854/X                              10     15     -5 (VIOLATED)
fanout8573/X                             10     15     -5 (VIOLATED)
fanout8581/X                             10     15     -5 (VIOLATED)
fanout8677/X                             10     15     -5 (VIOLATED)
fanout8739/X                             10     15     -5 (VIOLATED)
fanout8747/X                             10     15     -5 (VIOLATED)
fanout8748/X                             10     15     -5 (VIOLATED)
fanout8752/X                             10     15     -5 (VIOLATED)
fanout8808/X                             10     15     -5 (VIOLATED)
fanout8811/X                             10     15     -5 (VIOLATED)
fanout8814/X                             10     15     -5 (VIOLATED)
fanout8816/X                             10     15     -5 (VIOLATED)
fanout8837/X                             10     15     -5 (VIOLATED)
fanout8854/X                             10     15     -5 (VIOLATED)
fanout8857/X                             10     15     -5 (VIOLATED)
fanout891/X                              10     15     -5 (VIOLATED)
fanout8927/X                             10     15     -5 (VIOLATED)
fanout895/X                              10     15     -5 (VIOLATED)
fanout9004/X                             10     15     -5 (VIOLATED)
fanout9011/X                             10     15     -5 (VIOLATED)
fanout906/X                              10     15     -5 (VIOLATED)
fanout9064/X                             10     15     -5 (VIOLATED)
fanout9085/X                             10     15     -5 (VIOLATED)
fanout9169/X                             10     15     -5 (VIOLATED)
fanout9222/X                             10     15     -5 (VIOLATED)
fanout9266/X                             10     15     -5 (VIOLATED)
fanout9378/X                             10     15     -5 (VIOLATED)
fanout9405/X                             10     15     -5 (VIOLATED)
fanout9481/X                             10     15     -5 (VIOLATED)
fanout9540/X                             10     15     -5 (VIOLATED)
fanout9547/X                             10     15     -5 (VIOLATED)
fanout9605/X                             10     15     -5 (VIOLATED)
fanout9657/X                             10     15     -5 (VIOLATED)
fanout9669/X                             10     15     -5 (VIOLATED)
fanout9697/X                             10     15     -5 (VIOLATED)
fanout9701/X                             10     15     -5 (VIOLATED)
fanout9725/X                             10     15     -5 (VIOLATED)
fanout9748/X                             10     15     -5 (VIOLATED)
fanout9766/X                             10     15     -5 (VIOLATED)
fanout9769/X                             10     15     -5 (VIOLATED)
fanout9794/X                             10     15     -5 (VIOLATED)
fanout9814/X                             10     15     -5 (VIOLATED)
fanout9815/X                             10     15     -5 (VIOLATED)
fanout9830/X                             10     15     -5 (VIOLATED)
fanout9861/X                             10     15     -5 (VIOLATED)
fanout9940/X                             10     15     -5 (VIOLATED)
hold11907/X                              10     15     -5 (VIOLATED)
hold14179/X                              10     15     -5 (VIOLATED)
hold14471/X                              10     15     -5 (VIOLATED)
hold14487/X                              10     15     -5 (VIOLATED)
hold14602/X                              10     15     -5 (VIOLATED)
hold14689/X                              10     15     -5 (VIOLATED)
hold14930/X                              10     15     -5 (VIOLATED)
hold15000/X                              10     15     -5 (VIOLATED)
hold15035/X                              10     15     -5 (VIOLATED)
hold15114/X                              10     15     -5 (VIOLATED)
hold15136/X                              10     15     -5 (VIOLATED)
hold15142/X                              10     15     -5 (VIOLATED)
hold15155/X                              10     15     -5 (VIOLATED)
hold15181/X                              10     15     -5 (VIOLATED)
hold15229/X                              10     15     -5 (VIOLATED)
hold15235/X                              10     15     -5 (VIOLATED)
hold15319/X                              10     15     -5 (VIOLATED)
hold15364/X                              10     15     -5 (VIOLATED)
hold15378/X                              10     15     -5 (VIOLATED)
hold15400/X                              10     15     -5 (VIOLATED)
hold15469/X                              10     15     -5 (VIOLATED)
hold15563/X                              10     15     -5 (VIOLATED)
hold15636/X                              10     15     -5 (VIOLATED)
hold15670/X                              10     15     -5 (VIOLATED)
hold15726/X                              10     15     -5 (VIOLATED)
hold15779/X                              10     15     -5 (VIOLATED)
hold15789/X                              10     15     -5 (VIOLATED)
hold15812/X                              10     15     -5 (VIOLATED)
hold15827/X                              10     15     -5 (VIOLATED)
hold15919/X                              10     15     -5 (VIOLATED)
hold15922/X                              10     15     -5 (VIOLATED)
hold15958/X                              10     15     -5 (VIOLATED)
hold15961/X                              10     15     -5 (VIOLATED)
hold16083/X                              10     15     -5 (VIOLATED)
hold16094/X                              10     15     -5 (VIOLATED)
hold16128/X                              10     15     -5 (VIOLATED)
hold16152/X                              10     15     -5 (VIOLATED)
hold16310/X                              10     15     -5 (VIOLATED)
hold16382/X                              10     15     -5 (VIOLATED)
hold16397/X                              10     15     -5 (VIOLATED)
hold16422/X                              10     15     -5 (VIOLATED)
hold16434/X                              10     15     -5 (VIOLATED)
hold16438/X                              10     15     -5 (VIOLATED)
hold16532/X                              10     15     -5 (VIOLATED)
hold16750/X                              10     15     -5 (VIOLATED)
hold16758/X                              10     15     -5 (VIOLATED)
hold16808/X                              10     15     -5 (VIOLATED)
hold16944/X                              10     15     -5 (VIOLATED)
hold16996/X                              10     15     -5 (VIOLATED)
hold17371/X                              10     15     -5 (VIOLATED)
hold17392/X                              10     15     -5 (VIOLATED)
hold17551/X                              10     15     -5 (VIOLATED)
hold17614/X                              10     15     -5 (VIOLATED)
hold17685/X                              10     15     -5 (VIOLATED)
hold17693/X                              10     15     -5 (VIOLATED)
hold17821/X                              10     15     -5 (VIOLATED)
hold17846/X                              10     15     -5 (VIOLATED)
hold17854/X                              10     15     -5 (VIOLATED)
hold17934/X                              10     15     -5 (VIOLATED)
hold17946/X                              10     15     -5 (VIOLATED)
hold18042/X                              10     15     -5 (VIOLATED)
hold18053/X                              10     15     -5 (VIOLATED)
hold18078/X                              10     15     -5 (VIOLATED)
hold18098/X                              10     15     -5 (VIOLATED)
hold19738/X                              10     15     -5 (VIOLATED)
hold202/X                                10     15     -5 (VIOLATED)
hold25/X                                 10     15     -5 (VIOLATED)
hold25515/X                              10     15     -5 (VIOLATED)
hold30702/X                              10     15     -5 (VIOLATED)
hold31360/X                              10     15     -5 (VIOLATED)
hold32873/X                              10     15     -5 (VIOLATED)
hold3705/X                               10     15     -5 (VIOLATED)
hold39292/X                              10     15     -5 (VIOLATED)
hold54/X                                 10     15     -5 (VIOLATED)
hold7348/X                               10     15     -5 (VIOLATED)
hold8975/X                               10     15     -5 (VIOLATED)
max_length10697/X                        10     15     -5 (VIOLATED)
max_length10823/X                        10     15     -5 (VIOLATED)
max_length10956/X                        10     15     -5 (VIOLATED)
max_length11550/X                        10     15     -5 (VIOLATED)
max_length11591/X                        10     15     -5 (VIOLATED)
max_length11687/X                        10     15     -5 (VIOLATED)
max_length1175/X                         10     15     -5 (VIOLATED)
max_length3051/X                         10     15     -5 (VIOLATED)
wire10013/X                              10     15     -5 (VIOLATED)
wire10054/X                              10     15     -5 (VIOLATED)
wire10132/X                              10     15     -5 (VIOLATED)
wire10218/X                              10     15     -5 (VIOLATED)
wire10241/X                              10     15     -5 (VIOLATED)
wire10819/X                              10     15     -5 (VIOLATED)
wire10909/X                              10     15     -5 (VIOLATED)
wire10964/X                              10     15     -5 (VIOLATED)
wire11325/X                              10     15     -5 (VIOLATED)
wire11420/X                              10     15     -5 (VIOLATED)
wire11526/X                              10     15     -5 (VIOLATED)
wire11557/X                              10     15     -5 (VIOLATED)
wire11609/X                              10     15     -5 (VIOLATED)
wire11641/X                              10     15     -5 (VIOLATED)
wire11703/X                              10     15     -5 (VIOLATED)
wire1307/X                               10     15     -5 (VIOLATED)
wire1780/X                               10     15     -5 (VIOLATED)
wire2039/X                               10     15     -5 (VIOLATED)
wire2649/X                               10     15     -5 (VIOLATED)
wire267/X                                10     15     -5 (VIOLATED)
wire3526/X                               10     15     -5 (VIOLATED)
wire3535/X                               10     15     -5 (VIOLATED)
wire3698/X                               10     15     -5 (VIOLATED)
wire3703/X                               10     15     -5 (VIOLATED)
wire4173/X                               10     15     -5 (VIOLATED)
wire4626/X                               10     15     -5 (VIOLATED)
wire4958/X                               10     15     -5 (VIOLATED)
wire5072/X                               10     15     -5 (VIOLATED)
wire510/X                                10     15     -5 (VIOLATED)
wire5545/X                               10     15     -5 (VIOLATED)
wire5675/X                               10     15     -5 (VIOLATED)
wire5748/X                               10     15     -5 (VIOLATED)
wire5803/X                               10     15     -5 (VIOLATED)
wire5894/X                               10     15     -5 (VIOLATED)
wire5914/X                               10     15     -5 (VIOLATED)
wire6146/X                               10     15     -5 (VIOLATED)
wire6643/X                               10     15     -5 (VIOLATED)
wire722/X                                10     15     -5 (VIOLATED)
wire7687/X                               10     15     -5 (VIOLATED)
wire7793/X                               10     15     -5 (VIOLATED)
wire7805/X                               10     15     -5 (VIOLATED)
wire7824/X                               10     15     -5 (VIOLATED)
wire7980/X                               10     15     -5 (VIOLATED)
wire7997/X                               10     15     -5 (VIOLATED)
wire8067/X                               10     15     -5 (VIOLATED)
wire8070/X                               10     15     -5 (VIOLATED)
wire8215/X                               10     15     -5 (VIOLATED)
wire8546/X                               10     15     -5 (VIOLATED)
wire9114/X                               10     15     -5 (VIOLATED)
wire9357/X                               10     15     -5 (VIOLATED)
wire9416/X                               10     15     -5 (VIOLATED)
wire9429/X                               10     15     -5 (VIOLATED)
wire9458/X                               10     15     -5 (VIOLATED)
wire9490/X                               10     15     -5 (VIOLATED)
wire9569/X                               10     15     -5 (VIOLATED)
wire9708/X                               10     15     -5 (VIOLATED)
wire9804/X                               10     15     -5 (VIOLATED)
wire9926/X                               10     15     -5 (VIOLATED)
wire9957/X                               10     15     -5 (VIOLATED)
fanout9296/X                             10     14     -4 (VIOLATED)
wire3699/X                               10     14     -4 (VIOLATED)
wire3832/X                               10     14     -4 (VIOLATED)
wire6321/X                               10     14     -4 (VIOLATED)
wire8368/X                               10     14     -4 (VIOLATED)
wire8889/X                               10     14     -4 (VIOLATED)
_060728_/Y                               10     13     -3 (VIOLATED)
_060816_/Y                               10     13     -3 (VIOLATED)
_060870_/Y                               10     13     -3 (VIOLATED)
_060970_/Y                               10     13     -3 (VIOLATED)
_061339_/Y                               10     13     -3 (VIOLATED)
_061576_/Y                               10     13     -3 (VIOLATED)
_063002_/Y                               10     13     -3 (VIOLATED)
_063152_/Y                               10     13     -3 (VIOLATED)
_063184_/Y                               10     13     -3 (VIOLATED)
_063241_/Y                               10     13     -3 (VIOLATED)
_064237_/Y                               10     13     -3 (VIOLATED)
_065431_/Y                               10     13     -3 (VIOLATED)
_065515_/Y                               10     13     -3 (VIOLATED)
_065516_/X                               10     13     -3 (VIOLATED)
_065543_/Y                               10     13     -3 (VIOLATED)
_065656_/Y                               10     13     -3 (VIOLATED)
_067105_/Y                               10     13     -3 (VIOLATED)
_067764_/Y                               10     13     -3 (VIOLATED)
_067827_/Y                               10     13     -3 (VIOLATED)
_067828_/Y                               10     13     -3 (VIOLATED)
_067855_/Y                               10     13     -3 (VIOLATED)
_067944_/Y                               10     13     -3 (VIOLATED)
_068589_/Y                               10     13     -3 (VIOLATED)
_069193_/Y                               10     13     -3 (VIOLATED)
_069949_/Y                               10     13     -3 (VIOLATED)
_069980_/Y                               10     13     -3 (VIOLATED)
_070184_/Y                               10     13     -3 (VIOLATED)
_070940_/X                               10     13     -3 (VIOLATED)
_071690_/Y                               10     13     -3 (VIOLATED)
_072200_/Y                               10     13     -3 (VIOLATED)
_072460_/Y                               10     13     -3 (VIOLATED)
_073713_/Y                               10     13     -3 (VIOLATED)
_074450_/Y                               10     13     -3 (VIOLATED)
_074580_/X                               10     13     -3 (VIOLATED)
_074598_/Y                               10     13     -3 (VIOLATED)
_074630_/Y                               10     13     -3 (VIOLATED)
_075468_/X                               10     13     -3 (VIOLATED)
_076905_/X                               10     13     -3 (VIOLATED)
_076982_/Y                               10     13     -3 (VIOLATED)
_077189_/Y                               10     13     -3 (VIOLATED)
_077643_/Y                               10     13     -3 (VIOLATED)
_077785_/Y                               10     13     -3 (VIOLATED)
_077946_/Y                               10     13     -3 (VIOLATED)
_078386_/Y                               10     13     -3 (VIOLATED)
_078596_/Y                               10     13     -3 (VIOLATED)
_079384_/Y                               10     13     -3 (VIOLATED)
_080002_/Y                               10     13     -3 (VIOLATED)
_080117_/Y                               10     13     -3 (VIOLATED)
_080887_/Y                               10     13     -3 (VIOLATED)
_081499_/X                               10     13     -3 (VIOLATED)
_081633_/Y                               10     13     -3 (VIOLATED)
_082102_/X                               10     13     -3 (VIOLATED)
_082179_/Y                               10     13     -3 (VIOLATED)
_082399_/Y                               10     13     -3 (VIOLATED)
_083084_/Y                               10     13     -3 (VIOLATED)
_083203_/Y                               10     13     -3 (VIOLATED)
_083765_/X                               10     13     -3 (VIOLATED)
_085588_/X                               10     13     -3 (VIOLATED)
_085667_/Y                               10     13     -3 (VIOLATED)
_086673_/Y                               10     13     -3 (VIOLATED)
_087013_/Y                               10     13     -3 (VIOLATED)
_087843_/Y                               10     13     -3 (VIOLATED)
_087868_/Y                               10     13     -3 (VIOLATED)
_088278_/Y                               10     13     -3 (VIOLATED)
_090230_/Y                               10     13     -3 (VIOLATED)
_090302_/Y                               10     13     -3 (VIOLATED)
_090303_/Y                               10     13     -3 (VIOLATED)
_090476_/Y                               10     13     -3 (VIOLATED)
_090780_/Y                               10     13     -3 (VIOLATED)
_092000_/X                               10     13     -3 (VIOLATED)
_092544_/X                               10     13     -3 (VIOLATED)
_093056_/X                               10     13     -3 (VIOLATED)
_094384_/X                               10     13     -3 (VIOLATED)
_094586_/Y                               10     13     -3 (VIOLATED)
_095386_/Y                               10     13     -3 (VIOLATED)
_095411_/Y                               10     13     -3 (VIOLATED)
_095419_/Y                               10     13     -3 (VIOLATED)
_095497_/Y                               10     13     -3 (VIOLATED)
_096300_/Y                               10     13     -3 (VIOLATED)
_096309_/Y                               10     13     -3 (VIOLATED)
_096773_/Y                               10     13     -3 (VIOLATED)
_097086_/Y                               10     13     -3 (VIOLATED)
_097087_/Y                               10     13     -3 (VIOLATED)
_098092_/Y                               10     13     -3 (VIOLATED)
_098256_/Y                               10     13     -3 (VIOLATED)
_098451_/X                               10     13     -3 (VIOLATED)
_098826_/Y                               10     13     -3 (VIOLATED)
_098912_/Y                               10     13     -3 (VIOLATED)
_099054_/Y                               10     13     -3 (VIOLATED)
_099521_/X                               10     13     -3 (VIOLATED)
_099656_/Y                               10     13     -3 (VIOLATED)
_101669_/Y                               10     13     -3 (VIOLATED)
_102253_/Y                               10     13     -3 (VIOLATED)
_103076_/X                               10     13     -3 (VIOLATED)
_104853_/Y                               10     13     -3 (VIOLATED)
_104957_/Y                               10     13     -3 (VIOLATED)
_105277_/Y                               10     13     -3 (VIOLATED)
_105796_/Y                               10     13     -3 (VIOLATED)
_105880_/Y                               10     13     -3 (VIOLATED)
_106089_/Y                               10     13     -3 (VIOLATED)
_106249_/Y                               10     13     -3 (VIOLATED)
_106449_/Y                               10     13     -3 (VIOLATED)
_106921_/Y                               10     13     -3 (VIOLATED)
_108120_/Y                               10     13     -3 (VIOLATED)
_108144_/Y                               10     13     -3 (VIOLATED)
_108919_/Y                               10     13     -3 (VIOLATED)
_109366_/X                               10     13     -3 (VIOLATED)
_112166_/Y                               10     13     -3 (VIOLATED)
clkbuf_8_108__f_wb_clk_i/X               10     13     -3 (VIOLATED)
clkbuf_8_117__f_wb_clk_i/X               10     13     -3 (VIOLATED)
clkbuf_8_132__f_wb_clk_i/X               10     13     -3 (VIOLATED)
clkbuf_8_142__f_wb_clk_i/X               10     13     -3 (VIOLATED)
clkbuf_8_161__f_wb_clk_i/X               10     13     -3 (VIOLATED)
clkbuf_8_162__f_wb_clk_i/X               10     13     -3 (VIOLATED)
clkbuf_8_167__f_wb_clk_i/X               10     13     -3 (VIOLATED)
clkbuf_8_174__f_wb_clk_i/X               10     13     -3 (VIOLATED)
clkbuf_8_175__f_wb_clk_i/X               10     13     -3 (VIOLATED)
clkbuf_8_192__f_wb_clk_i/X               10     13     -3 (VIOLATED)
clkbuf_8_199__f_wb_clk_i/X               10     13     -3 (VIOLATED)
clkbuf_8_204__f_wb_clk_i/X               10     13     -3 (VIOLATED)
clkbuf_8_205__f_wb_clk_i/X               10     13     -3 (VIOLATED)
clkbuf_8_206__f_wb_clk_i/X               10     13     -3 (VIOLATED)
clkbuf_8_207__f_wb_clk_i/X               10     13     -3 (VIOLATED)
clkbuf_8_208__f_wb_clk_i/X               10     13     -3 (VIOLATED)
clkbuf_8_217__f_wb_clk_i/X               10     13     -3 (VIOLATED)
clkbuf_8_222__f_wb_clk_i/X               10     13     -3 (VIOLATED)
clkbuf_8_226__f_wb_clk_i/X               10     13     -3 (VIOLATED)
clkbuf_8_228__f_wb_clk_i/X               10     13     -3 (VIOLATED)
clkbuf_8_240__f_wb_clk_i/X               10     13     -3 (VIOLATED)
clkbuf_8_252__f_wb_clk_i/X               10     13     -3 (VIOLATED)
clkbuf_8_71__f_wb_clk_i/X                10     13     -3 (VIOLATED)
clkbuf_8_88__f_wb_clk_i/X                10     13     -3 (VIOLATED)
fanout10005/X                            10     13     -3 (VIOLATED)
fanout10007/X                            10     13     -3 (VIOLATED)
fanout10028/X                            10     13     -3 (VIOLATED)
fanout10046/X                            10     13     -3 (VIOLATED)
fanout10067/X                            10     13     -3 (VIOLATED)
fanout10087/X                            10     13     -3 (VIOLATED)
fanout10094/X                            10     13     -3 (VIOLATED)
fanout10105/X                            10     13     -3 (VIOLATED)
fanout10119/X                            10     13     -3 (VIOLATED)
fanout10194/X                            10     13     -3 (VIOLATED)
fanout10204/X                            10     13     -3 (VIOLATED)
fanout10264/X                            10     13     -3 (VIOLATED)
fanout10318/X                            10     13     -3 (VIOLATED)
fanout10326/X                            10     13     -3 (VIOLATED)
fanout10327/X                            10     13     -3 (VIOLATED)
fanout10329/X                            10     13     -3 (VIOLATED)
fanout10342/X                            10     13     -3 (VIOLATED)
fanout10374/X                            10     13     -3 (VIOLATED)
fanout10384/X                            10     13     -3 (VIOLATED)
fanout10458/X                            10     13     -3 (VIOLATED)
fanout10471/X                            10     13     -3 (VIOLATED)
fanout10489/X                            10     13     -3 (VIOLATED)
fanout10496/X                            10     13     -3 (VIOLATED)
fanout10502/X                            10     13     -3 (VIOLATED)
fanout10508/X                            10     13     -3 (VIOLATED)
fanout10513/X                            10     13     -3 (VIOLATED)
fanout10573/X                            10     13     -3 (VIOLATED)
fanout10606/X                            10     13     -3 (VIOLATED)
fanout10633/X                            10     13     -3 (VIOLATED)
fanout10648/X                            10     13     -3 (VIOLATED)
fanout10665/X                            10     13     -3 (VIOLATED)
fanout10673/X                            10     13     -3 (VIOLATED)
fanout10684/X                            10     13     -3 (VIOLATED)
fanout10709/X                            10     13     -3 (VIOLATED)
fanout10715/X                            10     13     -3 (VIOLATED)
fanout10717/X                            10     13     -3 (VIOLATED)
fanout10719/X                            10     13     -3 (VIOLATED)
fanout10751/X                            10     13     -3 (VIOLATED)
fanout10765/X                            10     13     -3 (VIOLATED)
fanout1078/X                             10     13     -3 (VIOLATED)
fanout10780/X                            10     13     -3 (VIOLATED)
fanout10784/X                            10     13     -3 (VIOLATED)
fanout10791/X                            10     13     -3 (VIOLATED)
fanout10793/X                            10     13     -3 (VIOLATED)
fanout10798/X                            10     13     -3 (VIOLATED)
fanout1080/X                             10     13     -3 (VIOLATED)
fanout1082/X                             10     13     -3 (VIOLATED)
fanout10840/X                            10     13     -3 (VIOLATED)
fanout10845/X                            10     13     -3 (VIOLATED)
fanout1090/X                             10     13     -3 (VIOLATED)
fanout10900/X                            10     13     -3 (VIOLATED)
fanout10906/X                            10     13     -3 (VIOLATED)
fanout10935/X                            10     13     -3 (VIOLATED)
fanout10946/X                            10     13     -3 (VIOLATED)
fanout10968/X                            10     13     -3 (VIOLATED)
fanout10989/X                            10     13     -3 (VIOLATED)
fanout11022/X                            10     13     -3 (VIOLATED)
fanout11034/X                            10     13     -3 (VIOLATED)
fanout11043/X                            10     13     -3 (VIOLATED)
fanout11061/X                            10     13     -3 (VIOLATED)
fanout11073/X                            10     13     -3 (VIOLATED)
fanout11076/X                            10     13     -3 (VIOLATED)
fanout11084/X                            10     13     -3 (VIOLATED)
fanout11087/X                            10     13     -3 (VIOLATED)
fanout11101/X                            10     13     -3 (VIOLATED)
fanout11115/X                            10     13     -3 (VIOLATED)
fanout11130/X                            10     13     -3 (VIOLATED)
fanout11145/X                            10     13     -3 (VIOLATED)
fanout11150/X                            10     13     -3 (VIOLATED)
fanout11156/X                            10     13     -3 (VIOLATED)
fanout11213/X                            10     13     -3 (VIOLATED)
fanout11242/X                            10     13     -3 (VIOLATED)
fanout11260/X                            10     13     -3 (VIOLATED)
fanout11269/X                            10     13     -3 (VIOLATED)
fanout11520/X                            10     13     -3 (VIOLATED)
fanout11522/X                            10     13     -3 (VIOLATED)
fanout11548/X                            10     13     -3 (VIOLATED)
fanout1157/X                             10     13     -3 (VIOLATED)
fanout11616/X                            10     13     -3 (VIOLATED)
fanout11617/X                            10     13     -3 (VIOLATED)
fanout1163/X                             10     13     -3 (VIOLATED)
fanout11684/X                            10     13     -3 (VIOLATED)
fanout11700/X                            10     13     -3 (VIOLATED)
fanout11707/X                            10     13     -3 (VIOLATED)
fanout11729/X                            10     13     -3 (VIOLATED)
fanout11735/X                            10     13     -3 (VIOLATED)
fanout11741/X                            10     13     -3 (VIOLATED)
fanout11750/X                            10     13     -3 (VIOLATED)
fanout1176/X                             10     13     -3 (VIOLATED)
fanout11807/X                            10     13     -3 (VIOLATED)
fanout1444/X                             10     13     -3 (VIOLATED)
fanout1446/X                             10     13     -3 (VIOLATED)
fanout1451/X                             10     13     -3 (VIOLATED)
fanout1459/X                             10     13     -3 (VIOLATED)
fanout1470/X                             10     13     -3 (VIOLATED)
fanout1474/X                             10     13     -3 (VIOLATED)
fanout1479/X                             10     13     -3 (VIOLATED)
fanout1723/X                             10     13     -3 (VIOLATED)
fanout1729/X                             10     13     -3 (VIOLATED)
fanout1733/X                             10     13     -3 (VIOLATED)
fanout1750/X                             10     13     -3 (VIOLATED)
fanout1753/X                             10     13     -3 (VIOLATED)
fanout1755/X                             10     13     -3 (VIOLATED)
fanout1758/X                             10     13     -3 (VIOLATED)
fanout1759/X                             10     13     -3 (VIOLATED)
fanout1763/X                             10     13     -3 (VIOLATED)
fanout1764/X                             10     13     -3 (VIOLATED)
fanout1791/X                             10     13     -3 (VIOLATED)
fanout1794/X                             10     13     -3 (VIOLATED)
fanout1970/X                             10     13     -3 (VIOLATED)
fanout2580/X                             10     13     -3 (VIOLATED)
fanout263/X                              10     13     -3 (VIOLATED)
fanout265/X                              10     13     -3 (VIOLATED)
fanout2684/X                             10     13     -3 (VIOLATED)
fanout282/X                              10     13     -3 (VIOLATED)
fanout2895/X                             10     13     -3 (VIOLATED)
fanout301/X                              10     13     -3 (VIOLATED)
fanout3298/X                             10     13     -3 (VIOLATED)
fanout3369/X                             10     13     -3 (VIOLATED)
fanout3511/X                             10     13     -3 (VIOLATED)
fanout3520/X                             10     13     -3 (VIOLATED)
fanout354/X                              10     13     -3 (VIOLATED)
fanout360/X                              10     13     -3 (VIOLATED)
fanout372/X                              10     13     -3 (VIOLATED)
fanout389/X                              10     13     -3 (VIOLATED)
fanout391/X                              10     13     -3 (VIOLATED)
fanout403/X                              10     13     -3 (VIOLATED)
fanout4047/X                             10     13     -3 (VIOLATED)
fanout4051/X                             10     13     -3 (VIOLATED)
fanout4069/X                             10     13     -3 (VIOLATED)
fanout4114/X                             10     13     -3 (VIOLATED)
fanout4116/X                             10     13     -3 (VIOLATED)
fanout4121/X                             10     13     -3 (VIOLATED)
fanout4128/X                             10     13     -3 (VIOLATED)
fanout4157/X                             10     13     -3 (VIOLATED)
fanout4163/X                             10     13     -3 (VIOLATED)
fanout4171/X                             10     13     -3 (VIOLATED)
fanout4179/X                             10     13     -3 (VIOLATED)
fanout418/X                              10     13     -3 (VIOLATED)
fanout4186/X                             10     13     -3 (VIOLATED)
fanout4190/X                             10     13     -3 (VIOLATED)
fanout4192/X                             10     13     -3 (VIOLATED)
fanout4198/X                             10     13     -3 (VIOLATED)
fanout4218/X                             10     13     -3 (VIOLATED)
fanout4242/X                             10     13     -3 (VIOLATED)
fanout4244/X                             10     13     -3 (VIOLATED)
fanout4247/X                             10     13     -3 (VIOLATED)
fanout4259/X                             10     13     -3 (VIOLATED)
fanout4270/X                             10     13     -3 (VIOLATED)
fanout4276/X                             10     13     -3 (VIOLATED)
fanout4313/X                             10     13     -3 (VIOLATED)
fanout4319/X                             10     13     -3 (VIOLATED)
fanout4356/X                             10     13     -3 (VIOLATED)
fanout4357/X                             10     13     -3 (VIOLATED)
fanout4403/X                             10     13     -3 (VIOLATED)
fanout4413/X                             10     13     -3 (VIOLATED)
fanout4414/X                             10     13     -3 (VIOLATED)
fanout4429/X                             10     13     -3 (VIOLATED)
fanout4432/X                             10     13     -3 (VIOLATED)
fanout4440/X                             10     13     -3 (VIOLATED)
fanout4448/X                             10     13     -3 (VIOLATED)
fanout4453/X                             10     13     -3 (VIOLATED)
fanout4467/X                             10     13     -3 (VIOLATED)
fanout4475/X                             10     13     -3 (VIOLATED)
fanout4488/X                             10     13     -3 (VIOLATED)
fanout4497/X                             10     13     -3 (VIOLATED)
fanout4504/X                             10     13     -3 (VIOLATED)
fanout4511/X                             10     13     -3 (VIOLATED)
fanout4521/X                             10     13     -3 (VIOLATED)
fanout4547/X                             10     13     -3 (VIOLATED)
fanout4565/X                             10     13     -3 (VIOLATED)
fanout4566/X                             10     13     -3 (VIOLATED)
fanout4570/X                             10     13     -3 (VIOLATED)
fanout4578/X                             10     13     -3 (VIOLATED)
fanout458/X                              10     13     -3 (VIOLATED)
fanout4603/X                             10     13     -3 (VIOLATED)
fanout4612/X                             10     13     -3 (VIOLATED)
fanout4634/X                             10     13     -3 (VIOLATED)
fanout4646/X                             10     13     -3 (VIOLATED)
fanout4650/X                             10     13     -3 (VIOLATED)
fanout4655/X                             10     13     -3 (VIOLATED)
fanout4669/X                             10     13     -3 (VIOLATED)
fanout4670/X                             10     13     -3 (VIOLATED)
fanout4685/X                             10     13     -3 (VIOLATED)
fanout4714/X                             10     13     -3 (VIOLATED)
fanout4723/X                             10     13     -3 (VIOLATED)
fanout4727/X                             10     13     -3 (VIOLATED)
fanout4750/X                             10     13     -3 (VIOLATED)
fanout4758/X                             10     13     -3 (VIOLATED)
fanout4788/X                             10     13     -3 (VIOLATED)
fanout4793/X                             10     13     -3 (VIOLATED)
fanout4852/X                             10     13     -3 (VIOLATED)
fanout4874/X                             10     13     -3 (VIOLATED)
fanout488/X                              10     13     -3 (VIOLATED)
fanout4883/X                             10     13     -3 (VIOLATED)
fanout4900/X                             10     13     -3 (VIOLATED)
fanout4904/X                             10     13     -3 (VIOLATED)
fanout4944/X                             10     13     -3 (VIOLATED)
fanout4948/X                             10     13     -3 (VIOLATED)
fanout4949/X                             10     13     -3 (VIOLATED)
fanout4983/X                             10     13     -3 (VIOLATED)
fanout4995/X                             10     13     -3 (VIOLATED)
fanout5000/X                             10     13     -3 (VIOLATED)
fanout5059/X                             10     13     -3 (VIOLATED)
fanout5160/X                             10     13     -3 (VIOLATED)
fanout5220/X                             10     13     -3 (VIOLATED)
fanout5229/X                             10     13     -3 (VIOLATED)
fanout5235/X                             10     13     -3 (VIOLATED)
fanout5247/X                             10     13     -3 (VIOLATED)
fanout5264/X                             10     13     -3 (VIOLATED)
fanout5269/X                             10     13     -3 (VIOLATED)
fanout5278/X                             10     13     -3 (VIOLATED)
fanout5281/X                             10     13     -3 (VIOLATED)
fanout5282/X                             10     13     -3 (VIOLATED)
fanout5298/X                             10     13     -3 (VIOLATED)
fanout5331/X                             10     13     -3 (VIOLATED)
fanout5355/X                             10     13     -3 (VIOLATED)
fanout5357/X                             10     13     -3 (VIOLATED)
fanout5363/X                             10     13     -3 (VIOLATED)
fanout5369/X                             10     13     -3 (VIOLATED)
fanout5380/X                             10     13     -3 (VIOLATED)
fanout5390/X                             10     13     -3 (VIOLATED)
fanout5405/X                             10     13     -3 (VIOLATED)
fanout5415/X                             10     13     -3 (VIOLATED)
fanout5417/X                             10     13     -3 (VIOLATED)
fanout5436/X                             10     13     -3 (VIOLATED)
fanout5440/X                             10     13     -3 (VIOLATED)
fanout5460/X                             10     13     -3 (VIOLATED)
fanout5532/X                             10     13     -3 (VIOLATED)
fanout5646/X                             10     13     -3 (VIOLATED)
fanout5668/X                             10     13     -3 (VIOLATED)
fanout5680/X                             10     13     -3 (VIOLATED)
fanout5695/X                             10     13     -3 (VIOLATED)
fanout5752/X                             10     13     -3 (VIOLATED)
fanout5754/X                             10     13     -3 (VIOLATED)
fanout5849/X                             10     13     -3 (VIOLATED)
fanout5866/X                             10     13     -3 (VIOLATED)
fanout5879/X                             10     13     -3 (VIOLATED)
fanout590/X                              10     13     -3 (VIOLATED)
fanout592/X                              10     13     -3 (VIOLATED)
fanout5924/X                             10     13     -3 (VIOLATED)
fanout5928/X                             10     13     -3 (VIOLATED)
fanout594/X                              10     13     -3 (VIOLATED)
fanout5948/X                             10     13     -3 (VIOLATED)
fanout5985/X                             10     13     -3 (VIOLATED)
fanout6001/X                             10     13     -3 (VIOLATED)
fanout6010/X                             10     13     -3 (VIOLATED)
fanout605/X                              10     13     -3 (VIOLATED)
fanout6100/X                             10     13     -3 (VIOLATED)
fanout6108/X                             10     13     -3 (VIOLATED)
fanout6152/X                             10     13     -3 (VIOLATED)
fanout6159/X                             10     13     -3 (VIOLATED)
fanout6179/X                             10     13     -3 (VIOLATED)
fanout646/X                              10     13     -3 (VIOLATED)
fanout649/X                              10     13     -3 (VIOLATED)
fanout655/X                              10     13     -3 (VIOLATED)
fanout726/X                              10     13     -3 (VIOLATED)
fanout734/X                              10     13     -3 (VIOLATED)
fanout746/X                              10     13     -3 (VIOLATED)
fanout747/X                              10     13     -3 (VIOLATED)
fanout7691/X                             10     13     -3 (VIOLATED)
fanout7693/X                             10     13     -3 (VIOLATED)
fanout7711/X                             10     13     -3 (VIOLATED)
fanout7739/X                             10     13     -3 (VIOLATED)
fanout7762/X                             10     13     -3 (VIOLATED)
fanout778/X                              10     13     -3 (VIOLATED)
fanout7794/X                             10     13     -3 (VIOLATED)
fanout7832/X                             10     13     -3 (VIOLATED)
fanout7886/X                             10     13     -3 (VIOLATED)
fanout790/X                              10     13     -3 (VIOLATED)
fanout7936/X                             10     13     -3 (VIOLATED)
fanout7956/X                             10     13     -3 (VIOLATED)
fanout7974/X                             10     13     -3 (VIOLATED)
fanout7999/X                             10     13     -3 (VIOLATED)
fanout8037/X                             10     13     -3 (VIOLATED)
fanout8060/X                             10     13     -3 (VIOLATED)
fanout8103/X                             10     13     -3 (VIOLATED)
fanout8169/X                             10     13     -3 (VIOLATED)
fanout8188/X                             10     13     -3 (VIOLATED)
fanout8202/X                             10     13     -3 (VIOLATED)
fanout8327/X                             10     13     -3 (VIOLATED)
fanout8343/X                             10     13     -3 (VIOLATED)
fanout8357/X                             10     13     -3 (VIOLATED)
fanout8365/X                             10     13     -3 (VIOLATED)
fanout8390/X                             10     13     -3 (VIOLATED)
fanout8396/X                             10     13     -3 (VIOLATED)
fanout8412/X                             10     13     -3 (VIOLATED)
fanout8418/X                             10     13     -3 (VIOLATED)
fanout8452/X                             10     13     -3 (VIOLATED)
fanout8456/X                             10     13     -3 (VIOLATED)
fanout8459/X                             10     13     -3 (VIOLATED)
fanout8474/X                             10     13     -3 (VIOLATED)
fanout8484/X                             10     13     -3 (VIOLATED)
fanout8506/X                             10     13     -3 (VIOLATED)
fanout8579/X                             10     13     -3 (VIOLATED)
fanout8586/X                             10     13     -3 (VIOLATED)
fanout861/X                              10     13     -3 (VIOLATED)
fanout8621/X                             10     13     -3 (VIOLATED)
fanout8634/X                             10     13     -3 (VIOLATED)
fanout8645/X                             10     13     -3 (VIOLATED)
fanout8652/X                             10     13     -3 (VIOLATED)
fanout8654/X                             10     13     -3 (VIOLATED)
fanout8689/X                             10     13     -3 (VIOLATED)
fanout8695/X                             10     13     -3 (VIOLATED)
fanout8705/X                             10     13     -3 (VIOLATED)
fanout8737/X                             10     13     -3 (VIOLATED)
fanout8758/X                             10     13     -3 (VIOLATED)
fanout8789/X                             10     13     -3 (VIOLATED)
fanout8821/X                             10     13     -3 (VIOLATED)
fanout8824/X                             10     13     -3 (VIOLATED)
fanout8914/X                             10     13     -3 (VIOLATED)
fanout8935/X                             10     13     -3 (VIOLATED)
fanout8938/X                             10     13     -3 (VIOLATED)
fanout8940/X                             10     13     -3 (VIOLATED)
fanout8947/X                             10     13     -3 (VIOLATED)
fanout8976/X                             10     13     -3 (VIOLATED)
fanout9006/X                             10     13     -3 (VIOLATED)
fanout9007/X                             10     13     -3 (VIOLATED)
fanout9021/X                             10     13     -3 (VIOLATED)
fanout9070/X                             10     13     -3 (VIOLATED)
fanout9073/X                             10     13     -3 (VIOLATED)
fanout9141/X                             10     13     -3 (VIOLATED)
fanout9157/X                             10     13     -3 (VIOLATED)
fanout9171/X                             10     13     -3 (VIOLATED)
fanout9175/X                             10     13     -3 (VIOLATED)
fanout9184/X                             10     13     -3 (VIOLATED)
fanout9190/X                             10     13     -3 (VIOLATED)
fanout9230/X                             10     13     -3 (VIOLATED)
fanout9236/X                             10     13     -3 (VIOLATED)
fanout9272/X                             10     13     -3 (VIOLATED)
fanout9280/X                             10     13     -3 (VIOLATED)
fanout9323/X                             10     13     -3 (VIOLATED)
fanout9339/X                             10     13     -3 (VIOLATED)
fanout9343/X                             10     13     -3 (VIOLATED)
fanout9371/X                             10     13     -3 (VIOLATED)
fanout9383/X                             10     13     -3 (VIOLATED)
fanout9410/X                             10     13     -3 (VIOLATED)
fanout9535/X                             10     13     -3 (VIOLATED)
fanout9572/X                             10     13     -3 (VIOLATED)
fanout9596/X                             10     13     -3 (VIOLATED)
fanout9606/X                             10     13     -3 (VIOLATED)
fanout9649/X                             10     13     -3 (VIOLATED)
fanout9660/X                             10     13     -3 (VIOLATED)
fanout9691/X                             10     13     -3 (VIOLATED)
fanout9706/X                             10     13     -3 (VIOLATED)
fanout9709/X                             10     13     -3 (VIOLATED)
fanout9713/X                             10     13     -3 (VIOLATED)
fanout9729/X                             10     13     -3 (VIOLATED)
fanout979/X                              10     13     -3 (VIOLATED)
fanout9808/X                             10     13     -3 (VIOLATED)
fanout982/X                              10     13     -3 (VIOLATED)
fanout9838/X                             10     13     -3 (VIOLATED)
fanout9851/X                             10     13     -3 (VIOLATED)
fanout9856/X                             10     13     -3 (VIOLATED)
fanout9874/X                             10     13     -3 (VIOLATED)
fanout9884/X                             10     13     -3 (VIOLATED)
fanout9888/X                             10     13     -3 (VIOLATED)
fanout9894/X                             10     13     -3 (VIOLATED)
fanout9899/X                             10     13     -3 (VIOLATED)
fanout9912/X                             10     13     -3 (VIOLATED)
fanout9923/X                             10     13     -3 (VIOLATED)
fanout9959/X                             10     13     -3 (VIOLATED)
fanout9990/X                             10     13     -3 (VIOLATED)
hold10486/X                              10     13     -3 (VIOLATED)
hold10536/X                              10     13     -3 (VIOLATED)
hold10606/X                              10     13     -3 (VIOLATED)
hold10639/X                              10     13     -3 (VIOLATED)
hold10812/X                              10     13     -3 (VIOLATED)
hold10827/X                              10     13     -3 (VIOLATED)
hold11273/X                              10     13     -3 (VIOLATED)
hold11557/X                              10     13     -3 (VIOLATED)
hold11640/X                              10     13     -3 (VIOLATED)
hold11736/X                              10     13     -3 (VIOLATED)
hold11880/X                              10     13     -3 (VIOLATED)
hold11991/X                              10     13     -3 (VIOLATED)
hold12244/X                              10     13     -3 (VIOLATED)
hold12835/X                              10     13     -3 (VIOLATED)
hold12871/X                              10     13     -3 (VIOLATED)
hold13318/X                              10     13     -3 (VIOLATED)
hold13353/X                              10     13     -3 (VIOLATED)
hold13424/X                              10     13     -3 (VIOLATED)
hold13664/X                              10     13     -3 (VIOLATED)
hold14049/X                              10     13     -3 (VIOLATED)
hold14224/X                              10     13     -3 (VIOLATED)
hold14277/X                              10     13     -3 (VIOLATED)
hold14740/X                              10     13     -3 (VIOLATED)
hold14807/X                              10     13     -3 (VIOLATED)
hold14838/X                              10     13     -3 (VIOLATED)
hold14851/X                              10     13     -3 (VIOLATED)
hold14863/X                              10     13     -3 (VIOLATED)
hold14968/X                              10     13     -3 (VIOLATED)
hold14997/X                              10     13     -3 (VIOLATED)
hold15028/X                              10     13     -3 (VIOLATED)
hold15061/X                              10     13     -3 (VIOLATED)
hold15084/X                              10     13     -3 (VIOLATED)
hold15239/X                              10     13     -3 (VIOLATED)
hold15336/X                              10     13     -3 (VIOLATED)
hold15348/X                              10     13     -3 (VIOLATED)
hold15390/X                              10     13     -3 (VIOLATED)
hold15431/X                              10     13     -3 (VIOLATED)
hold15560/X                              10     13     -3 (VIOLATED)
hold15575/X                              10     13     -3 (VIOLATED)
hold15597/X                              10     13     -3 (VIOLATED)
hold15621/X                              10     13     -3 (VIOLATED)
hold15653/X                              10     13     -3 (VIOLATED)
hold15756/X                              10     13     -3 (VIOLATED)
hold15768/X                              10     13     -3 (VIOLATED)
hold15776/X                              10     13     -3 (VIOLATED)
hold15831/X                              10     13     -3 (VIOLATED)
hold15838/X                              10     13     -3 (VIOLATED)
hold15845/X                              10     13     -3 (VIOLATED)
hold16059/X                              10     13     -3 (VIOLATED)
hold16072/X                              10     13     -3 (VIOLATED)
hold16110/X                              10     13     -3 (VIOLATED)
hold16118/X                              10     13     -3 (VIOLATED)
hold16141/X                              10     13     -3 (VIOLATED)
hold16144/X                              10     13     -3 (VIOLATED)
hold16156/X                              10     13     -3 (VIOLATED)
hold16189/X                              10     13     -3 (VIOLATED)
hold16294/X                              10     13     -3 (VIOLATED)
hold16345/X                              10     13     -3 (VIOLATED)
hold16391/X                              10     13     -3 (VIOLATED)
hold16694/X                              10     13     -3 (VIOLATED)
hold16956/X                              10     13     -3 (VIOLATED)
hold17152/X                              10     13     -3 (VIOLATED)
hold17217/X                              10     13     -3 (VIOLATED)
hold17319/X                              10     13     -3 (VIOLATED)
hold17351/X                              10     13     -3 (VIOLATED)
hold17407/X                              10     13     -3 (VIOLATED)
hold17442/X                              10     13     -3 (VIOLATED)
hold17492/X                              10     13     -3 (VIOLATED)
hold17495/X                              10     13     -3 (VIOLATED)
hold17518/X                              10     13     -3 (VIOLATED)
hold17586/X                              10     13     -3 (VIOLATED)
hold17622/X                              10     13     -3 (VIOLATED)
hold17644/X                              10     13     -3 (VIOLATED)
hold17839/X                              10     13     -3 (VIOLATED)
hold17858/X                              10     13     -3 (VIOLATED)
hold17905/X                              10     13     -3 (VIOLATED)
hold17984/X                              10     13     -3 (VIOLATED)
hold18004/X                              10     13     -3 (VIOLATED)
hold18162/X                              10     13     -3 (VIOLATED)
hold18192/X                              10     13     -3 (VIOLATED)
hold18927/X                              10     13     -3 (VIOLATED)
hold23842/X                              10     13     -3 (VIOLATED)
hold24602/X                              10     13     -3 (VIOLATED)
hold24764/X                              10     13     -3 (VIOLATED)
hold25106/X                              10     13     -3 (VIOLATED)
hold25281/X                              10     13     -3 (VIOLATED)
hold25373/X                              10     13     -3 (VIOLATED)
hold25540/X                              10     13     -3 (VIOLATED)
hold25795/X                              10     13     -3 (VIOLATED)
hold25863/X                              10     13     -3 (VIOLATED)
hold25981/X                              10     13     -3 (VIOLATED)
hold26002/X                              10     13     -3 (VIOLATED)
hold26161/X                              10     13     -3 (VIOLATED)
hold26228/X                              10     13     -3 (VIOLATED)
hold26236/X                              10     13     -3 (VIOLATED)
hold26440/X                              10     13     -3 (VIOLATED)
hold26457/X                              10     13     -3 (VIOLATED)
hold26505/X                              10     13     -3 (VIOLATED)
hold26545/X                              10     13     -3 (VIOLATED)
hold26586/X                              10     13     -3 (VIOLATED)
hold26674/X                              10     13     -3 (VIOLATED)
hold26735/X                              10     13     -3 (VIOLATED)
hold26996/X                              10     13     -3 (VIOLATED)
hold27008/X                              10     13     -3 (VIOLATED)
hold27043/X                              10     13     -3 (VIOLATED)
hold27263/X                              10     13     -3 (VIOLATED)
hold27374/X                              10     13     -3 (VIOLATED)
hold27392/X                              10     13     -3 (VIOLATED)
hold27423/X                              10     13     -3 (VIOLATED)
hold27510/X                              10     13     -3 (VIOLATED)
hold27601/X                              10     13     -3 (VIOLATED)
hold27734/X                              10     13     -3 (VIOLATED)
hold27819/X                              10     13     -3 (VIOLATED)
hold27838/X                              10     13     -3 (VIOLATED)
hold28038/X                              10     13     -3 (VIOLATED)
hold28091/X                              10     13     -3 (VIOLATED)
hold28280/X                              10     13     -3 (VIOLATED)
hold28656/X                              10     13     -3 (VIOLATED)
hold28840/X                              10     13     -3 (VIOLATED)
hold28902/X                              10     13     -3 (VIOLATED)
hold29404/X                              10     13     -3 (VIOLATED)
hold29594/X                              10     13     -3 (VIOLATED)
hold30043/X                              10     13     -3 (VIOLATED)
hold30103/X                              10     13     -3 (VIOLATED)
hold30172/X                              10     13     -3 (VIOLATED)
hold303/X                                10     13     -3 (VIOLATED)
hold30333/X                              10     13     -3 (VIOLATED)
hold30391/X                              10     13     -3 (VIOLATED)
hold30424/X                              10     13     -3 (VIOLATED)
hold30504/X                              10     13     -3 (VIOLATED)
hold30639/X                              10     13     -3 (VIOLATED)
hold30782/X                              10     13     -3 (VIOLATED)
hold31309/X                              10     13     -3 (VIOLATED)
hold31643/X                              10     13     -3 (VIOLATED)
hold31701/X                              10     13     -3 (VIOLATED)
hold31849/X                              10     13     -3 (VIOLATED)
hold32094/X                              10     13     -3 (VIOLATED)
hold32107/X                              10     13     -3 (VIOLATED)
hold32241/X                              10     13     -3 (VIOLATED)
hold32410/X                              10     13     -3 (VIOLATED)
hold33160/X                              10     13     -3 (VIOLATED)
hold33407/X                              10     13     -3 (VIOLATED)
hold336/X                                10     13     -3 (VIOLATED)
hold342/X                                10     13     -3 (VIOLATED)
hold38255/X                              10     13     -3 (VIOLATED)
hold38336/X                              10     13     -3 (VIOLATED)
hold38339/X                              10     13     -3 (VIOLATED)
hold39333/X                              10     13     -3 (VIOLATED)
hold4677/X                               10     13     -3 (VIOLATED)
hold4750/X                               10     13     -3 (VIOLATED)
hold5017/X                               10     13     -3 (VIOLATED)
hold5562/X                               10     13     -3 (VIOLATED)
hold6126/X                               10     13     -3 (VIOLATED)
hold6602/X                               10     13     -3 (VIOLATED)
hold6747/X                               10     13     -3 (VIOLATED)
hold69/X                                 10     13     -3 (VIOLATED)
hold7709/X                               10     13     -3 (VIOLATED)
hold8139/X                               10     13     -3 (VIOLATED)
hold8257/X                               10     13     -3 (VIOLATED)
hold8471/X                               10     13     -3 (VIOLATED)
hold8863/X                               10     13     -3 (VIOLATED)
hold9293/X                               10     13     -3 (VIOLATED)
hold9347/X                               10     13     -3 (VIOLATED)
hold9374/X                               10     13     -3 (VIOLATED)
hold95/X                                 10     13     -3 (VIOLATED)
max_length10771/X                        10     13     -3 (VIOLATED)
max_length11210/X                        10     13     -3 (VIOLATED)
max_length11228/X                        10     13     -3 (VIOLATED)
max_length11353/X                        10     13     -3 (VIOLATED)
max_length11418/X                        10     13     -3 (VIOLATED)
max_length11457/X                        10     13     -3 (VIOLATED)
max_length11540/X                        10     13     -3 (VIOLATED)
max_length11892/X                        10     13     -3 (VIOLATED)
max_length2078/X                         10     13     -3 (VIOLATED)
max_length4254/X                         10     13     -3 (VIOLATED)
max_length4391/X                         10     13     -3 (VIOLATED)
max_length4972/X                         10     13     -3 (VIOLATED)
max_length5054/X                         10     13     -3 (VIOLATED)
max_length5192/X                         10     13     -3 (VIOLATED)
max_length5682/X                         10     13     -3 (VIOLATED)
wire10017/X                              10     13     -3 (VIOLATED)
wire10169/X                              10     13     -3 (VIOLATED)
wire10212/X                              10     13     -3 (VIOLATED)
wire10215/X                              10     13     -3 (VIOLATED)
wire10567/X                              10     13     -3 (VIOLATED)
wire10872/X                              10     13     -3 (VIOLATED)
wire11281/X                              10     13     -3 (VIOLATED)
wire11297/X                              10     13     -3 (VIOLATED)
wire11312/X                              10     13     -3 (VIOLATED)
wire11387/X                              10     13     -3 (VIOLATED)
wire11439/X                              10     13     -3 (VIOLATED)
wire11552/X                              10     13     -3 (VIOLATED)
wire11679/X                              10     13     -3 (VIOLATED)
wire11850/X                              10     13     -3 (VIOLATED)
wire11879/X                              10     13     -3 (VIOLATED)
wire11895/X                              10     13     -3 (VIOLATED)
wire11924/X                              10     13     -3 (VIOLATED)
wire1740/X                               10     13     -3 (VIOLATED)
wire1807/X                               10     13     -3 (VIOLATED)
wire1837/X                               10     13     -3 (VIOLATED)
wire1909/X                               10     13     -3 (VIOLATED)
wire2167/X                               10     13     -3 (VIOLATED)
wire2275/X                               10     13     -3 (VIOLATED)
wire2430/X                               10     13     -3 (VIOLATED)
wire2728/X                               10     13     -3 (VIOLATED)
wire2747/X                               10     13     -3 (VIOLATED)
wire2912/X                               10     13     -3 (VIOLATED)
wire3009/X                               10     13     -3 (VIOLATED)
wire3245/X                               10     13     -3 (VIOLATED)
wire3486/X                               10     13     -3 (VIOLATED)
wire349/X                                10     13     -3 (VIOLATED)
wire3714/X                               10     13     -3 (VIOLATED)
wire4194/X                               10     13     -3 (VIOLATED)
wire4210/X                               10     13     -3 (VIOLATED)
wire4342/X                               10     13     -3 (VIOLATED)
wire4360/X                               10     13     -3 (VIOLATED)
wire4469/X                               10     13     -3 (VIOLATED)
wire4618/X                               10     13     -3 (VIOLATED)
wire4765/X                               10     13     -3 (VIOLATED)
wire4814/X                               10     13     -3 (VIOLATED)
wire4817/X                               10     13     -3 (VIOLATED)
wire4820/X                               10     13     -3 (VIOLATED)
wire5024/X                               10     13     -3 (VIOLATED)
wire5091/X                               10     13     -3 (VIOLATED)
wire5101/X                               10     13     -3 (VIOLATED)
wire5214/X                               10     13     -3 (VIOLATED)
wire5344/X                               10     13     -3 (VIOLATED)
wire5466/X                               10     13     -3 (VIOLATED)
wire5571/X                               10     13     -3 (VIOLATED)
wire5638/X                               10     13     -3 (VIOLATED)
wire5642/X                               10     13     -3 (VIOLATED)
wire5729/X                               10     13     -3 (VIOLATED)
wire5739/X                               10     13     -3 (VIOLATED)
wire5756/X                               10     13     -3 (VIOLATED)
wire5763/X                               10     13     -3 (VIOLATED)
wire589/X                                10     13     -3 (VIOLATED)
wire5917/X                               10     13     -3 (VIOLATED)
wire5952/X                               10     13     -3 (VIOLATED)
wire6089/X                               10     13     -3 (VIOLATED)
wire6601/X                               10     13     -3 (VIOLATED)
wire6621/X                               10     13     -3 (VIOLATED)
wire710/X                                10     13     -3 (VIOLATED)
wire762/X                                10     13     -3 (VIOLATED)
wire7697/X                               10     13     -3 (VIOLATED)
wire7731/X                               10     13     -3 (VIOLATED)
wire7766/X                               10     13     -3 (VIOLATED)
wire7817/X                               10     13     -3 (VIOLATED)
wire8029/X                               10     13     -3 (VIOLATED)
wire8063/X                               10     13     -3 (VIOLATED)
wire8113/X                               10     13     -3 (VIOLATED)
wire8126/X                               10     13     -3 (VIOLATED)
wire8355/X                               10     13     -3 (VIOLATED)
wire8398/X                               10     13     -3 (VIOLATED)
wire8522/X                               10     13     -3 (VIOLATED)
wire8611/X                               10     13     -3 (VIOLATED)
wire8639/X                               10     13     -3 (VIOLATED)
wire8882/X                               10     13     -3 (VIOLATED)
wire897/X                                10     13     -3 (VIOLATED)
wire9292/X                               10     13     -3 (VIOLATED)
wire9332/X                               10     13     -3 (VIOLATED)
wire9366/X                               10     13     -3 (VIOLATED)
wire9413/X                               10     13     -3 (VIOLATED)
wire9610/X                               10     13     -3 (VIOLATED)
wire9715/X                               10     13     -3 (VIOLATED)
wire9789/X                               10     13     -3 (VIOLATED)
wire9902/X                               10     13     -3 (VIOLATED)
fanout1959/X                             10     12     -2 (VIOLATED)
fanout7685/X                             10     12     -2 (VIOLATED)
hold27533/X                              10     12     -2 (VIOLATED)
hold32283/X                              10     12     -2 (VIOLATED)
wire3345/X                               10     12     -2 (VIOLATED)
wire422/X                                10     12     -2 (VIOLATED)
wire6769/X                               10     12     -2 (VIOLATED)
wire9524/X                               10     12     -2 (VIOLATED)
wire9638/X                               10     12     -2 (VIOLATED)
_060714_/Y                               10     11        (VIOLATED)
_060718_/Y                               10     11        (VIOLATED)
_060737_/Y                               10     11        (VIOLATED)
_060738_/Y                               10     11        (VIOLATED)
_060757_/Y                               10     11        (VIOLATED)
_060933_/Y                               10     11        (VIOLATED)
_061291_/X                               10     11        (VIOLATED)
_061349_/Y                               10     11        (VIOLATED)
_061451_/Y                               10     11        (VIOLATED)
_061462_/Y                               10     11        (VIOLATED)
_061592_/Y                               10     11        (VIOLATED)
_062125_/X                               10     11        (VIOLATED)
_062233_/Y                               10     11        (VIOLATED)
_063033_/Y                               10     11        (VIOLATED)
_063044_/X                               10     11        (VIOLATED)
_063070_/Y                               10     11        (VIOLATED)
_063133_/X                               10     11        (VIOLATED)
_063240_/X                               10     11        (VIOLATED)
_063428_/Y                               10     11        (VIOLATED)
_063704_/Y                               10     11        (VIOLATED)
_063747_/Y                               10     11        (VIOLATED)
_063802_/Y                               10     11        (VIOLATED)
_063853_/Y                               10     11        (VIOLATED)
_064235_/X                               10     11        (VIOLATED)
_064391_/Y                               10     11        (VIOLATED)
_064616_/Y                               10     11        (VIOLATED)
_065401_/Y                               10     11        (VIOLATED)
_066138_/Y                               10     11        (VIOLATED)
_066655_/X                               10     11        (VIOLATED)
_067376_/Y                               10     11        (VIOLATED)
_067421_/X                               10     11        (VIOLATED)
_067714_/X                               10     11        (VIOLATED)
_068868_/Y                               10     11        (VIOLATED)
_069451_/Y                               10     11        (VIOLATED)
_069951_/Y                               10     11        (VIOLATED)
_070196_/Y                               10     11        (VIOLATED)
_070289_/Y                               10     11        (VIOLATED)
_070371_/Y                               10     11        (VIOLATED)
_071127_/Y                               10     11        (VIOLATED)
_071451_/Y                               10     11        (VIOLATED)
_072017_/Y                               10     11        (VIOLATED)
_072202_/Y                               10     11        (VIOLATED)
_072231_/Y                               10     11        (VIOLATED)
_072330_/X                               10     11        (VIOLATED)
_072523_/Y                               10     11        (VIOLATED)
_072618_/Y                               10     11        (VIOLATED)
_073378_/Y                               10     11        (VIOLATED)
_073744_/Y                               10     11        (VIOLATED)
_074034_/X                               10     11        (VIOLATED)
_074127_/Y                               10     11        (VIOLATED)
_074481_/Y                               10     11        (VIOLATED)
_074518_/Y                               10     11        (VIOLATED)
_074874_/Y                               10     11        (VIOLATED)
_075244_/Y                               10     11        (VIOLATED)
_076110_/X                               10     11        (VIOLATED)
_076206_/X                               10     11        (VIOLATED)
_076546_/Y                               10     11        (VIOLATED)
_078013_/Y                               10     11        (VIOLATED)
_078592_/Y                               10     11        (VIOLATED)
_079543_/Y                               10     11        (VIOLATED)
_079590_/X                               10     11        (VIOLATED)
_079698_/Y                               10     11        (VIOLATED)
_081192_/Y                               10     11        (VIOLATED)
_081514_/X                               10     11        (VIOLATED)
_081551_/Y                               10     11        (VIOLATED)
_081616_/X                               10     11        (VIOLATED)
_081944_/Y                               10     11        (VIOLATED)
_082320_/X                               10     11        (VIOLATED)
_082599_/X                               10     11        (VIOLATED)
_082656_/Y                               10     11        (VIOLATED)
_083080_/X                               10     11        (VIOLATED)
_083746_/Y                               10     11        (VIOLATED)
_083773_/X                               10     11        (VIOLATED)
_083775_/Y                               10     11        (VIOLATED)
_084242_/X                               10     11        (VIOLATED)
_084599_/Y                               10     11        (VIOLATED)
_084701_/Y                               10     11        (VIOLATED)
_085092_/X                               10     11        (VIOLATED)
_085479_/Y                               10     11        (VIOLATED)
_086429_/X                               10     11        (VIOLATED)
_086943_/X                               10     11        (VIOLATED)
_087050_/Y                               10     11        (VIOLATED)
_087496_/X                               10     11        (VIOLATED)
_087996_/X                               10     11        (VIOLATED)
_088005_/Y                               10     11        (VIOLATED)
_088682_/Y                               10     11        (VIOLATED)
_089115_/X                               10     11        (VIOLATED)
_089270_/Y                               10     11        (VIOLATED)
_089619_/Y                               10     11        (VIOLATED)
_089939_/X                               10     11        (VIOLATED)
_090683_/X                               10     11        (VIOLATED)
_090815_/Y                               10     11        (VIOLATED)
_090829_/Y                               10     11        (VIOLATED)
_091109_/X                               10     11        (VIOLATED)
_091118_/Y                               10     11        (VIOLATED)
_091660_/X                               10     11        (VIOLATED)
_092067_/X                               10     11        (VIOLATED)
_092203_/Y                               10     11        (VIOLATED)
_092310_/X                               10     11        (VIOLATED)
_092935_/Y                               10     11        (VIOLATED)
_093343_/Y                               10     11        (VIOLATED)
_093644_/X                               10     11        (VIOLATED)
_093692_/Y                               10     11        (VIOLATED)
_093742_/Y                               10     11        (VIOLATED)
_093780_/Y                               10     11        (VIOLATED)
_094070_/Y                               10     11        (VIOLATED)
_094130_/X                               10     11        (VIOLATED)
_094631_/Y                               10     11        (VIOLATED)
_094812_/X                               10     11        (VIOLATED)
_094843_/Y                               10     11        (VIOLATED)
_095051_/X                               10     11        (VIOLATED)
_095365_/X                               10     11        (VIOLATED)
_095449_/Y                               10     11        (VIOLATED)
_095498_/Y                               10     11        (VIOLATED)
_095662_/Y                               10     11        (VIOLATED)
_096100_/Y                               10     11        (VIOLATED)
_096226_/X                               10     11        (VIOLATED)
_096346_/Y                               10     11        (VIOLATED)
_096350_/Y                               10     11        (VIOLATED)
_096531_/X                               10     11        (VIOLATED)
_096771_/X                               10     11        (VIOLATED)
_096989_/Y                               10     11        (VIOLATED)
_097070_/Y                               10     11        (VIOLATED)
_097073_/Y                               10     11        (VIOLATED)
_097372_/Y                               10     11        (VIOLATED)
_098455_/Y                               10     11        (VIOLATED)
_098617_/Y                               10     11        (VIOLATED)
_098620_/X                               10     11        (VIOLATED)
_098839_/Y                               10     11        (VIOLATED)
_098864_/Y                               10     11        (VIOLATED)
_098875_/Y                               10     11        (VIOLATED)
_099208_/Y                               10     11        (VIOLATED)
_099647_/Y                               10     11        (VIOLATED)
_100225_/X                               10     11        (VIOLATED)
_100570_/X                               10     11        (VIOLATED)
_100594_/X                               10     11        (VIOLATED)
_100718_/Y                               10     11        (VIOLATED)
_101406_/X                               10     11        (VIOLATED)
_101458_/Y                               10     11        (VIOLATED)
_101627_/X                               10     11        (VIOLATED)
_101742_/X                               10     11        (VIOLATED)
_101967_/Y                               10     11        (VIOLATED)
_102051_/Y                               10     11        (VIOLATED)
_102169_/X                               10     11        (VIOLATED)
_102179_/X                               10     11        (VIOLATED)
_102262_/Y                               10     11        (VIOLATED)
_102283_/X                               10     11        (VIOLATED)
_102299_/Y                               10     11        (VIOLATED)
_102725_/Y                               10     11        (VIOLATED)
_102747_/X                               10     11        (VIOLATED)
_103320_/X                               10     11        (VIOLATED)
_103393_/Y                               10     11        (VIOLATED)
_103893_/X                               10     11        (VIOLATED)
_103902_/Y                               10     11        (VIOLATED)
_103905_/X                               10     11        (VIOLATED)
_104860_/Y                               10     11        (VIOLATED)
_105028_/X                               10     11        (VIOLATED)
_105928_/X                               10     11        (VIOLATED)
_106382_/Y                               10     11        (VIOLATED)
_106479_/X                               10     11        (VIOLATED)
_106677_/X                               10     11        (VIOLATED)
_107072_/X                               10     11        (VIOLATED)
_107194_/X                               10     11        (VIOLATED)
_107206_/X                               10     11        (VIOLATED)
_107249_/Y                               10     11        (VIOLATED)
_107282_/X                               10     11        (VIOLATED)
_108264_/Y                               10     11        (VIOLATED)
_109364_/Y                               10     11        (VIOLATED)
_109405_/Y                               10     11        (VIOLATED)
_109628_/X                               10     11        (VIOLATED)
_109681_/Y                               10     11        (VIOLATED)
_109709_/X                               10     11        (VIOLATED)
_109711_/Y                               10     11        (VIOLATED)
_109732_/X                               10     11        (VIOLATED)
_109820_/Y                               10     11        (VIOLATED)
_110174_/X                               10     11        (VIOLATED)
_110331_/X                               10     11        (VIOLATED)
_110688_/Y                               10     11        (VIOLATED)
_110751_/X                               10     11        (VIOLATED)
_112093_/Y                               10     11        (VIOLATED)
_112140_/X                               10     11        (VIOLATED)
_112173_/X                               10     11        (VIOLATED)
_112196_/X                               10     11        (VIOLATED)
_112212_/Y                               10     11        (VIOLATED)
_115104_/X                               10     11        (VIOLATED)
_121509_/Q                               10     11        (VIOLATED)
_122916_/Q                               10     11        (VIOLATED)
_123104_/Q                               10     11        (VIOLATED)
_123106_/Q                               10     11        (VIOLATED)
_127304_/Q                               10     11        (VIOLATED)
clkbuf_1_1_1_wb_clk_i/X                  10     11        (VIOLATED)
clkbuf_8_133__f_wb_clk_i/X               10     11        (VIOLATED)
clkbuf_8_169__f_wb_clk_i/X               10     11        (VIOLATED)
clkbuf_8_171__f_wb_clk_i/X               10     11        (VIOLATED)
clkbuf_8_172__f_wb_clk_i/X               10     11        (VIOLATED)
clkbuf_8_173__f_wb_clk_i/X               10     11        (VIOLATED)
clkbuf_8_190__f_wb_clk_i/X               10     11        (VIOLATED)
clkbuf_8_194__f_wb_clk_i/X               10     11        (VIOLATED)
clkbuf_8_196__f_wb_clk_i/X               10     11        (VIOLATED)
clkbuf_8_197__f_wb_clk_i/X               10     11        (VIOLATED)
clkbuf_8_209__f_wb_clk_i/X               10     11        (VIOLATED)
clkbuf_8_220__f_wb_clk_i/X               10     11        (VIOLATED)
clkbuf_8_221__f_wb_clk_i/X               10     11        (VIOLATED)
clkbuf_8_227__f_wb_clk_i/X               10     11        (VIOLATED)
clkbuf_8_229__f_wb_clk_i/X               10     11        (VIOLATED)
clkbuf_8_232__f_wb_clk_i/X               10     11        (VIOLATED)
clkbuf_8_233__f_wb_clk_i/X               10     11        (VIOLATED)
clkbuf_8_248__f_wb_clk_i/X               10     11        (VIOLATED)
clkbuf_8_250__f_wb_clk_i/X               10     11        (VIOLATED)
clkbuf_8_251__f_wb_clk_i/X               10     11        (VIOLATED)
clkbuf_8_62__f_wb_clk_i/X                10     11        (VIOLATED)
fanout10010/X                            10     11        (VIOLATED)
fanout10032/X                            10     11        (VIOLATED)
fanout10039/X                            10     11        (VIOLATED)
fanout10055/X                            10     11        (VIOLATED)
fanout10072/X                            10     11        (VIOLATED)
fanout10085/X                            10     11        (VIOLATED)
fanout10114/X                            10     11        (VIOLATED)
fanout10142/X                            10     11        (VIOLATED)
fanout10184/X                            10     11        (VIOLATED)
fanout10196/X                            10     11        (VIOLATED)
fanout10228/X                            10     11        (VIOLATED)
fanout10231/X                            10     11        (VIOLATED)
fanout10258/X                            10     11        (VIOLATED)
fanout10279/X                            10     11        (VIOLATED)
fanout10310/X                            10     11        (VIOLATED)
fanout10344/X                            10     11        (VIOLATED)
fanout10381/X                            10     11        (VIOLATED)
fanout10397/X                            10     11        (VIOLATED)
fanout10407/X                            10     11        (VIOLATED)
fanout10505/X                            10     11        (VIOLATED)
fanout10525/X                            10     11        (VIOLATED)
fanout10529/X                            10     11        (VIOLATED)
fanout10562/X                            10     11        (VIOLATED)
fanout10564/X                            10     11        (VIOLATED)
fanout10592/X                            10     11        (VIOLATED)
fanout10602/X                            10     11        (VIOLATED)
fanout10610/X                            10     11        (VIOLATED)
fanout10615/X                            10     11        (VIOLATED)
fanout10624/X                            10     11        (VIOLATED)
fanout10632/X                            10     11        (VIOLATED)
fanout10637/X                            10     11        (VIOLATED)
fanout10651/X                            10     11        (VIOLATED)
fanout10655/X                            10     11        (VIOLATED)
fanout10681/X                            10     11        (VIOLATED)
fanout10686/X                            10     11        (VIOLATED)
fanout10692/X                            10     11        (VIOLATED)
fanout10722/X                            10     11        (VIOLATED)
fanout10730/X                            10     11        (VIOLATED)
fanout10734/X                            10     11        (VIOLATED)
fanout10735/X                            10     11        (VIOLATED)
fanout10762/X                            10     11        (VIOLATED)
fanout10764/X                            10     11        (VIOLATED)
fanout10770/X                            10     11        (VIOLATED)
fanout10789/X                            10     11        (VIOLATED)
fanout10799/X                            10     11        (VIOLATED)
fanout10801/X                            10     11        (VIOLATED)
fanout10808/X                            10     11        (VIOLATED)
fanout10816/X                            10     11        (VIOLATED)
fanout10820/X                            10     11        (VIOLATED)
fanout10836/X                            10     11        (VIOLATED)
fanout10841/X                            10     11        (VIOLATED)
fanout10853/X                            10     11        (VIOLATED)
fanout10870/X                            10     11        (VIOLATED)
fanout10874/X                            10     11        (VIOLATED)
fanout10881/X                            10     11        (VIOLATED)
fanout10886/X                            10     11        (VIOLATED)
fanout10981/X                            10     11        (VIOLATED)
fanout10987/X                            10     11        (VIOLATED)
fanout10991/X                            10     11        (VIOLATED)
fanout11007/X                            10     11        (VIOLATED)
fanout11019/X                            10     11        (VIOLATED)
fanout11028/X                            10     11        (VIOLATED)
fanout11030/X                            10     11        (VIOLATED)
fanout11033/X                            10     11        (VIOLATED)
fanout11042/X                            10     11        (VIOLATED)
fanout11069/X                            10     11        (VIOLATED)
fanout11078/X                            10     11        (VIOLATED)
fanout11081/X                            10     11        (VIOLATED)
fanout11090/X                            10     11        (VIOLATED)
fanout11120/X                            10     11        (VIOLATED)
fanout11126/X                            10     11        (VIOLATED)
fanout11129/X                            10     11        (VIOLATED)
fanout11136/X                            10     11        (VIOLATED)
fanout11137/X                            10     11        (VIOLATED)
fanout11142/X                            10     11        (VIOLATED)
fanout11147/X                            10     11        (VIOLATED)
fanout11153/X                            10     11        (VIOLATED)
fanout11159/X                            10     11        (VIOLATED)
fanout11209/X                            10     11        (VIOLATED)
fanout11212/X                            10     11        (VIOLATED)
fanout11227/X                            10     11        (VIOLATED)
fanout11230/X                            10     11        (VIOLATED)
fanout11231/X                            10     11        (VIOLATED)
fanout11255/X                            10     11        (VIOLATED)
fanout11280/X                            10     11        (VIOLATED)
fanout11302/X                            10     11        (VIOLATED)
fanout11311/X                            10     11        (VIOLATED)
fanout11337/X                            10     11        (VIOLATED)
fanout11375/X                            10     11        (VIOLATED)
fanout11434/X                            10     11        (VIOLATED)
fanout11461/X                            10     11        (VIOLATED)
fanout11528/X                            10     11        (VIOLATED)
fanout11534/X                            10     11        (VIOLATED)
fanout11539/X                            10     11        (VIOLATED)
fanout11559/X                            10     11        (VIOLATED)
fanout11585/X                            10     11        (VIOLATED)
fanout11606/X                            10     11        (VIOLATED)
fanout11651/X                            10     11        (VIOLATED)
fanout11676/X                            10     11        (VIOLATED)
fanout11727/X                            10     11        (VIOLATED)
fanout11737/X                            10     11        (VIOLATED)
fanout11746/X                            10     11        (VIOLATED)
fanout11753/X                            10     11        (VIOLATED)
fanout11852/X                            10     11        (VIOLATED)
fanout11853/X                            10     11        (VIOLATED)
fanout11881/X                            10     11        (VIOLATED)
fanout11891/X                            10     11        (VIOLATED)
fanout11894/X                            10     11        (VIOLATED)
fanout11923/X                            10     11        (VIOLATED)
fanout11929/X                            10     11        (VIOLATED)
fanout1448/X                             10     11        (VIOLATED)
fanout1472/X                             10     11        (VIOLATED)
fanout1721/X                             10     11        (VIOLATED)
fanout1735/X                             10     11        (VIOLATED)
fanout1737/X                             10     11        (VIOLATED)
fanout1738/X                             10     11        (VIOLATED)
fanout1739/X                             10     11        (VIOLATED)
fanout1744/X                             10     11        (VIOLATED)
fanout1761/X                             10     11        (VIOLATED)
fanout1939/X                             10     11        (VIOLATED)
fanout1964/X                             10     11        (VIOLATED)
fanout2015/X                             10     11        (VIOLATED)
fanout2061/X                             10     11        (VIOLATED)
fanout214/X                              10     11        (VIOLATED)
fanout2265/X                             10     11        (VIOLATED)
fanout2285/X                             10     11        (VIOLATED)
fanout2289/X                             10     11        (VIOLATED)
fanout2309/X                             10     11        (VIOLATED)
fanout2410/X                             10     11        (VIOLATED)
fanout2468/X                             10     11        (VIOLATED)
fanout2588/X                             10     11        (VIOLATED)
fanout264/X                              10     11        (VIOLATED)
fanout272/X                              10     11        (VIOLATED)
fanout2730/X                             10     11        (VIOLATED)
fanout2832/X                             10     11        (VIOLATED)
fanout2871/X                             10     11        (VIOLATED)
fanout2936/X                             10     11        (VIOLATED)
fanout3083/X                             10     11        (VIOLATED)
fanout3165/X                             10     11        (VIOLATED)
fanout3265/X                             10     11        (VIOLATED)
fanout348/X                              10     11        (VIOLATED)
fanout3484/X                             10     11        (VIOLATED)
fanout3501/X                             10     11        (VIOLATED)
fanout351/X                              10     11        (VIOLATED)
fanout3510/X                             10     11        (VIOLATED)
fanout3521/X                             10     11        (VIOLATED)
fanout3527/X                             10     11        (VIOLATED)
fanout3530/X                             10     11        (VIOLATED)
fanout3541/X                             10     11        (VIOLATED)
fanout362/X                              10     11        (VIOLATED)
fanout363/X                              10     11        (VIOLATED)
fanout370/X                              10     11        (VIOLATED)
fanout390/X                              10     11        (VIOLATED)
fanout399/X                              10     11        (VIOLATED)
fanout405/X                              10     11        (VIOLATED)
fanout4057/X                             10     11        (VIOLATED)
fanout4058/X                             10     11        (VIOLATED)
fanout4062/X                             10     11        (VIOLATED)
fanout4063/X                             10     11        (VIOLATED)
fanout4097/X                             10     11        (VIOLATED)
fanout4098/X                             10     11        (VIOLATED)
fanout4107/X                             10     11        (VIOLATED)
fanout4109/X                             10     11        (VIOLATED)
fanout4138/X                             10     11        (VIOLATED)
fanout4144/X                             10     11        (VIOLATED)
fanout4153/X                             10     11        (VIOLATED)
fanout4155/X                             10     11        (VIOLATED)
fanout4185/X                             10     11        (VIOLATED)
fanout4193/X                             10     11        (VIOLATED)
fanout4201/X                             10     11        (VIOLATED)
fanout4208/X                             10     11        (VIOLATED)
fanout4214/X                             10     11        (VIOLATED)
fanout4230/X                             10     11        (VIOLATED)
fanout4234/X                             10     11        (VIOLATED)
fanout4237/X                             10     11        (VIOLATED)
fanout4280/X                             10     11        (VIOLATED)
fanout4322/X                             10     11        (VIOLATED)
fanout433/X                              10     11        (VIOLATED)
fanout4422/X                             10     11        (VIOLATED)
fanout4436/X                             10     11        (VIOLATED)
fanout4439/X                             10     11        (VIOLATED)
fanout4450/X                             10     11        (VIOLATED)
fanout4456/X                             10     11        (VIOLATED)
fanout4457/X                             10     11        (VIOLATED)
fanout4458/X                             10     11        (VIOLATED)
fanout4468/X                             10     11        (VIOLATED)
fanout4473/X                             10     11        (VIOLATED)
fanout4483/X                             10     11        (VIOLATED)
fanout4484/X                             10     11        (VIOLATED)
fanout4491/X                             10     11        (VIOLATED)
fanout4509/X                             10     11        (VIOLATED)
fanout4514/X                             10     11        (VIOLATED)
fanout4515/X                             10     11        (VIOLATED)
fanout4528/X                             10     11        (VIOLATED)
fanout4533/X                             10     11        (VIOLATED)
fanout4536/X                             10     11        (VIOLATED)
fanout4552/X                             10     11        (VIOLATED)
fanout4555/X                             10     11        (VIOLATED)
fanout4562/X                             10     11        (VIOLATED)
fanout457/X                              10     11        (VIOLATED)
fanout4576/X                             10     11        (VIOLATED)
fanout4581/X                             10     11        (VIOLATED)
fanout4582/X                             10     11        (VIOLATED)
fanout4591/X                             10     11        (VIOLATED)
fanout4594/X                             10     11        (VIOLATED)
fanout4596/X                             10     11        (VIOLATED)
fanout4607/X                             10     11        (VIOLATED)
fanout4631/X                             10     11        (VIOLATED)
fanout4651/X                             10     11        (VIOLATED)
fanout4657/X                             10     11        (VIOLATED)
fanout4671/X                             10     11        (VIOLATED)
fanout4675/X                             10     11        (VIOLATED)
fanout4677/X                             10     11        (VIOLATED)
fanout4698/X                             10     11        (VIOLATED)
fanout4699/X                             10     11        (VIOLATED)
fanout4701/X                             10     11        (VIOLATED)
fanout4704/X                             10     11        (VIOLATED)
fanout4709/X                             10     11        (VIOLATED)
fanout4755/X                             10     11        (VIOLATED)
fanout4770/X                             10     11        (VIOLATED)
fanout4804/X                             10     11        (VIOLATED)
fanout4851/X                             10     11        (VIOLATED)
fanout4868/X                             10     11        (VIOLATED)
fanout4873/X                             10     11        (VIOLATED)
fanout4876/X                             10     11        (VIOLATED)
fanout4902/X                             10     11        (VIOLATED)
fanout4903/X                             10     11        (VIOLATED)
fanout4922/X                             10     11        (VIOLATED)
fanout4925/X                             10     11        (VIOLATED)
fanout4929/X                             10     11        (VIOLATED)
fanout4981/X                             10     11        (VIOLATED)
fanout4996/X                             10     11        (VIOLATED)
fanout5004/X                             10     11        (VIOLATED)
fanout5023/X                             10     11        (VIOLATED)
fanout5058/X                             10     11        (VIOLATED)
fanout5061/X                             10     11        (VIOLATED)
fanout5066/X                             10     11        (VIOLATED)
fanout5095/X                             10     11        (VIOLATED)
fanout5100/X                             10     11        (VIOLATED)
fanout5102/X                             10     11        (VIOLATED)
fanout5200/X                             10     11        (VIOLATED)
fanout5208/X                             10     11        (VIOLATED)
fanout5210/X                             10     11        (VIOLATED)
fanout5212/X                             10     11        (VIOLATED)
fanout5228/X                             10     11        (VIOLATED)
fanout5241/X                             10     11        (VIOLATED)
fanout5243/X                             10     11        (VIOLATED)
fanout5251/X                             10     11        (VIOLATED)
fanout5256/X                             10     11        (VIOLATED)
fanout5259/X                             10     11        (VIOLATED)
fanout5260/X                             10     11        (VIOLATED)
fanout5272/X                             10     11        (VIOLATED)
fanout5296/X                             10     11        (VIOLATED)
fanout5306/X                             10     11        (VIOLATED)
fanout5307/X                             10     11        (VIOLATED)
fanout5323/X                             10     11        (VIOLATED)
fanout5332/X                             10     11        (VIOLATED)
fanout5337/X                             10     11        (VIOLATED)
fanout5370/X                             10     11        (VIOLATED)
fanout5401/X                             10     11        (VIOLATED)
fanout5407/X                             10     11        (VIOLATED)
fanout5419/X                             10     11        (VIOLATED)
fanout5421/X                             10     11        (VIOLATED)
fanout5422/X                             10     11        (VIOLATED)
fanout5430/X                             10     11        (VIOLATED)
fanout5431/X                             10     11        (VIOLATED)
fanout5433/X                             10     11        (VIOLATED)
fanout5437/X                             10     11        (VIOLATED)
fanout5464/X                             10     11        (VIOLATED)
fanout5475/X                             10     11        (VIOLATED)
fanout5476/X                             10     11        (VIOLATED)
fanout5512/X                             10     11        (VIOLATED)
fanout5515/X                             10     11        (VIOLATED)
fanout5535/X                             10     11        (VIOLATED)
fanout5570/X                             10     11        (VIOLATED)
fanout5601/X                             10     11        (VIOLATED)
fanout5605/X                             10     11        (VIOLATED)
fanout5622/X                             10     11        (VIOLATED)
fanout5653/X                             10     11        (VIOLATED)
fanout5703/X                             10     11        (VIOLATED)
fanout571/X                              10     11        (VIOLATED)
fanout5723/X                             10     11        (VIOLATED)
fanout574/X                              10     11        (VIOLATED)
fanout5743/X                             10     11        (VIOLATED)
fanout5762/X                             10     11        (VIOLATED)
fanout5863/X                             10     11        (VIOLATED)
fanout5876/X                             10     11        (VIOLATED)
fanout5887/X                             10     11        (VIOLATED)
fanout5888/X                             10     11        (VIOLATED)
fanout5890/X                             10     11        (VIOLATED)
fanout5998/X                             10     11        (VIOLATED)
fanout603/X                              10     11        (VIOLATED)
fanout6041/X                             10     11        (VIOLATED)
fanout6062/X                             10     11        (VIOLATED)
fanout6113/X                             10     11        (VIOLATED)
fanout6173/X                             10     11        (VIOLATED)
fanout622/X                              10     11        (VIOLATED)
fanout624/X                              10     11        (VIOLATED)
fanout625/X                              10     11        (VIOLATED)
fanout626/X                              10     11        (VIOLATED)
fanout698/X                              10     11        (VIOLATED)
fanout707/X                              10     11        (VIOLATED)
fanout709/X                              10     11        (VIOLATED)
fanout749/X                              10     11        (VIOLATED)
fanout761/X                              10     11        (VIOLATED)
fanout7701/X                             10     11        (VIOLATED)
fanout771/X                              10     11        (VIOLATED)
fanout772/X                              10     11        (VIOLATED)
fanout7730/X                             10     11        (VIOLATED)
fanout7737/X                             10     11        (VIOLATED)
fanout7746/X                             10     11        (VIOLATED)
fanout7749/X                             10     11        (VIOLATED)
fanout7790/X                             10     11        (VIOLATED)
fanout7796/X                             10     11        (VIOLATED)
fanout7803/X                             10     11        (VIOLATED)
fanout7975/X                             10     11        (VIOLATED)
fanout7989/X                             10     11        (VIOLATED)
fanout7995/X                             10     11        (VIOLATED)
fanout8021/X                             10     11        (VIOLATED)
fanout8059/X                             10     11        (VIOLATED)
fanout8065/X                             10     11        (VIOLATED)
fanout8076/X                             10     11        (VIOLATED)
fanout8089/X                             10     11        (VIOLATED)
fanout8115/X                             10     11        (VIOLATED)
fanout8140/X                             10     11        (VIOLATED)
fanout8180/X                             10     11        (VIOLATED)
fanout8198/X                             10     11        (VIOLATED)
fanout8201/X                             10     11        (VIOLATED)
fanout8213/X                             10     11        (VIOLATED)
fanout8220/X                             10     11        (VIOLATED)
fanout8277/X                             10     11        (VIOLATED)
fanout8284/X                             10     11        (VIOLATED)
fanout8348/X                             10     11        (VIOLATED)
fanout8407/X                             10     11        (VIOLATED)
fanout8450/X                             10     11        (VIOLATED)
fanout8470/X                             10     11        (VIOLATED)
fanout8516/X                             10     11        (VIOLATED)
fanout8576/X                             10     11        (VIOLATED)
fanout8614/X                             10     11        (VIOLATED)
fanout863/X                              10     11        (VIOLATED)
fanout8630/X                             10     11        (VIOLATED)
fanout8633/X                             10     11        (VIOLATED)
fanout8649/X                             10     11        (VIOLATED)
fanout8683/X                             10     11        (VIOLATED)
fanout8702/X                             10     11        (VIOLATED)
fanout8761/X                             10     11        (VIOLATED)
fanout8769/X                             10     11        (VIOLATED)
fanout877/X                              10     11        (VIOLATED)
fanout8784/X                             10     11        (VIOLATED)
fanout8823/X                             10     11        (VIOLATED)
fanout8844/X                             10     11        (VIOLATED)
fanout8866/X                             10     11        (VIOLATED)
fanout8913/X                             10     11        (VIOLATED)
fanout8917/X                             10     11        (VIOLATED)
fanout8926/X                             10     11        (VIOLATED)
fanout8932/X                             10     11        (VIOLATED)
fanout8964/X                             10     11        (VIOLATED)
fanout8972/X                             10     11        (VIOLATED)
fanout9003/X                             10     11        (VIOLATED)
fanout9062/X                             10     11        (VIOLATED)
fanout9142/X                             10     11        (VIOLATED)
fanout9145/X                             10     11        (VIOLATED)
fanout9244/X                             10     11        (VIOLATED)
fanout9270/X                             10     11        (VIOLATED)
fanout9286/X                             10     11        (VIOLATED)
fanout9329/X                             10     11        (VIOLATED)
fanout9373/X                             10     11        (VIOLATED)
fanout9386/X                             10     11        (VIOLATED)
fanout9396/X                             10     11        (VIOLATED)
fanout9412/X                             10     11        (VIOLATED)
fanout9417/X                             10     11        (VIOLATED)
fanout9425/X                             10     11        (VIOLATED)
fanout9485/X                             10     11        (VIOLATED)
fanout9559/X                             10     11        (VIOLATED)
fanout9612/X                             10     11        (VIOLATED)
fanout9618/X                             10     11        (VIOLATED)
fanout9619/X                             10     11        (VIOLATED)
fanout9631/X                             10     11        (VIOLATED)
fanout9672/X                             10     11        (VIOLATED)
fanout9716/X                             10     11        (VIOLATED)
fanout9752/X                             10     11        (VIOLATED)
fanout9782/X                             10     11        (VIOLATED)
fanout9787/X                             10     11        (VIOLATED)
fanout9862/X                             10     11        (VIOLATED)
fanout9868/X                             10     11        (VIOLATED)
fanout9869/X                             10     11        (VIOLATED)
fanout9989/X                             10     11        (VIOLATED)
hold10435/X                              10     11        (VIOLATED)
hold10520/X                              10     11        (VIOLATED)
hold10632/X                              10     11        (VIOLATED)
hold10900/X                              10     11        (VIOLATED)
hold10932/X                              10     11        (VIOLATED)
hold11129/X                              10     11        (VIOLATED)
hold112/X                                10     11        (VIOLATED)
hold11292/X                              10     11        (VIOLATED)
hold11858/X                              10     11        (VIOLATED)
hold11884/X                              10     11        (VIOLATED)
hold11980/X                              10     11        (VIOLATED)
hold1204/X                               10     11        (VIOLATED)
hold12210/X                              10     11        (VIOLATED)
hold12318/X                              10     11        (VIOLATED)
hold12332/X                              10     11        (VIOLATED)
hold12486/X                              10     11        (VIOLATED)
hold12510/X                              10     11        (VIOLATED)
hold12535/X                              10     11        (VIOLATED)
hold12776/X                              10     11        (VIOLATED)
hold12819/X                              10     11        (VIOLATED)
hold12973/X                              10     11        (VIOLATED)
hold13074/X                              10     11        (VIOLATED)
hold13118/X                              10     11        (VIOLATED)
hold13134/X                              10     11        (VIOLATED)
hold13153/X                              10     11        (VIOLATED)
hold13208/X                              10     11        (VIOLATED)
hold13265/X                              10     11        (VIOLATED)
hold13524/X                              10     11        (VIOLATED)
hold13686/X                              10     11        (VIOLATED)
hold13945/X                              10     11        (VIOLATED)
hold14086/X                              10     11        (VIOLATED)
hold14255/X                              10     11        (VIOLATED)
hold14595/X                              10     11        (VIOLATED)
hold14650/X                              10     11        (VIOLATED)
hold14835/X                              10     11        (VIOLATED)
hold14994/X                              10     11        (VIOLATED)
hold15021/X                              10     11        (VIOLATED)
hold15050/X                              10     11        (VIOLATED)
hold15192/X                              10     11        (VIOLATED)
hold15195/X                              10     11        (VIOLATED)
hold15226/X                              10     11        (VIOLATED)
hold15242/X                              10     11        (VIOLATED)
hold15246/X                              10     11        (VIOLATED)
hold15393/X                              10     11        (VIOLATED)
hold15426/X                              10     11        (VIOLATED)
hold15461/X                              10     11        (VIOLATED)
hold15495/X                              10     11        (VIOLATED)
hold15504/X                              10     11        (VIOLATED)
hold15507/X                              10     11        (VIOLATED)
hold15525/X                              10     11        (VIOLATED)
hold15545/X                              10     11        (VIOLATED)
hold15546/X                              10     11        (VIOLATED)
hold15559/X                              10     11        (VIOLATED)
hold15603/X                              10     11        (VIOLATED)
hold15640/X                              10     11        (VIOLATED)
hold15657/X                              10     11        (VIOLATED)
hold15701/X                              10     11        (VIOLATED)
hold15884/X                              10     11        (VIOLATED)
hold15910/X                              10     11        (VIOLATED)
hold15916/X                              10     11        (VIOLATED)
hold15969/X                              10     11        (VIOLATED)
hold15978/X                              10     11        (VIOLATED)
hold16008/X                              10     11        (VIOLATED)
hold16014/X                              10     11        (VIOLATED)
hold16015/X                              10     11        (VIOLATED)
hold16027/X                              10     11        (VIOLATED)
hold16046/X                              10     11        (VIOLATED)
hold16050/X                              10     11        (VIOLATED)
hold16063/X                              10     11        (VIOLATED)
hold16082/X                              10     11        (VIOLATED)
hold16104/X                              10     11        (VIOLATED)
hold16109/X                              10     11        (VIOLATED)
hold16122/X                              10     11        (VIOLATED)
hold16147/X                              10     11        (VIOLATED)
hold16219/X                              10     11        (VIOLATED)
hold16227/X                              10     11        (VIOLATED)
hold16287/X                              10     11        (VIOLATED)
hold16520/X                              10     11        (VIOLATED)
hold16537/X                              10     11        (VIOLATED)
hold16544/X                              10     11        (VIOLATED)
hold16564/X                              10     11        (VIOLATED)
hold16587/X                              10     11        (VIOLATED)
hold16650/X                              10     11        (VIOLATED)
hold16654/X                              10     11        (VIOLATED)
hold16713/X                              10     11        (VIOLATED)
hold16722/X                              10     11        (VIOLATED)
hold16755/X                              10     11        (VIOLATED)
hold16828/X                              10     11        (VIOLATED)
hold16878/X                              10     11        (VIOLATED)
hold16948/X                              10     11        (VIOLATED)
hold16952/X                              10     11        (VIOLATED)
hold16986/X                              10     11        (VIOLATED)
hold17015/X                              10     11        (VIOLATED)
hold17062/X                              10     11        (VIOLATED)
hold17109/X                              10     11        (VIOLATED)
hold17169/X                              10     11        (VIOLATED)
hold17177/X                              10     11        (VIOLATED)
hold17197/X                              10     11        (VIOLATED)
hold17213/X                              10     11        (VIOLATED)
hold17226/X                              10     11        (VIOLATED)
hold17247/X                              10     11        (VIOLATED)
hold17284/X                              10     11        (VIOLATED)
hold17332/X                              10     11        (VIOLATED)
hold17384/X                              10     11        (VIOLATED)
hold17387/X                              10     11        (VIOLATED)
hold17430/X                              10     11        (VIOLATED)
hold17506/X                              10     11        (VIOLATED)
hold17657/X                              10     11        (VIOLATED)
hold17682/X                              10     11        (VIOLATED)
hold17692/X                              10     11        (VIOLATED)
hold17726/X                              10     11        (VIOLATED)
hold17770/X                              10     11        (VIOLATED)
hold17806/X                              10     11        (VIOLATED)
hold17814/X                              10     11        (VIOLATED)
hold17867/X                              10     11        (VIOLATED)
hold17888/X                              10     11        (VIOLATED)
hold179/X                                10     11        (VIOLATED)
hold17903/X                              10     11        (VIOLATED)
hold17956/X                              10     11        (VIOLATED)
hold17991/X                              10     11        (VIOLATED)
hold17997/X                              10     11        (VIOLATED)
hold18000/X                              10     11        (VIOLATED)
hold18010/X                              10     11        (VIOLATED)
hold18026/X                              10     11        (VIOLATED)
hold18044/X                              10     11        (VIOLATED)
hold18051/X                              10     11        (VIOLATED)
hold18092/X                              10     11        (VIOLATED)
hold18115/X                              10     11        (VIOLATED)
hold18161/X                              10     11        (VIOLATED)
hold18515/X                              10     11        (VIOLATED)
hold18645/X                              10     11        (VIOLATED)
hold19003/X                              10     11        (VIOLATED)
hold19145/X                              10     11        (VIOLATED)
hold19307/X                              10     11        (VIOLATED)
hold19318/X                              10     11        (VIOLATED)
hold19900/X                              10     11        (VIOLATED)
hold20468/X                              10     11        (VIOLATED)
hold216/X                                10     11        (VIOLATED)
hold22267/X                              10     11        (VIOLATED)
hold223/X                                10     11        (VIOLATED)
hold236/X                                10     11        (VIOLATED)
hold23898/X                              10     11        (VIOLATED)
hold23997/X                              10     11        (VIOLATED)
hold24064/X                              10     11        (VIOLATED)
hold24271/X                              10     11        (VIOLATED)
hold243/X                                10     11        (VIOLATED)
hold24304/X                              10     11        (VIOLATED)
hold24324/X                              10     11        (VIOLATED)
hold24377/X                              10     11        (VIOLATED)
hold24407/X                              10     11        (VIOLATED)
hold24431/X                              10     11        (VIOLATED)
hold24446/X                              10     11        (VIOLATED)
hold24468/X                              10     11        (VIOLATED)
hold2450/X                               10     11        (VIOLATED)
hold24500/X                              10     11        (VIOLATED)
hold24555/X                              10     11        (VIOLATED)
hold24582/X                              10     11        (VIOLATED)
hold24594/X                              10     11        (VIOLATED)
hold24647/X                              10     11        (VIOLATED)
hold24655/X                              10     11        (VIOLATED)
hold24747/X                              10     11        (VIOLATED)
hold24759/X                              10     11        (VIOLATED)
hold24783/X                              10     11        (VIOLATED)
hold24815/X                              10     11        (VIOLATED)
hold24857/X                              10     11        (VIOLATED)
hold24948/X                              10     11        (VIOLATED)
hold24952/X                              10     11        (VIOLATED)
hold24956/X                              10     11        (VIOLATED)
hold24976/X                              10     11        (VIOLATED)
hold250/X                                10     11        (VIOLATED)
hold25027/X                              10     11        (VIOLATED)
hold25029/X                              10     11        (VIOLATED)
hold25058/X                              10     11        (VIOLATED)
hold25082/X                              10     11        (VIOLATED)
hold25098/X                              10     11        (VIOLATED)
hold25112/X                              10     11        (VIOLATED)
hold25120/X                              10     11        (VIOLATED)
hold25171/X                              10     11        (VIOLATED)
hold25255/X                              10     11        (VIOLATED)
hold25262/X                              10     11        (VIOLATED)
hold25270/X                              10     11        (VIOLATED)
hold25292/X                              10     11        (VIOLATED)
hold25300/X                              10     11        (VIOLATED)
hold25336/X                              10     11        (VIOLATED)
hold25427/X                              10     11        (VIOLATED)
hold25464/X                              10     11        (VIOLATED)
hold25492/X                              10     11        (VIOLATED)
hold25496/X                              10     11        (VIOLATED)
hold25544/X                              10     11        (VIOLATED)
hold25562/X                              10     11        (VIOLATED)
hold25618/X                              10     11        (VIOLATED)
hold25634/X                              10     11        (VIOLATED)
hold25638/X                              10     11        (VIOLATED)
hold25672/X                              10     11        (VIOLATED)
hold25686/X                              10     11        (VIOLATED)
hold25704/X                              10     11        (VIOLATED)
hold25723/X                              10     11        (VIOLATED)
hold25760/X                              10     11        (VIOLATED)
hold25770/X                              10     11        (VIOLATED)
hold25782/X                              10     11        (VIOLATED)
hold25826/X                              10     11        (VIOLATED)
hold25838/X                              10     11        (VIOLATED)
hold25859/X                              10     11        (VIOLATED)
hold25883/X                              10     11        (VIOLATED)
hold25906/X                              10     11        (VIOLATED)
hold25924/X                              10     11        (VIOLATED)
hold25969/X                              10     11        (VIOLATED)
hold25973/X                              10     11        (VIOLATED)
hold26013/X                              10     11        (VIOLATED)
hold26028/X                              10     11        (VIOLATED)
hold26057/X                              10     11        (VIOLATED)
hold26069/X                              10     11        (VIOLATED)
hold26073/X                              10     11        (VIOLATED)
hold26077/X                              10     11        (VIOLATED)
hold26080/X                              10     11        (VIOLATED)
hold26084/X                              10     11        (VIOLATED)
hold26087/X                              10     11        (VIOLATED)
hold26095/X                              10     11        (VIOLATED)
hold26129/X                              10     11        (VIOLATED)
hold26142/X                              10     11        (VIOLATED)
hold26174/X                              10     11        (VIOLATED)
hold2620/X                               10     11        (VIOLATED)
hold26217/X                              10     11        (VIOLATED)
hold26244/X                              10     11        (VIOLATED)
hold26257/X                              10     11        (VIOLATED)
hold26314/X                              10     11        (VIOLATED)
hold26330/X                              10     11        (VIOLATED)
hold26357/X                              10     11        (VIOLATED)
hold26395/X                              10     11        (VIOLATED)
hold26416/X                              10     11        (VIOLATED)
hold26420/X                              10     11        (VIOLATED)
hold26428/X                              10     11        (VIOLATED)
hold26448/X                              10     11        (VIOLATED)
hold26475/X                              10     11        (VIOLATED)
hold26479/X                              10     11        (VIOLATED)
hold26516/X                              10     11        (VIOLATED)
hold26537/X                              10     11        (VIOLATED)
hold26600/X                              10     11        (VIOLATED)
hold26631/X                              10     11        (VIOLATED)
hold26639/X                              10     11        (VIOLATED)
hold26643/X                              10     11        (VIOLATED)
hold26650/X                              10     11        (VIOLATED)
hold26653/X                              10     11        (VIOLATED)
hold26657/X                              10     11        (VIOLATED)
hold26661/X                              10     11        (VIOLATED)
hold26678/X                              10     11        (VIOLATED)
hold26682/X                              10     11        (VIOLATED)
hold26714/X                              10     11        (VIOLATED)
hold26728/X                              10     11        (VIOLATED)
hold26749/X                              10     11        (VIOLATED)
hold26753/X                              10     11        (VIOLATED)
hold26761/X                              10     11        (VIOLATED)
hold26793/X                              10     11        (VIOLATED)
hold26817/X                              10     11        (VIOLATED)
hold26833/X                              10     11        (VIOLATED)
hold26882/X                              10     11        (VIOLATED)
hold26925/X                              10     11        (VIOLATED)
hold26929/X                              10     11        (VIOLATED)
hold26937/X                              10     11        (VIOLATED)
hold26968/X                              10     11        (VIOLATED)
hold26978/X                              10     11        (VIOLATED)
hold26981/X                              10     11        (VIOLATED)
hold26988/X                              10     11        (VIOLATED)
hold27051/X                              10     11        (VIOLATED)
hold27105/X                              10     11        (VIOLATED)
hold27135/X                              10     11        (VIOLATED)
hold27139/X                              10     11        (VIOLATED)
hold27192/X                              10     11        (VIOLATED)
hold27205/X                              10     11        (VIOLATED)
hold27213/X                              10     11        (VIOLATED)
hold27231/X                              10     11        (VIOLATED)
hold27240/X                              10     11        (VIOLATED)
hold27259/X                              10     11        (VIOLATED)
hold27278/X                              10     11        (VIOLATED)
hold27310/X                              10     11        (VIOLATED)
hold27339/X                              10     11        (VIOLATED)
hold27382/X                              10     11        (VIOLATED)
hold27402/X                              10     11        (VIOLATED)
hold27406/X                              10     11        (VIOLATED)
hold27414/X                              10     11        (VIOLATED)
hold27440/X                              10     11        (VIOLATED)
hold27452/X                              10     11        (VIOLATED)
hold27460/X                              10     11        (VIOLATED)
hold27491/X                              10     11        (VIOLATED)
hold27494/X                              10     11        (VIOLATED)
hold27506/X                              10     11        (VIOLATED)
hold27549/X                              10     11        (VIOLATED)
hold27553/X                              10     11        (VIOLATED)
hold27587/X                              10     11        (VIOLATED)
hold27614/X                              10     11        (VIOLATED)
hold27652/X                              10     11        (VIOLATED)
hold27690/X                              10     11        (VIOLATED)
hold27773/X                              10     11        (VIOLATED)
hold27845/X                              10     11        (VIOLATED)
hold27902/X                              10     11        (VIOLATED)
hold27942/X                              10     11        (VIOLATED)
hold27983/X                              10     11        (VIOLATED)
hold2799/X                               10     11        (VIOLATED)
hold27994/X                              10     11        (VIOLATED)
hold28046/X                              10     11        (VIOLATED)
hold28054/X                              10     11        (VIOLATED)
hold28121/X                              10     11        (VIOLATED)
hold28132/X                              10     11        (VIOLATED)
hold28142/X                              10     11        (VIOLATED)
hold28206/X                              10     11        (VIOLATED)
hold28266/X                              10     11        (VIOLATED)
hold28323/X                              10     11        (VIOLATED)
hold28373/X                              10     11        (VIOLATED)
hold28398/X                              10     11        (VIOLATED)
hold28404/X                              10     11        (VIOLATED)
hold28438/X                              10     11        (VIOLATED)
hold2845/X                               10     11        (VIOLATED)
hold28565/X                              10     11        (VIOLATED)
hold28631/X                              10     11        (VIOLATED)
hold28719/X                              10     11        (VIOLATED)
hold28750/X                              10     11        (VIOLATED)
hold28756/X                              10     11        (VIOLATED)
hold28855/X                              10     11        (VIOLATED)
hold29021/X                              10     11        (VIOLATED)
hold29250/X                              10     11        (VIOLATED)
hold29256/X                              10     11        (VIOLATED)
hold294/X                                10     11        (VIOLATED)
hold29444/X                              10     11        (VIOLATED)
hold29461/X                              10     11        (VIOLATED)
hold29546/X                              10     11        (VIOLATED)
hold29577/X                              10     11        (VIOLATED)
hold29657/X                              10     11        (VIOLATED)
hold29736/X                              10     11        (VIOLATED)
hold29770/X                              10     11        (VIOLATED)
hold29789/X                              10     11        (VIOLATED)
hold29799/X                              10     11        (VIOLATED)
hold29839/X                              10     11        (VIOLATED)
hold29844/X                              10     11        (VIOLATED)
hold29854/X                              10     11        (VIOLATED)
hold29901/X                              10     11        (VIOLATED)
hold29913/X                              10     11        (VIOLATED)
hold29948/X                              10     11        (VIOLATED)
hold29960/X                              10     11        (VIOLATED)
hold29982/X                              10     11        (VIOLATED)
hold30014/X                              10     11        (VIOLATED)
hold30024/X                              10     11        (VIOLATED)
hold30029/X                              10     11        (VIOLATED)
hold30059/X                              10     11        (VIOLATED)
hold30087/X                              10     11        (VIOLATED)
hold30143/X                              10     11        (VIOLATED)
hold30162/X                              10     11        (VIOLATED)
hold30204/X                              10     11        (VIOLATED)
hold30233/X                              10     11        (VIOLATED)
hold30242/X                              10     11        (VIOLATED)
hold30268/X                              10     11        (VIOLATED)
hold30300/X                              10     11        (VIOLATED)
hold30322/X                              10     11        (VIOLATED)
hold30344/X                              10     11        (VIOLATED)
hold30354/X                              10     11        (VIOLATED)
hold30376/X                              10     11        (VIOLATED)
hold30385/X                              10     11        (VIOLATED)
hold30431/X                              10     11        (VIOLATED)
hold30437/X                              10     11        (VIOLATED)
hold30498/X                              10     11        (VIOLATED)
hold30517/X                              10     11        (VIOLATED)
hold30552/X                              10     11        (VIOLATED)
hold30568/X                              10     11        (VIOLATED)
hold30576/X                              10     11        (VIOLATED)
hold30621/X                              10     11        (VIOLATED)
hold30655/X                              10     11        (VIOLATED)
hold30677/X                              10     11        (VIOLATED)
hold30743/X                              10     11        (VIOLATED)
hold30750/X                              10     11        (VIOLATED)
hold30757/X                              10     11        (VIOLATED)
hold30761/X                              10     11        (VIOLATED)
hold30856/X                              10     11        (VIOLATED)
hold30933/X                              10     11        (VIOLATED)
hold30946/X                              10     11        (VIOLATED)
hold30993/X                              10     11        (VIOLATED)
hold31014/X                              10     11        (VIOLATED)
hold31069/X                              10     11        (VIOLATED)
hold31098/X                              10     11        (VIOLATED)
hold31118/X                              10     11        (VIOLATED)
hold31133/X                              10     11        (VIOLATED)
hold31222/X                              10     11        (VIOLATED)
hold31319/X                              10     11        (VIOLATED)
hold31443/X                              10     11        (VIOLATED)
hold31472/X                              10     11        (VIOLATED)
hold31504/X                              10     11        (VIOLATED)
hold31527/X                              10     11        (VIOLATED)
hold31541/X                              10     11        (VIOLATED)
hold31652/X                              10     11        (VIOLATED)
hold31657/X                              10     11        (VIOLATED)
hold31779/X                              10     11        (VIOLATED)
hold31889/X                              10     11        (VIOLATED)
hold31911/X                              10     11        (VIOLATED)
hold31922/X                              10     11        (VIOLATED)
hold32024/X                              10     11        (VIOLATED)
hold32194/X                              10     11        (VIOLATED)
hold32420/X                              10     11        (VIOLATED)
hold356/X                                10     11        (VIOLATED)
hold367/X                                10     11        (VIOLATED)
hold38290/X                              10     11        (VIOLATED)
hold38348/X                              10     11        (VIOLATED)
hold38665/X                              10     11        (VIOLATED)
hold39381/X                              10     11        (VIOLATED)
hold406/X                                10     11        (VIOLATED)
hold4492/X                               10     11        (VIOLATED)
hold4519/X                               10     11        (VIOLATED)
hold467/X                                10     11        (VIOLATED)
hold4865/X                               10     11        (VIOLATED)
hold511/X                                10     11        (VIOLATED)
hold5403/X                               10     11        (VIOLATED)
hold5492/X                               10     11        (VIOLATED)
hold7/X                                  10     11        (VIOLATED)
hold7015/X                               10     11        (VIOLATED)
hold7050/X                               10     11        (VIOLATED)
hold7347/X                               10     11        (VIOLATED)
hold7465/X                               10     11        (VIOLATED)
hold7526/X                               10     11        (VIOLATED)
hold756/X                                10     11        (VIOLATED)
hold7623/X                               10     11        (VIOLATED)
hold8110/X                               10     11        (VIOLATED)
hold8115/X                               10     11        (VIOLATED)
hold8385/X                               10     11        (VIOLATED)
hold8447/X                               10     11        (VIOLATED)
hold8516/X                               10     11        (VIOLATED)
hold8683/X                               10     11        (VIOLATED)
hold9528/X                               10     11        (VIOLATED)
hold9611/X                               10     11        (VIOLATED)
hold9701/X                               10     11        (VIOLATED)
hold9844/X                               10     11        (VIOLATED)
hold993/X                                10     11        (VIOLATED)
hold9993/X                               10     11        (VIOLATED)
max_length11373/X                        10     11        (VIOLATED)
max_length11492/X                        10     11        (VIOLATED)
max_length11715/X                        10     11        (VIOLATED)
max_length11732/X                        10     11        (VIOLATED)
max_length1452/X                         10     11        (VIOLATED)
max_length1931/X                         10     11        (VIOLATED)
max_length2021/X                         10     11        (VIOLATED)
max_length2288/X                         10     11        (VIOLATED)
max_length2605/X                         10     11        (VIOLATED)
max_length2671/X                         10     11        (VIOLATED)
max_length3568/X                         10     11        (VIOLATED)
max_length4282/X                         10     11        (VIOLATED)
max_length4681/X                         10     11        (VIOLATED)
max_length5035/X                         10     11        (VIOLATED)
max_length5651/X                         10     11        (VIOLATED)
max_length5669/X                         10     11        (VIOLATED)
max_length5734/X                         10     11        (VIOLATED)
max_length5745/X                         10     11        (VIOLATED)
max_length5751/X                         10     11        (VIOLATED)
max_length735/X                          10     11        (VIOLATED)
max_length7795/X                         10     11        (VIOLATED)
wire10097/X                              10     11        (VIOLATED)
wire10166/X                              10     11        (VIOLATED)
wire10912/X                              10     11        (VIOLATED)
wire11341/X                              10     11        (VIOLATED)
wire11509/X                              10     11        (VIOLATED)
wire11618/X                              10     11        (VIOLATED)
wire11647/X                              10     11        (VIOLATED)
wire11657/X                              10     11        (VIOLATED)
wire11742/X                              10     11        (VIOLATED)
wire11754/X                              10     11        (VIOLATED)
wire11790/X                              10     11        (VIOLATED)
wire11803/X                              10     11        (VIOLATED)
wire11826/X                              10     11        (VIOLATED)
wire11837/X                              10     11        (VIOLATED)
wire11867/X                              10     11        (VIOLATED)
wire11980/X                              10     11        (VIOLATED)
wire12004/X                              10     11        (VIOLATED)
wire1287/X                               10     11        (VIOLATED)
wire1296/X                               10     11        (VIOLATED)
wire1828/X                               10     11        (VIOLATED)
wire1878/X                               10     11        (VIOLATED)
wire1898/X                               10     11        (VIOLATED)
wire1922/X                               10     11        (VIOLATED)
wire195/X                                10     11        (VIOLATED)
wire1991/X                               10     11        (VIOLATED)
wire2001/X                               10     11        (VIOLATED)
wire2037/X                               10     11        (VIOLATED)
wire2106/X                               10     11        (VIOLATED)
wire2135/X                               10     11        (VIOLATED)
wire216/X                                10     11        (VIOLATED)
wire2190/X                               10     11        (VIOLATED)
wire2267/X                               10     11        (VIOLATED)
wire2384/X                               10     11        (VIOLATED)
wire2415/X                               10     11        (VIOLATED)
wire2454/X                               10     11        (VIOLATED)
wire2513/X                               10     11        (VIOLATED)
wire2528/X                               10     11        (VIOLATED)
wire2532/X                               10     11        (VIOLATED)
wire2547/X                               10     11        (VIOLATED)
wire2572/X                               10     11        (VIOLATED)
wire2629/X                               10     11        (VIOLATED)
wire2646/X                               10     11        (VIOLATED)
wire2664/X                               10     11        (VIOLATED)
wire2701/X                               10     11        (VIOLATED)
wire2732/X                               10     11        (VIOLATED)
wire2814/X                               10     11        (VIOLATED)
wire2923/X                               10     11        (VIOLATED)
wire3026/X                               10     11        (VIOLATED)
wire3046/X                               10     11        (VIOLATED)
wire3081/X                               10     11        (VIOLATED)
wire3118/X                               10     11        (VIOLATED)
wire3211/X                               10     11        (VIOLATED)
wire3256/X                               10     11        (VIOLATED)
wire3264/X                               10     11        (VIOLATED)
wire3275/X                               10     11        (VIOLATED)
wire3386/X                               10     11        (VIOLATED)
wire3551/X                               10     11        (VIOLATED)
wire3556/X                               10     11        (VIOLATED)
wire3592/X                               10     11        (VIOLATED)
wire3598/X                               10     11        (VIOLATED)
wire3600/X                               10     11        (VIOLATED)
wire3770/X                               10     11        (VIOLATED)
wire4264/X                               10     11        (VIOLATED)
wire4320/X                               10     11        (VIOLATED)
wire4358/X                               10     11        (VIOLATED)
wire4636/X                               10     11        (VIOLATED)
wire4688/X                               10     11        (VIOLATED)
wire4865/X                               10     11        (VIOLATED)
wire4896/X                               10     11        (VIOLATED)
wire4899/X                               10     11        (VIOLATED)
wire5012/X                               10     11        (VIOLATED)
wire5013/X                               10     11        (VIOLATED)
wire5093/X                               10     11        (VIOLATED)
wire5146/X                               10     11        (VIOLATED)
wire5151/X                               10     11        (VIOLATED)
wire527/X                                10     11        (VIOLATED)
wire5399/X                               10     11        (VIOLATED)
wire5452/X                               10     11        (VIOLATED)
wire5652/X                               10     11        (VIOLATED)
wire5672/X                               10     11        (VIOLATED)
wire5678/X                               10     11        (VIOLATED)
wire5753/X                               10     11        (VIOLATED)
wire5925/X                               10     11        (VIOLATED)
wire5929/X                               10     11        (VIOLATED)
wire6086/X                               10     11        (VIOLATED)
wire6092/X                               10     11        (VIOLATED)
wire6906/X                               10     11        (VIOLATED)
wire700/X                                10     11        (VIOLATED)
wire7692/X                               10     11        (VIOLATED)
wire7729/X                               10     11        (VIOLATED)
wire7740/X                               10     11        (VIOLATED)
wire7743/X                               10     11        (VIOLATED)
wire7763/X                               10     11        (VIOLATED)
wire7771/X                               10     11        (VIOLATED)
wire7798/X                               10     11        (VIOLATED)
wire7843/X                               10     11        (VIOLATED)
wire8082/X                               10     11        (VIOLATED)
wire8208/X                               10     11        (VIOLATED)
wire8211/X                               10     11        (VIOLATED)
wire8222/X                               10     11        (VIOLATED)
wire8363/X                               10     11        (VIOLATED)
wire8404/X                               10     11        (VIOLATED)
wire8440/X                               10     11        (VIOLATED)
wire8454/X                               10     11        (VIOLATED)
wire8492/X                               10     11        (VIOLATED)
wire8627/X                               10     11        (VIOLATED)
wire865/X                                10     11        (VIOLATED)
wire8892/X                               10     11        (VIOLATED)
wire9078/X                               10     11        (VIOLATED)
wire9155/X                               10     11        (VIOLATED)
wire917/X                                10     11        (VIOLATED)
wire9314/X                               10     11        (VIOLATED)
wire9327/X                               10     11        (VIOLATED)
wire9345/X                               10     11        (VIOLATED)
wire9483/X                               10     11        (VIOLATED)
wire9557/X                               10     11        (VIOLATED)
wire9561/X                               10     11        (VIOLATED)
wire9574/X                               10     11        (VIOLATED)
wire9772/X                               10     11        (VIOLATED)
wire9870/X                               10     11        (VIOLATED)
wire9895/X                               10     11        (VIOLATED)
wire9910/X                               10     11        (VIOLATED)
wire9914/X                               10     11        (VIOLATED)
wire9961/X                               10     11        (VIOLATED)

max capacitance

Pin                                        Limit         Cap       Slack
------------------------------------------------------------------------
_113464_/X                              0.185862    0.271514   -0.085652 (VIOLATED)
_113266_/X                              0.185862    0.257376   -0.071514 (VIOLATED)
hold17128/X                             0.100718    0.163801   -0.063083 (VIOLATED)
hold17087/X                             0.100718    0.161814   -0.061096 (VIOLATED)
wire3108/X                              0.181284    0.241575   -0.060291 (VIOLATED)
hold294/X                               0.100718    0.153216   -0.052498 (VIOLATED)
hold18656/X                             0.100718    0.152672   -0.051954 (VIOLATED)
hold15011/X                             0.100718    0.152425   -0.051707 (VIOLATED)
hold32087/X                             0.100718    0.147897   -0.047179 (VIOLATED)
hold54/X                                0.100718    0.143601   -0.042883 (VIOLATED)
wire3660/X                              0.181284    0.222858   -0.041574 (VIOLATED)
_113952_/X                              0.187693    0.229199   -0.041506 (VIOLATED)
hold14627/X                             0.100718    0.142016   -0.041298 (VIOLATED)
wire5809/X                              0.181284    0.221678   -0.040394 (VIOLATED)
hold8938/X                              0.100718    0.138895   -0.038177 (VIOLATED)
hold1174/X                              0.100718    0.137608   -0.036890 (VIOLATED)
wire6601/X                              0.181284    0.216890   -0.035606 (VIOLATED)
hold18584/X                             0.100718    0.131803   -0.031085 (VIOLATED)
wire3664/X                              0.181284    0.211329   -0.030045 (VIOLATED)
hold11880/X                             0.100718    0.130446   -0.029728 (VIOLATED)
hold17775/X                             0.100718    0.130051   -0.029333 (VIOLATED)
wire6774/X                              0.181284    0.210607   -0.029324 (VIOLATED)
hold15786/X                             0.100718    0.129109   -0.028391 (VIOLATED)
hold17184/X                             0.100718    0.128500   -0.027782 (VIOLATED)
hold17909/X                             0.100718    0.125470   -0.024752 (VIOLATED)
hold112/X                               0.100718    0.125232   -0.024514 (VIOLATED)
hold18089/X                             0.100718    0.124796   -0.024078 (VIOLATED)
hold17193/X                             0.100718    0.124771   -0.024053 (VIOLATED)
wire6352/X                              0.353403    0.377353   -0.023950 (VIOLATED)
hold17793/X                             0.100718    0.124517   -0.023799 (VIOLATED)
hold15853/X                             0.100718    0.124317   -0.023599 (VIOLATED)
hold16350/X                             0.100718    0.124064   -0.023346 (VIOLATED)
hold95/X                                0.100718    0.123707   -0.022989 (VIOLATED)
hold14930/X                             0.100718    0.123702   -0.022984 (VIOLATED)
hold16376/X                             0.100718    0.123177   -0.022459 (VIOLATED)
hold15857/X                             0.100718    0.122341   -0.021623 (VIOLATED)
hold17507/X                             0.100718    0.121470   -0.020752 (VIOLATED)
hold10870/X                             0.100718    0.121419   -0.020701 (VIOLATED)
hold16849/X                             0.100718    0.121259   -0.020541 (VIOLATED)
hold16454/X                             0.100718    0.120841   -0.020123 (VIOLATED)
wire2998/X                              0.181284    0.200577   -0.019293 (VIOLATED)
hold15302/X                             0.100718    0.119891   -0.019173 (VIOLATED)
hold13865/X                             0.100718    0.119883   -0.019165 (VIOLATED)
hold14022/X                             0.100718    0.119763   -0.019045 (VIOLATED)
hold16808/X                             0.100718    0.119706   -0.018988 (VIOLATED)
_102038_/Y                              0.054942    0.073910   -0.018968 (VIOLATED)
hold7139/X                              0.100718    0.118517   -0.017799 (VIOLATED)
hold17303/X                             0.100718    0.118126   -0.017408 (VIOLATED)
hold17004/X                             0.100718    0.116611   -0.015893 (VIOLATED)
_113942_/X                              0.187693    0.202872   -0.015179 (VIOLATED)
hold28081/X                             0.100718    0.115858   -0.015140 (VIOLATED)
hold17323/X                             0.100718    0.115338   -0.014620 (VIOLATED)
hold15028/X                             0.100718    0.115275   -0.014557 (VIOLATED)
hold16438/X                             0.100718    0.114895   -0.014177 (VIOLATED)
hold15232/X                             0.100718    0.114497   -0.013779 (VIOLATED)
hold16231/X                             0.100718    0.114398   -0.013680 (VIOLATED)
hold17540/X                             0.100718    0.114394   -0.013676 (VIOLATED)
hold29246/X                             0.100718    0.114361   -0.013643 (VIOLATED)
hold18065/X                             0.100718    0.114258   -0.013540 (VIOLATED)
hold8531/X                              0.100718    0.114246   -0.013528 (VIOLATED)
hold17636/X                             0.100718    0.114225   -0.013507 (VIOLATED)
hold25/X                                0.100718    0.114059   -0.013341 (VIOLATED)
hold18047/X                             0.100718    0.112373   -0.011655 (VIOLATED)
hold14034/X                             0.100718    0.112345   -0.011627 (VIOLATED)
hold12918/X                             0.100718    0.110470   -0.009752 (VIOLATED)
hold16866/X                             0.100718    0.110257   -0.009539 (VIOLATED)
hold16903/X                             0.100718    0.109896   -0.009178 (VIOLATED)
hold16730/X                             0.100718    0.109569   -0.008851 (VIOLATED)
hold15999/X                             0.100718    0.109408   -0.008690 (VIOLATED)
hold17578/X                             0.100718    0.109335   -0.008617 (VIOLATED)
hold17722/X                             0.100718    0.109298   -0.008580 (VIOLATED)
hold14882/X                             0.100718    0.109256   -0.008538 (VIOLATED)
_113194_/X                              0.187693    0.195751   -0.008058 (VIOLATED)
hold16323/X                             0.100718    0.108375   -0.007657 (VIOLATED)
hold17605/X                             0.100718    0.108216   -0.007498 (VIOLATED)
hold27785/X                             0.100718    0.107883   -0.007165 (VIOLATED)
hold15740/X                             0.100718    0.107832   -0.007114 (VIOLATED)
hold16977/X                             0.100718    0.107660   -0.006942 (VIOLATED)
hold16603/X                             0.100718    0.107368   -0.006650 (VIOLATED)
_109607_/Y                              0.154734    0.161274   -0.006540 (VIOLATED)
hold17418/X                             0.100718    0.107028   -0.006310 (VIOLATED)
_082872_/Y                              0.086070    0.092226   -0.006156 (VIOLATED)
hold15243/X                             0.100718    0.106784   -0.006066 (VIOLATED)
hold28806/X                             0.100718    0.106357   -0.005639 (VIOLATED)
hold16442/X                             0.100718    0.106343   -0.005625 (VIOLATED)
hold17839/X                             0.100718    0.106190   -0.005472 (VIOLATED)
hold28902/X                             0.100718    0.106139   -0.005421 (VIOLATED)
hold202/X                               0.100718    0.106061   -0.005343 (VIOLATED)
hold15498/X                             0.100718    0.105815   -0.005097 (VIOLATED)
hold13664/X                             0.100718    0.105792   -0.005074 (VIOLATED)
hold17172/X                             0.100718    0.105726   -0.005008 (VIOLATED)
hold16011/X                             0.100718    0.105613   -0.004895 (VIOLATED)
hold15682/X                             0.100718    0.105611   -0.004893 (VIOLATED)
hold15418/X                             0.100718    0.105603   -0.004885 (VIOLATED)
hold15975/X                             0.100718    0.105332   -0.004614 (VIOLATED)
hold17734/X                             0.100718    0.105192   -0.004474 (VIOLATED)
hold38477/X                             0.100718    0.105186   -0.004468 (VIOLATED)
hold17854/X                             0.100718    0.104943   -0.004225 (VIOLATED)
_113189_/X                              0.187693    0.191550   -0.003857 (VIOLATED)
hold5090/X                              0.100718    0.104437   -0.003719 (VIOLATED)
hold11474/X                             0.100718    0.104134   -0.003416 (VIOLATED)
hold17101/X                             0.100718    0.104061   -0.003343 (VIOLATED)
hold9206/X                              0.100718    0.103922   -0.003204 (VIOLATED)
hold18273/X                             0.100718    0.103839   -0.003121 (VIOLATED)
hold8139/X                              0.100718    0.103832   -0.003114 (VIOLATED)
hold28947/X                             0.100718    0.103590   -0.002872 (VIOLATED)
hold15314/X                             0.100718    0.103426   -0.002708 (VIOLATED)
hold15053/X                             0.100718    0.103013   -0.002295 (VIOLATED)
hold15455/X                             0.100718    0.102942   -0.002224 (VIOLATED)
hold15540/X                             0.100718    0.102942   -0.002224 (VIOLATED)
hold29820/X                             0.100718    0.102888   -0.002170 (VIOLATED)
wire6370/X                              0.353403    0.355403   -0.002000 (VIOLATED)
hold16032/X                             0.100718    0.102596   -0.001878 (VIOLATED)
hold17089/X                             0.100718    0.102510   -0.001792 (VIOLATED)
wire3340/X                              0.495310    0.497076   -0.001766 (VIOLATED)
hold17554/X                             0.100718    0.102395   -0.001677 (VIOLATED)
hold28404/X                             0.100718    0.102032   -0.001314 (VIOLATED)
hold15950/X                             0.100718    0.101685   -0.000967 (VIOLATED)
hold15087/X                             0.100718    0.101529   -0.000811 (VIOLATED)
hold13396/X                             0.100718    0.101505   -0.000787 (VIOLATED)
hold3512/X                              0.100718    0.101310   -0.000592 (VIOLATED)
hold14681/X                             0.100718    0.101260   -0.000542 (VIOLATED)
hold32425/X                             0.100718    0.101255   -0.000537 (VIOLATED)
hold29556/X                             0.100718    0.101243   -0.000525 (VIOLATED)
hold16418/X                             0.100718    0.101232   -0.000514 (VIOLATED)
hold336/X                               0.100718    0.101155   -0.000437 (VIOLATED)
hold14504/X                             0.100718    0.101005   -0.000287 (VIOLATED)
hold15644/X                             0.100718    0.100997   -0.000279 (VIOLATED)
hold17427/X                             0.100718    0.100807   -0.000089 (VIOLATED)
hold15550/X                             0.100718    0.100718    0.000000 (VIOLATED)



===========================================================================
report_parasitic_annotation -report_unannotated
============================================================================
Found 2074 unannotated drivers.
 analog_io[14]
 analog_io[15]
 analog_io[16]
 analog_io[17]
 analog_io[18]
 analog_io[19]
 analog_io[20]
 analog_io[21]
 analog_io[22]
 analog_io[23]
 analog_io[24]
 analog_io[25]
 analog_io[26]
 analog_io[27]
 analog_io[28]
 analog_io[4]
 io_in[0]
 io_in[10]
 io_in[11]
 io_in[12]
 io_in[13]
 io_in[14]
 io_in[15]
 io_in[16]
 io_in[17]
 io_in[18]
 io_in[19]
 io_in[1]
 io_in[20]
 io_in[21]
 io_in[23]
 io_in[27]
 io_in[28]
 io_in[29]
 io_in[2]
 io_in[30]
 io_in[31]
 io_in[32]
 io_in[33]
 io_in[34]
 io_in[35]
 io_in[36]
 io_in[37]
 io_in[3]
 io_in[4]
 io_in[5]
 io_in[6]
 io_in[7]
 io_in[8]
 io_in[9]
 la_data_in[0]
 la_data_in[100]
 la_data_in[101]
 la_data_in[102]
 la_data_in[103]
 la_data_in[104]
 la_data_in[105]
 la_data_in[106]
 la_data_in[107]
 la_data_in[108]
 la_data_in[109]
 la_data_in[10]
 la_data_in[110]
 la_data_in[111]
 la_data_in[112]
 la_data_in[113]
 la_data_in[114]
 la_data_in[115]
 la_data_in[116]
 la_data_in[117]
 la_data_in[118]
 la_data_in[119]
 la_data_in[11]
 la_data_in[120]
 la_data_in[121]
 la_data_in[122]
 la_data_in[123]
 la_data_in[124]
 la_data_in[125]
 la_data_in[126]
 la_data_in[127]
 la_data_in[12]
 la_data_in[13]
 la_data_in[14]
 la_data_in[15]
 la_data_in[16]
 la_data_in[17]
 la_data_in[18]
 la_data_in[19]
 la_data_in[1]
 la_data_in[20]
 la_data_in[21]
 la_data_in[22]
 la_data_in[23]
 la_data_in[24]
 la_data_in[25]
 la_data_in[26]
 la_data_in[27]
 la_data_in[28]
 la_data_in[29]
 la_data_in[2]
 la_data_in[30]
 la_data_in[31]
 la_data_in[32]
 la_data_in[33]
 la_data_in[34]
 la_data_in[35]
 la_data_in[36]
 la_data_in[37]
 la_data_in[38]
 la_data_in[39]
 la_data_in[3]
 la_data_in[40]
 la_data_in[41]
 la_data_in[42]
 la_data_in[43]
 la_data_in[44]
 la_data_in[45]
 la_data_in[46]
 la_data_in[47]
 la_data_in[48]
 la_data_in[49]
 la_data_in[4]
 la_data_in[50]
 la_data_in[51]
 la_data_in[52]
 la_data_in[53]
 la_data_in[54]
 la_data_in[55]
 la_data_in[56]
 la_data_in[57]
 la_data_in[58]
 la_data_in[59]
 la_data_in[5]
 la_data_in[60]
 la_data_in[61]
 la_data_in[62]
 la_data_in[63]
 la_data_in[64]
 la_data_in[65]
 la_data_in[66]
 la_data_in[67]
 la_data_in[68]
 la_data_in[69]
 la_data_in[6]
 la_data_in[70]
 la_data_in[71]
 la_data_in[72]
 la_data_in[73]
 la_data_in[74]
 la_data_in[75]
 la_data_in[76]
 la_data_in[77]
 la_data_in[78]
 la_data_in[79]
 la_data_in[7]
 la_data_in[80]
 la_data_in[81]
 la_data_in[82]
 la_data_in[83]
 la_data_in[84]
 la_data_in[85]
 la_data_in[86]
 la_data_in[87]
 la_data_in[88]
 la_data_in[89]
 la_data_in[8]
 la_data_in[90]
 la_data_in[91]
 la_data_in[92]
 la_data_in[93]
 la_data_in[94]
 la_data_in[95]
 la_data_in[96]
 la_data_in[97]
 la_data_in[98]
 la_data_in[99]
 la_data_in[9]
 la_oenb[0]
 la_oenb[100]
 la_oenb[101]
 la_oenb[102]
 la_oenb[103]
 la_oenb[104]
 la_oenb[105]
 la_oenb[106]
 la_oenb[107]
 la_oenb[108]
 la_oenb[109]
 la_oenb[10]
 la_oenb[110]
 la_oenb[111]
 la_oenb[112]
 la_oenb[113]
 la_oenb[114]
 la_oenb[115]
 la_oenb[116]
 la_oenb[117]
 la_oenb[118]
 la_oenb[119]
 la_oenb[11]
 la_oenb[120]
 la_oenb[121]
 la_oenb[122]
 la_oenb[123]
 la_oenb[124]
 la_oenb[125]
 la_oenb[126]
 la_oenb[127]
 la_oenb[12]
 la_oenb[13]
 la_oenb[14]
 la_oenb[15]
 la_oenb[16]
 la_oenb[17]
 la_oenb[18]
 la_oenb[19]
 la_oenb[1]
 la_oenb[20]
 la_oenb[21]
 la_oenb[22]
 la_oenb[23]
 la_oenb[24]
 la_oenb[25]
 la_oenb[26]
 la_oenb[27]
 la_oenb[28]
 la_oenb[29]
 la_oenb[2]
 la_oenb[30]
 la_oenb[31]
 la_oenb[32]
 la_oenb[33]
 la_oenb[34]
 la_oenb[35]
 la_oenb[36]
 la_oenb[37]
 la_oenb[38]
 la_oenb[39]
 la_oenb[3]
 la_oenb[40]
 la_oenb[41]
 la_oenb[42]
 la_oenb[43]
 la_oenb[44]
 la_oenb[45]
 la_oenb[46]
 la_oenb[47]
 la_oenb[48]
 la_oenb[49]
 la_oenb[4]
 la_oenb[50]
 la_oenb[51]
 la_oenb[52]
 la_oenb[53]
 la_oenb[54]
 la_oenb[55]
 la_oenb[56]
 la_oenb[57]
 la_oenb[58]
 la_oenb[59]
 la_oenb[5]
 la_oenb[60]
 la_oenb[61]
 la_oenb[62]
 la_oenb[63]
 la_oenb[64]
 la_oenb[65]
 la_oenb[66]
 la_oenb[67]
 la_oenb[68]
 la_oenb[69]
 la_oenb[6]
 la_oenb[70]
 la_oenb[71]
 la_oenb[72]
 la_oenb[73]
 la_oenb[74]
 la_oenb[75]
 la_oenb[76]
 la_oenb[77]
 la_oenb[78]
 la_oenb[79]
 la_oenb[7]
 la_oenb[80]
 la_oenb[81]
 la_oenb[82]
 la_oenb[83]
 la_oenb[84]
 la_oenb[85]
 la_oenb[86]
 la_oenb[87]
 la_oenb[88]
 la_oenb[89]
 la_oenb[8]
 la_oenb[90]
 la_oenb[91]
 la_oenb[92]
 la_oenb[93]
 la_oenb[94]
 la_oenb[95]
 la_oenb[96]
 la_oenb[97]
 la_oenb[98]
 la_oenb[99]
 la_oenb[9]
 user_clock2
 clkload0/Y
 clkload1/Y
 clkload10/Y
 clkload100/Y
 clkload1000/X
 clkload1001/X
 clkload1002/X
 clkload1003/X
 clkload1004/X
 clkload1005/X
 clkload1006/X
 clkload1007/X
 clkload1008/X
 clkload1009/X
 clkload101/Y
 clkload1010/X
 clkload1011/Y
 clkload1012/X
 clkload1013/Y
 clkload1014/Y
 clkload1015/X
 clkload1016/Y
 clkload1017/X
 clkload1018/X
 clkload1019/Y
 clkload102/X
 clkload1020/X
 clkload1021/Y
 clkload1022/Y
 clkload1023/Y
 clkload1024/X
 clkload1025/X
 clkload1026/X
 clkload1027/X
 clkload1028/X
 clkload1029/X
 clkload103/X
 clkload1030/X
 clkload1031/X
 clkload1032/Y
 clkload1033/Y
 clkload1034/Y
 clkload1035/X
 clkload1036/X
 clkload1037/Y
 clkload1038/X
 clkload1039/Y
 clkload104/X
 clkload1040/Y
 clkload1041/X
 clkload1042/Y
 clkload1043/X
 clkload1044/X
 clkload1045/X
 clkload1046/Y
 clkload1047/X
 clkload1048/Y
 clkload1049/X
 clkload105/X
 clkload1050/Y
 clkload1051/X
 clkload1052/X
 clkload1053/X
 clkload1054/X
 clkload1055/Y
 clkload1056/Y
 clkload1057/X
 clkload1058/Y
 clkload1059/Y
 clkload106/Y
 clkload1060/X
 clkload1061/Y
 clkload1062/Y
 clkload1063/Y
 clkload1064/X
 clkload1065/X
 clkload1066/X
 clkload1067/X
 clkload1068/X
 clkload1069/X
 clkload107/X
 clkload1070/Y
 clkload1071/X
 clkload1072/Y
 clkload1073/X
 clkload1074/Y
 clkload1075/X
 clkload1076/X
 clkload1077/X
 clkload1078/X
 clkload1079/X
 clkload108/Y
 clkload1080/X
 clkload1081/X
 clkload1082/X
 clkload1083/X
 clkload1084/X
 clkload1085/X
 clkload1086/X
 clkload1087/Y
 clkload1088/Y
 clkload1089/X
 clkload109/Y
 clkload1090/Y
 clkload1091/X
 clkload1092/X
 clkload1093/X
 clkload1094/X
 clkload1095/X
 clkload1096/X
 clkload1097/X
 clkload1098/X
 clkload1099/X
 clkload11/Y
 clkload110/Y
 clkload1100/X
 clkload1101/X
 clkload1102/X
 clkload1103/X
 clkload1104/Y
 clkload1105/X
 clkload1106/X
 clkload1107/X
 clkload1108/X
 clkload1109/X
 clkload111/Y
 clkload1110/Y
 clkload1111/X
 clkload1112/X
 clkload1113/X
 clkload1114/X
 clkload1115/X
 clkload1116/X
 clkload1117/X
 clkload1118/Y
 clkload1119/Y
 clkload112/X
 clkload1120/Y
 clkload1121/Y
 clkload1122/X
 clkload1123/X
 clkload1124/Y
 clkload1125/Y
 clkload1126/Y
 clkload1127/X
 clkload1128/X
 clkload1129/Y
 clkload113/X
 clkload1130/Y
 clkload1131/X
 clkload1132/Y
 clkload1133/Y
 clkload1134/Y
 clkload1135/X
 clkload1136/X
 clkload1137/X
 clkload1138/Y
 clkload1139/Y
 clkload114/X
 clkload1140/Y
 clkload1141/X
 clkload1142/X
 clkload1143/X
 clkload1144/Y
 clkload1145/X
 clkload1146/X
 clkload1147/X
 clkload1148/X
 clkload1149/X
 clkload115/Y
 clkload1150/X
 clkload1151/Y
 clkload1152/Y
 clkload1153/Y
 clkload1154/Y
 clkload1155/Y
 clkload1156/Y
 clkload1157/Y
 clkload1158/Y
 clkload1159/X
 clkload116/Y
 clkload1160/X
 clkload1161/X
 clkload1162/X
 clkload1163/X
 clkload1164/X
 clkload1165/X
 clkload1166/Y
 clkload1167/X
 clkload1168/Y
 clkload1169/X
 clkload117/Y
 clkload1170/X
 clkload1171/X
 clkload1172/X
 clkload1173/X
 clkload1174/X
 clkload1175/X
 clkload1176/X
 clkload1177/X
 clkload1178/Y
 clkload1179/Y
 clkload118/X
 clkload1180/Y
 clkload1181/Y
 clkload1182/X
 clkload1183/X
 clkload1184/Y
 clkload1185/Y
 clkload1186/X
 clkload1187/X
 clkload1188/X
 clkload1189/X
 clkload119/Y
 clkload1190/Y
 clkload1191/Y
 clkload1192/X
 clkload1193/Y
 clkload1194/Y
 clkload1195/Y
 clkload1196/Y
 clkload1197/X
 clkload1198/X
 clkload1199/Y
 clkload12/X
 clkload120/Y
 clkload1200/Y
 clkload1201/Y
 clkload1202/X
 clkload1203/Y
 clkload1204/Y
 clkload1205/Y
 clkload1206/Y
 clkload1207/Y
 clkload1208/X
 clkload1209/Y
 clkload121/Y
 clkload1210/X
 clkload1211/X
 clkload1212/Y
 clkload1213/X
 clkload1214/Y
 clkload1215/X
 clkload1216/Y
 clkload1217/Y
 clkload1218/Y
 clkload1219/X
 clkload122/X
 clkload1220/Y
 clkload1221/Y
 clkload1222/X
 clkload1223/Y
 clkload1224/Y
 clkload1225/Y
 clkload1226/Y
 clkload1227/Y
 clkload1228/Y
 clkload1229/Y
 clkload123/X
 clkload1230/X
 clkload1231/Y
 clkload1232/X
 clkload1233/X
 clkload1234/X
 clkload1235/Y
 clkload1236/X
 clkload1237/Y
 clkload1238/Y
 clkload1239/Y
 clkload124/X
 clkload1240/X
 clkload1241/X
 clkload1242/X
 clkload1243/X
 clkload1244/X
 clkload1245/Y
 clkload1246/X
 clkload1247/X
 clkload1248/Y
 clkload1249/Y
 clkload125/X
 clkload1250/Y
 clkload1251/Y
 clkload1252/X
 clkload1253/X
 clkload1254/X
 clkload1255/X
 clkload1256/X
 clkload1257/Y
 clkload1258/Y
 clkload1259/X
 clkload126/X
 clkload1260/X
 clkload1261/Y
 clkload1262/X
 clkload1263/X
 clkload1264/X
 clkload1265/X
 clkload1266/Y
 clkload1267/X
 clkload1268/X
 clkload1269/X
 clkload127/X
 clkload1270/X
 clkload1271/Y
 clkload1272/Y
 clkload1273/Y
 clkload1274/Y
 clkload1275/Y
 clkload1276/X
 clkload1277/X
 clkload1278/X
 clkload1279/X
 clkload128/X
 clkload1280/X
 clkload1281/X
 clkload1282/X
 clkload1283/X
 clkload1284/X
 clkload1285/X
 clkload1286/X
 clkload1287/Y
 clkload1288/Y
 clkload1289/X
 clkload129/Y
 clkload1290/X
 clkload1291/X
 clkload1292/Y
 clkload1293/X
 clkload1294/Y
 clkload1295/X
 clkload1296/X
 clkload1297/X
 clkload1298/X
 clkload1299/X
 clkload13/Y
 clkload130/X
 clkload1300/X
 clkload1301/X
 clkload1302/Y
 clkload1303/X
 clkload1304/X
 clkload1305/X
 clkload1306/X
 clkload1307/X
 clkload1308/X
 clkload1309/X
 clkload131/Y
 clkload1310/X
 clkload1311/X
 clkload1312/X
 clkload1313/X
 clkload1314/X
 clkload1315/X
 clkload1316/X
 clkload1317/X
 clkload1318/X
 clkload1319/X
 clkload132/Y
 clkload1320/X
 clkload1321/X
 clkload1322/X
 clkload1323/X
 clkload1324/X
 clkload1325/X
 clkload1326/X
 clkload1327/X
 clkload1328/X
 clkload1329/X
 clkload133/X
 clkload1330/X
 clkload1331/X
 clkload1332/Y
 clkload1333/X
 clkload1334/Y
 clkload1335/X
 clkload1336/Y
 clkload1337/X
 clkload1338/X
 clkload1339/Y
 clkload134/X
 clkload1340/X
 clkload1341/Y
 clkload1342/Y
 clkload1343/X
 clkload1344/Y
 clkload1345/Y
 clkload1346/Y
 clkload1347/Y
 clkload1348/Y
 clkload1349/Y
 clkload135/X
 clkload1350/X
 clkload1351/X
 clkload1352/X
 clkload1353/X
 clkload1354/X
 clkload1355/X
 clkload1356/X
 clkload1357/X
 clkload1358/X
 clkload1359/X
 clkload136/Y
 clkload1360/X
 clkload1361/X
 clkload1362/X
 clkload1363/X
 clkload1364/X
 clkload1365/X
 clkload1366/X
 clkload1367/X
 clkload1368/X
 clkload1369/X
 clkload137/X
 clkload1370/X
 clkload1371/X
 clkload1372/X
 clkload1373/X
 clkload1374/X
 clkload1375/X
 clkload1376/X
 clkload1377/X
 clkload1378/X
 clkload1379/X
 clkload138/X
 clkload1380/X
 clkload1381/X
 clkload1382/X
 clkload1383/X
 clkload1384/Y
 clkload1385/Y
 clkload1386/X
 clkload1387/X
 clkload1388/X
 clkload1389/Y
 clkload139/Y
 clkload1390/Y
 clkload1391/Y
 clkload1392/X
 clkload1393/X
 clkload1394/X
 clkload1395/X
 clkload1396/Y
 clkload1397/Y
 clkload1398/X
 clkload1399/Y
 clkload14/Y
 clkload140/X
 clkload1400/Y
 clkload1401/Y
 clkload1402/Y
 clkload1403/Y
 clkload1404/Y
 clkload1405/X
 clkload1406/Y
 clkload1407/X
 clkload1408/Y
 clkload1409/Y
 clkload141/Y
 clkload1410/Y
 clkload1411/X
 clkload1412/X
 clkload1413/Y
 clkload1414/X
 clkload1415/X
 clkload1416/X
 clkload1417/X
 clkload1418/X
 clkload1419/X
 clkload142/Y
 clkload1420/X
 clkload1421/X
 clkload1422/X
 clkload1423/X
 clkload1424/X
 clkload1425/X
 clkload1426/X
 clkload1427/X
 clkload1428/X
 clkload1429/X
 clkload143/X
 clkload1430/X
 clkload1431/X
 clkload1432/Y
 clkload1433/X
 clkload1434/X
 clkload1435/X
 clkload1436/X
 clkload1437/X
 clkload1438/Y
 clkload1439/X
 clkload144/Y
 clkload1440/X
 clkload1441/X
 clkload1442/X
 clkload1443/X
 clkload1444/X
 clkload1445/X
 clkload1446/X
 clkload1447/X
 clkload1448/Y
 clkload1449/Y
 clkload145/X
 clkload1450/Y
 clkload1451/X
 clkload1452/X
 clkload1453/X
 clkload1454/X
 clkload1455/X
 clkload1456/X
 clkload1457/X
 clkload1458/X
 clkload1459/X
 clkload146/X
 clkload1460/X
 clkload1461/X
 clkload1462/X
 clkload1463/X
 clkload1464/X
 clkload1465/X
 clkload1466/X
 clkload1467/X
 clkload1468/X
 clkload1469/X
 clkload147/X
 clkload1470/X
 clkload1471/X
 clkload1472/X
 clkload1473/X
 clkload1474/X
 clkload1475/X
 clkload1476/Y
 clkload1477/Y
 clkload1478/Y
 clkload1479/X
 clkload148/Y
 clkload1480/X
 clkload1481/X
 clkload1482/X
 clkload1483/X
 clkload1484/X
 clkload1485/Y
 clkload1486/X
 clkload1487/X
 clkload1488/X
 clkload1489/X
 clkload149/X
 clkload1490/X
 clkload1491/X
 clkload1492/X
 clkload1493/X
 clkload1494/X
 clkload1495/X
 clkload1496/X
 clkload1497/X
 clkload1498/Y
 clkload1499/Y
 clkload15/Y
 clkload150/X
 clkload1500/X
 clkload1501/Y
 clkload1502/Y
 clkload1503/Y
 clkload1504/Y
 clkload1505/Y
 clkload1506/X
 clkload1507/X
 clkload1508/X
 clkload1509/X
 clkload151/X
 clkload1510/Y
 clkload1511/Y
 clkload1512/Y
 clkload1513/Y
 clkload1514/Y
 clkload1515/X
 clkload1516/Y
 clkload1517/Y
 clkload1518/Y
 clkload1519/Y
 clkload152/Y
 clkload1520/X
 clkload1521/Y
 clkload1522/X
 clkload1523/Y
 clkload1524/Y
 clkload1525/X
 clkload1526/X
 clkload1527/X
 clkload1528/X
 clkload1529/X
 clkload153/X
 clkload1530/X
 clkload1531/Y
 clkload1532/Y
 clkload1533/Y
 clkload1534/X
 clkload1535/X
 clkload1536/X
 clkload1537/X
 clkload1538/X
 clkload1539/Y
 clkload154/X
 clkload1540/X
 clkload1541/Y
 clkload1542/X
 clkload1543/X
 clkload1544/X
 clkload1545/X
 clkload1546/Y
 clkload1547/Y
 clkload1548/X
 clkload1549/X
 clkload155/X
 clkload1550/X
 clkload1551/X
 clkload1552/X
 clkload1553/Y
 clkload1554/Y
 clkload1555/Y
 clkload1556/Y
 clkload1557/Y
 clkload1558/Y
 clkload156/X
 clkload157/X
 clkload158/Y
 clkload159/Y
 clkload16/Y
 clkload160/X
 clkload161/X
 clkload162/Y
 clkload163/Y
 clkload164/X
 clkload165/X
 clkload166/X
 clkload167/X
 clkload168/X
 clkload169/Y
 clkload17/Y
 clkload170/X
 clkload171/X
 clkload172/Y
 clkload173/X
 clkload174/X
 clkload175/X
 clkload176/Y
 clkload177/Y
 clkload178/X
 clkload179/Y
 clkload18/Y
 clkload180/Y
 clkload181/X
 clkload182/X
 clkload183/Y
 clkload184/Y
 clkload185/X
 clkload186/Y
 clkload187/Y
 clkload188/Y
 clkload189/Y
 clkload19/Y
 clkload190/Y
 clkload191/Y
 clkload192/X
 clkload193/X
 clkload194/X
 clkload195/X
 clkload196/Y
 clkload197/Y
 clkload198/X
 clkload199/X
 clkload2/Y
 clkload20/Y
 clkload200/Y
 clkload201/X
 clkload202/Y
 clkload203/X
 clkload204/Y
 clkload205/Y
 clkload206/X
 clkload207/Y
 clkload208/Y
 clkload209/X
 clkload21/Y
 clkload210/X
 clkload211/X
 clkload212/X
 clkload213/X
 clkload214/X
 clkload215/X
 clkload216/X
 clkload217/Y
 clkload218/Y
 clkload219/Y
 clkload22/Y
 clkload220/X
 clkload221/X
 clkload222/Y
 clkload223/Y
 clkload224/Y
 clkload225/Y
 clkload226/X
 clkload227/X
 clkload228/X
 clkload229/X
 clkload23/Y
 clkload230/X
 clkload231/X
 clkload232/X
 clkload233/X
 clkload234/X
 clkload235/Y
 clkload236/Y
 clkload237/Y
 clkload238/X
 clkload239/Y
 clkload24/Y
 clkload240/X
 clkload241/Y
 clkload242/Y
 clkload243/X
 clkload244/Y
 clkload245/X
 clkload246/X
 clkload247/Y
 clkload248/X
 clkload249/X
 clkload25/Y
 clkload250/X
 clkload251/X
 clkload252/X
 clkload253/X
 clkload254/X
 clkload255/X
 clkload256/X
 clkload257/X
 clkload258/X
 clkload259/Y
 clkload26/Y
 clkload260/Y
 clkload261/Y
 clkload262/Y
 clkload263/X
 clkload264/Y
 clkload265/Y
 clkload266/Y
 clkload267/X
 clkload268/Y
 clkload269/X
 clkload27/Y
 clkload270/X
 clkload271/X
 clkload272/X
 clkload273/Y
 clkload274/X
 clkload275/X
 clkload276/Y
 clkload277/Y
 clkload278/X
 clkload279/X
 clkload28/Y
 clkload280/Y
 clkload281/Y
 clkload282/Y
 clkload283/Y
 clkload284/Y
 clkload285/Y
 clkload286/X
 clkload287/Y
 clkload288/Y
 clkload289/Y
 clkload29/Y
 clkload290/Y
 clkload291/Y
 clkload292/Y
 clkload293/Y
 clkload294/Y
 clkload295/Y
 clkload296/Y
 clkload297/Y
 clkload298/X
 clkload299/X
 clkload3/Y
 clkload30/X
 clkload300/Y
 clkload301/Y
 clkload302/Y
 clkload303/X
 clkload304/X
 clkload305/Y
 clkload306/Y
 clkload307/Y
 clkload308/Y
 clkload309/Y
 clkload31/X
 clkload310/Y
 clkload311/Y
 clkload312/Y
 clkload313/Y
 clkload314/Y
 clkload315/X
 clkload316/X
 clkload317/X
 clkload318/X
 clkload319/X
 clkload32/Y
 clkload320/X
 clkload321/X
 clkload322/X
 clkload323/Y
 clkload324/X
 clkload325/X
 clkload326/Y
 clkload327/X
 clkload328/Y
 clkload329/Y
 clkload33/Y
 clkload330/X
 clkload331/X
 clkload332/Y
 clkload333/X
 clkload334/X
 clkload335/Y
 clkload336/Y
 clkload337/X
 clkload338/Y
 clkload339/Y
 clkload34/Y
 clkload340/Y
 clkload341/Y
 clkload342/Y
 clkload343/Y
 clkload344/Y
 clkload345/Y
 clkload346/Y
 clkload347/Y
 clkload348/X
 clkload349/Y
 clkload35/Y
 clkload350/X
 clkload351/X
 clkload352/X
 clkload353/X
 clkload354/X
 clkload355/X
 clkload356/X
 clkload357/X
 clkload358/X
 clkload359/X
 clkload36/Y
 clkload360/Y
 clkload361/Y
 clkload362/Y
 clkload363/X
 clkload364/X
 clkload365/X
 clkload366/X
 clkload367/X
 clkload368/X
 clkload369/X
 clkload37/Y
 clkload370/Y
 clkload371/Y
 clkload372/X
 clkload373/X
 clkload374/X
 clkload375/X
 clkload376/Y
 clkload377/Y
 clkload378/X
 clkload379/Y
 clkload38/Y
 clkload380/Y
 clkload381/Y
 clkload382/Y
 clkload383/Y
 clkload384/Y
 clkload385/Y
 clkload386/Y
 clkload387/X
 clkload388/X
 clkload389/X
 clkload39/X
 clkload390/Y
 clkload391/X
 clkload392/X
 clkload393/X
 clkload394/X
 clkload395/X
 clkload396/X
 clkload397/X
 clkload398/X
 clkload399/X
 clkload4/Y
 clkload40/Y
 clkload400/X
 clkload401/X
 clkload402/X
 clkload403/X
 clkload404/X
 clkload405/X
 clkload406/X
 clkload407/X
 clkload408/X
 clkload409/Y
 clkload41/Y
 clkload410/Y
 clkload411/Y
 clkload412/Y
 clkload413/Y
 clkload414/X
 clkload415/Y
 clkload416/X
 clkload417/X
 clkload418/Y
 clkload419/Y
 clkload42/X
 clkload420/Y
 clkload421/Y
 clkload422/Y
 clkload423/Y
 clkload424/X
 clkload425/X
 clkload426/Y
 clkload427/X
 clkload428/Y
 clkload429/Y
 clkload43/Y
 clkload430/Y
 clkload431/Y
 clkload432/Y
 clkload433/X
 clkload434/X
 clkload435/Y
 clkload436/X
 clkload437/Y
 clkload438/X
 clkload439/X
 clkload44/X
 clkload440/X
 clkload441/X
 clkload442/X
 clkload443/Y
 clkload444/Y
 clkload445/X
 clkload446/X
 clkload447/X
 clkload448/Y
 clkload449/X
 clkload45/Y
 clkload450/Y
 clkload451/X
 clkload452/X
 clkload453/X
 clkload454/X
 clkload455/X
 clkload456/X
 clkload457/X
 clkload458/X
 clkload459/X
 clkload46/Y
 clkload460/Y
 clkload461/Y
 clkload462/X
 clkload463/X
 clkload464/Y
 clkload465/X
 clkload466/X
 clkload467/X
 clkload468/X
 clkload469/X
 clkload47/Y
 clkload470/X
 clkload471/X
 clkload472/Y
 clkload473/X
 clkload474/X
 clkload475/Y
 clkload476/Y
 clkload477/X
 clkload478/Y
 clkload479/Y
 clkload48/Y
 clkload480/Y
 clkload481/Y
 clkload482/Y
 clkload483/Y
 clkload484/Y
 clkload485/Y
 clkload486/Y
 clkload487/Y
 clkload488/X
 clkload489/Y
 clkload49/Y
 clkload490/Y
 clkload491/Y
 clkload492/Y
 clkload493/Y
 clkload494/X
 clkload495/Y
 clkload496/Y
 clkload497/X
 clkload498/Y
 clkload499/Y
 clkload5/Y
 clkload50/Y
 clkload500/Y
 clkload501/Y
 clkload502/Y
 clkload503/Y
 clkload504/Y
 clkload505/Y
 clkload506/Y
 clkload507/Y
 clkload508/X
 clkload509/X
 clkload51/Y
 clkload510/X
 clkload511/X
 clkload512/Y
 clkload513/X
 clkload514/X
 clkload515/X
 clkload516/Y
 clkload517/Y
 clkload518/X
 clkload519/Y
 clkload52/Y
 clkload520/Y
 clkload521/X
 clkload522/Y
 clkload523/Y
 clkload524/X
 clkload525/X
 clkload526/X
 clkload527/Y
 clkload528/X
 clkload529/Y
 clkload53/X
 clkload530/X
 clkload531/Y
 clkload532/X
 clkload533/Y
 clkload534/X
 clkload535/Y
 clkload536/Y
 clkload537/X
 clkload538/Y
 clkload539/Y
 clkload54/Y
 clkload540/Y
 clkload541/Y
 clkload542/Y
 clkload543/Y
 clkload544/Y
 clkload545/X
 clkload546/Y
 clkload547/X
 clkload548/Y
 clkload549/Y
 clkload55/Y
 clkload550/X
 clkload551/X
 clkload552/Y
 clkload553/Y
 clkload554/X
 clkload555/Y
 clkload556/Y
 clkload557/Y
 clkload558/Y
 clkload559/Y
 clkload56/Y
 clkload560/Y
 clkload561/Y
 clkload562/Y
 clkload563/Y
 clkload564/X
 clkload565/Y
 clkload566/Y
 clkload567/Y
 clkload568/X
 clkload569/Y
 clkload57/Y
 clkload570/Y
 clkload571/Y
 clkload572/Y
 clkload573/Y
 clkload574/X
 clkload575/X
 clkload576/Y
 clkload577/X
 clkload578/Y
 clkload579/Y
 clkload58/X
 clkload580/Y
 clkload581/Y
 clkload582/X
 clkload583/Y
 clkload584/X
 clkload585/X
 clkload586/Y
 clkload587/Y
 clkload588/Y
 clkload589/Y
 clkload59/X
 clkload590/X
 clkload591/X
 clkload592/Y
 clkload593/Y
 clkload594/Y
 clkload595/X
 clkload596/X
 clkload597/Y
 clkload598/X
 clkload599/Y
 clkload6/Y
 clkload60/Y
 clkload600/X
 clkload601/Y
 clkload602/X
 clkload603/Y
 clkload604/Y
 clkload605/X
 clkload606/X
 clkload607/X
 clkload608/Y
 clkload609/X
 clkload61/Y
 clkload610/X
 clkload611/X
 clkload612/Y
 clkload613/Y
 clkload614/Y
 clkload615/X
 clkload616/Y
 clkload617/X
 clkload618/Y
 clkload619/Y
 clkload62/X
 clkload620/X
 clkload621/Y
 clkload622/Y
 clkload623/X
 clkload624/Y
 clkload625/X
 clkload626/X
 clkload627/X
 clkload628/Y
 clkload629/Y
 clkload63/X
 clkload630/Y
 clkload631/X
 clkload632/X
 clkload633/X
 clkload634/Y
 clkload635/Y
 clkload636/Y
 clkload637/X
 clkload638/Y
 clkload639/Y
 clkload64/Y
 clkload640/X
 clkload641/Y
 clkload642/X
 clkload643/Y
 clkload644/Y
 clkload645/Y
 clkload646/X
 clkload647/X
 clkload648/X
 clkload649/X
 clkload65/Y
 clkload650/X
 clkload651/X
 clkload652/X
 clkload653/X
 clkload654/X
 clkload655/X
 clkload656/Y
 clkload657/X
 clkload658/Y
 clkload659/Y
 clkload66/X
 clkload660/X
 clkload661/X
 clkload662/X
 clkload663/X
 clkload664/X
 clkload665/X
 clkload666/X
 clkload667/X
 clkload668/X
 clkload669/X
 clkload67/Y
 clkload670/X
 clkload671/Y
 clkload672/X
 clkload673/X
 clkload674/X
 clkload675/X
 clkload676/X
 clkload677/X
 clkload678/X
 clkload679/X
 clkload68/Y
 clkload680/X
 clkload681/X
 clkload682/X
 clkload683/X
 clkload684/X
 clkload685/X
 clkload686/X
 clkload687/X
 clkload688/Y
 clkload689/X
 clkload69/X
 clkload690/X
 clkload691/X
 clkload692/X
 clkload693/X
 clkload694/Y
 clkload695/X
 clkload696/Y
 clkload697/X
 clkload698/Y
 clkload699/X
 clkload7/Y
 clkload70/Y
 clkload700/Y
 clkload701/X
 clkload702/Y
 clkload703/Y
 clkload704/Y
 clkload705/X
 clkload706/Y
 clkload707/X
 clkload708/Y
 clkload709/Y
 clkload71/Y
 clkload710/Y
 clkload711/X
 clkload712/X
 clkload713/X
 clkload714/X
 clkload715/X
 clkload716/X
 clkload717/X
 clkload718/X
 clkload719/Y
 clkload72/Y
 clkload720/Y
 clkload721/Y
 clkload722/X
 clkload723/X
 clkload724/X
 clkload725/X
 clkload726/X
 clkload727/X
 clkload728/X
 clkload729/X
 clkload73/Y
 clkload730/X
 clkload731/Y
 clkload732/Y
 clkload733/X
 clkload734/X
 clkload735/X
 clkload736/X
 clkload737/X
 clkload738/X
 clkload739/X
 clkload74/Y
 clkload740/X
 clkload741/X
 clkload742/X
 clkload743/X
 clkload744/X
 clkload745/X
 clkload746/X
 clkload747/X
 clkload748/X
 clkload749/X
 clkload75/Y
 clkload750/X
 clkload751/X
 clkload752/X
 clkload753/X
 clkload754/X
 clkload755/X
 clkload756/Y
 clkload757/X
 clkload758/X
 clkload759/Y
 clkload76/Y
 clkload760/X
 clkload761/Y
 clkload762/X
 clkload763/X
 clkload764/X
 clkload765/X
 clkload766/Y
 clkload767/Y
 clkload768/Y
 clkload769/Y
 clkload77/Y
 clkload770/Y
 clkload771/Y
 clkload772/X
 clkload773/X
 clkload774/X
 clkload775/X
 clkload776/X
 clkload777/X
 clkload778/X
 clkload779/X
 clkload78/X
 clkload780/X
 clkload781/X
 clkload782/X
 clkload783/Y
 clkload784/Y
 clkload785/Y
 clkload786/Y
 clkload787/Y
 clkload788/Y
 clkload789/X
 clkload79/Y
 clkload790/Y
 clkload791/X
 clkload792/X
 clkload793/X
 clkload794/X
 clkload795/X
 clkload796/X
 clkload797/X
 clkload798/X
 clkload799/X
 clkload8/Y
 clkload80/Y
 clkload800/X
 clkload801/X
 clkload802/X
 clkload803/X
 clkload804/X
 clkload805/X
 clkload806/X
 clkload807/X
 clkload808/X
 clkload809/Y
 clkload81/X
 clkload810/Y
 clkload811/Y
 clkload812/Y
 clkload813/Y
 clkload814/Y
 clkload815/Y
 clkload816/Y
 clkload817/Y
 clkload818/Y
 clkload819/Y
 clkload82/Y
 clkload820/X
 clkload821/X
 clkload822/Y
 clkload823/X
 clkload824/X
 clkload825/X
 clkload826/X
 clkload827/X
 clkload828/X
 clkload829/X
 clkload83/Y
 clkload830/X
 clkload831/X
 clkload832/X
 clkload833/X
 clkload834/X
 clkload835/X
 clkload836/X
 clkload837/X
 clkload838/X
 clkload839/Y
 clkload84/X
 clkload840/X
 clkload841/Y
 clkload842/Y
 clkload843/Y
 clkload844/Y
 clkload845/X
 clkload846/Y
 clkload847/Y
 clkload848/Y
 clkload849/X
 clkload85/Y
 clkload850/X
 clkload851/X
 clkload852/X
 clkload853/X
 clkload854/X
 clkload855/X
 clkload856/Y
 clkload857/X
 clkload858/Y
 clkload859/X
 clkload86/Y
 clkload860/X
 clkload861/X
 clkload862/Y
 clkload863/X
 clkload864/X
 clkload865/X
 clkload866/X
 clkload867/X
 clkload868/X
 clkload869/X
 clkload87/Y
 clkload870/X
 clkload871/X
 clkload872/X
 clkload873/X
 clkload874/X
 clkload875/X
 clkload876/X
 clkload877/X
 clkload878/X
 clkload879/X
 clkload88/Y
 clkload880/X
 clkload881/X
 clkload882/X
 clkload883/X
 clkload884/X
 clkload885/X
 clkload886/X
 clkload887/X
 clkload888/X
 clkload889/X
 clkload89/X
 clkload890/X
 clkload891/X
 clkload892/Y
 clkload893/X
 clkload894/X
 clkload895/Y
 clkload896/X
 clkload897/X
 clkload898/Y
 clkload899/X
 clkload9/Y
 clkload90/X
 clkload900/X
 clkload901/X
 clkload902/Y
 clkload903/Y
 clkload904/X
 clkload905/X
 clkload906/Y
 clkload907/Y
 clkload908/Y
 clkload909/Y
 clkload91/X
 clkload910/Y
 clkload911/Y
 clkload912/Y
 clkload913/Y
 clkload914/Y
 clkload915/X
 clkload916/X
 clkload917/X
 clkload918/Y
 clkload919/X
 clkload92/X
 clkload920/Y
 clkload921/Y
 clkload922/X
 clkload923/X
 clkload924/Y
 clkload925/X
 clkload926/Y
 clkload927/Y
 clkload928/Y
 clkload929/X
 clkload93/Y
 clkload930/X
 clkload931/X
 clkload932/X
 clkload933/X
 clkload934/X
 clkload935/X
 clkload936/X
 clkload937/X
 clkload938/X
 clkload939/X
 clkload94/Y
 clkload940/X
 clkload941/Y
 clkload942/X
 clkload943/X
 clkload944/X
 clkload945/Y
 clkload946/X
 clkload947/X
 clkload948/X
 clkload949/X
 clkload95/Y
 clkload950/Y
 clkload951/X
 clkload952/X
 clkload953/X
 clkload954/Y
 clkload955/Y
 clkload956/Y
 clkload957/X
 clkload958/X
 clkload959/X
 clkload96/Y
 clkload960/X
 clkload961/X
 clkload962/X
 clkload963/X
 clkload964/X
 clkload965/Y
 clkload966/X
 clkload967/X
 clkload968/X
 clkload969/X
 clkload97/X
 clkload970/X
 clkload971/X
 clkload972/Y
 clkload973/Y
 clkload974/Y
 clkload975/X
 clkload976/X
 clkload977/X
 clkload978/X
 clkload979/X
 clkload98/X
 clkload980/X
 clkload981/X
 clkload982/X
 clkload983/X
 clkload984/X
 clkload985/X
 clkload986/Y
 clkload987/Y
 clkload988/X
 clkload989/X
 clkload99/X
 clkload990/Y
 clkload991/Y
 clkload992/Y
 clkload993/X
 clkload994/X
 clkload995/X
 clkload996/X
 clkload997/X
 clkload998/X
 clkload999/X
 neuro_inst/VDDA
 neuro_inst/VDDC
 neuro_inst/VSS
 user_project_wrapper_12183/HI
 user_project_wrapper_12184/HI
 user_project_wrapper_12185/HI
 user_project_wrapper_12186/HI
 user_project_wrapper_12187/HI
 user_project_wrapper_12188/HI
 user_project_wrapper_12189/HI
 user_project_wrapper_12190/HI
 user_project_wrapper_12191/HI
 user_project_wrapper_12192/HI
 user_project_wrapper_12193/HI
 user_project_wrapper_12194/HI
 user_project_wrapper_12195/HI
 user_project_wrapper_12196/HI
 user_project_wrapper_12197/HI
 user_project_wrapper_12198/HI
 user_project_wrapper_12199/HI
 user_project_wrapper_12200/HI
 user_project_wrapper_12201/HI
 user_project_wrapper_12202/HI
 user_project_wrapper_12203/HI
 user_project_wrapper_12204/HI
 user_project_wrapper_12205/HI
 user_project_wrapper_12206/HI
 user_project_wrapper_12207/HI
 user_project_wrapper_12208/HI
 user_project_wrapper_12209/HI
 user_project_wrapper_12210/HI
 user_project_wrapper_12211/HI
 user_project_wrapper_12212/HI
 user_project_wrapper_12213/HI
 user_project_wrapper_12214/HI
 user_project_wrapper_12215/HI
 user_project_wrapper_12216/HI
 user_project_wrapper_12217/HI
 user_project_wrapper_12218/HI
 user_project_wrapper_12219/HI
 user_project_wrapper_12220/HI
 user_project_wrapper_12221/HI
 user_project_wrapper_12222/HI
 user_project_wrapper_12223/HI
 user_project_wrapper_12224/HI
 user_project_wrapper_12225/HI
 user_project_wrapper_12226/HI
 user_project_wrapper_12227/HI
 user_project_wrapper_12228/HI
 user_project_wrapper_12229/HI
 user_project_wrapper_12230/HI
 user_project_wrapper_12231/HI
 user_project_wrapper_12232/HI
 user_project_wrapper_12233/HI
 user_project_wrapper_12234/HI
 user_project_wrapper_12235/HI
 user_project_wrapper_12236/HI
 user_project_wrapper_12237/HI
 user_project_wrapper_12238/HI
 user_project_wrapper_12239/HI
 user_project_wrapper_12240/HI
 user_project_wrapper_12241/HI
 user_project_wrapper_12242/HI
 user_project_wrapper_12243/HI
 user_project_wrapper_12244/HI
 user_project_wrapper_12245/HI
 user_project_wrapper_12246/HI
 user_project_wrapper_12247/HI
 user_project_wrapper_12248/HI
 user_project_wrapper_12249/HI
 user_project_wrapper_12250/HI
 user_project_wrapper_12251/HI
 user_project_wrapper_12252/HI
 user_project_wrapper_12253/HI
 user_project_wrapper_12254/HI
 user_project_wrapper_12255/HI
 user_project_wrapper_12256/HI
 user_project_wrapper_12257/HI
 user_project_wrapper_12258/HI
 user_project_wrapper_12259/HI
 user_project_wrapper_12260/HI
 user_project_wrapper_12261/HI
 user_project_wrapper_12262/HI
 user_project_wrapper_12263/HI
 user_project_wrapper_12264/HI
 user_project_wrapper_12265/HI
 user_project_wrapper_12266/HI
 user_project_wrapper_12267/HI
 user_project_wrapper_12268/HI
 user_project_wrapper_12269/HI
 user_project_wrapper_12270/HI
 user_project_wrapper_12271/HI
 user_project_wrapper_12272/HI
 user_project_wrapper_12273/HI
 user_project_wrapper_12274/HI
 user_project_wrapper_12275/HI
 user_project_wrapper_12276/HI
 user_project_wrapper_12277/HI
 user_project_wrapper_12278/HI
 user_project_wrapper_12279/HI
 user_project_wrapper_12280/HI
 user_project_wrapper_12281/HI
 user_project_wrapper_12282/HI
 user_project_wrapper_12283/HI
 user_project_wrapper_12284/HI
 user_project_wrapper_12285/HI
 user_project_wrapper_12286/HI
 user_project_wrapper_12287/HI
 user_project_wrapper_12288/HI
 user_project_wrapper_12289/HI
 user_project_wrapper_12290/HI
 user_project_wrapper_12291/HI
 user_project_wrapper_12292/HI
 user_project_wrapper_12293/HI
 user_project_wrapper_12294/HI
 user_project_wrapper_12295/HI
 user_project_wrapper_12296/HI
 user_project_wrapper_12297/HI
 user_project_wrapper_12298/HI
 user_project_wrapper_12299/HI
 user_project_wrapper_12300/HI
 user_project_wrapper_12301/HI
 user_project_wrapper_12302/HI
 user_project_wrapper_12303/HI
 user_project_wrapper_12304/HI
 user_project_wrapper_12305/HI
 user_project_wrapper_12306/HI
 user_project_wrapper_12307/HI
 user_project_wrapper_12308/HI
 user_project_wrapper_12309/HI
 user_project_wrapper_12310/HI
 user_project_wrapper_12311/HI
 user_project_wrapper_12312/HI
 user_project_wrapper_12313/HI
 user_project_wrapper_12314/HI
 user_project_wrapper_12315/HI
 user_project_wrapper_12316/HI
 user_project_wrapper_12317/HI
 user_project_wrapper_12318/HI
 user_project_wrapper_12319/HI
 user_project_wrapper_12320/HI
 user_project_wrapper_12321/HI
 user_project_wrapper_12322/HI
 user_project_wrapper_12323/HI
 user_project_wrapper_12324/HI
 user_project_wrapper_12325/HI
 user_project_wrapper_12326/HI
 user_project_wrapper_12327/HI
 user_project_wrapper_12328/HI
 user_project_wrapper_12329/HI
 user_project_wrapper_12330/HI
 user_project_wrapper_12331/HI
 user_project_wrapper_12332/HI
 user_project_wrapper_12333/HI
 user_project_wrapper_12334/HI
 user_project_wrapper_12335/HI
 user_project_wrapper_12336/HI
 user_project_wrapper_12337/HI
 user_project_wrapper_12338/HI
 user_project_wrapper_12339/HI
 user_project_wrapper_12340/HI
 user_project_wrapper_12341/HI
 user_project_wrapper_12342/HI
 user_project_wrapper_12343/HI
 user_project_wrapper_12344/HI
 user_project_wrapper_12345/HI
 user_project_wrapper_12346/HI
 user_project_wrapper_12347/HI
 user_project_wrapper_12348/HI
 user_project_wrapper_12349/HI
 user_project_wrapper_12350/HI
 user_project_wrapper_12351/LO
 user_project_wrapper_12352/LO
 user_project_wrapper_12353/LO
 user_project_wrapper_12354/LO
 user_project_wrapper_12355/LO
 user_project_wrapper_12356/LO
 user_project_wrapper_12357/LO
 user_project_wrapper_12358/LO
 user_project_wrapper_12359/LO
 user_project_wrapper_12360/LO
 user_project_wrapper_12361/LO
 user_project_wrapper_12362/LO
 user_project_wrapper_12363/LO
 user_project_wrapper_12364/LO
 user_project_wrapper_12365/LO
 user_project_wrapper_12366/LO
 user_project_wrapper_12367/LO
 user_project_wrapper_12368/LO
 user_project_wrapper_12369/LO
 user_project_wrapper_12370/LO
 user_project_wrapper_12371/LO
 user_project_wrapper_12372/LO
 user_project_wrapper_12373/LO
 user_project_wrapper_12374/LO
 user_project_wrapper_12375/LO
 user_project_wrapper_12376/LO
 user_project_wrapper_12377/LO
 user_project_wrapper_12378/LO
 user_project_wrapper_12379/LO
 user_project_wrapper_12380/LO
 user_project_wrapper_12381/LO
 user_project_wrapper_12382/LO
 user_project_wrapper_12383/LO
 user_project_wrapper_12384/LO
 user_project_wrapper_12385/LO
 user_project_wrapper_12386/LO
 user_project_wrapper_12387/LO
Found 0 partially unannotated drivers.

===========================================================================
max slew violation count 2004
max fanout violation count 5866
max cap violation count 130
============================================================================

===========================================================================
check_setup -verbose -unconstrained_endpoints -multiple_clock -no_clock -no_input_delay -loops -generated_clocks
===========================================================================
Warning: There are 68 input ports missing set_input_delay.
  analog_io[0]
  analog_io[10]
  analog_io[11]
  analog_io[12]
  analog_io[13]
  analog_io[14]
  analog_io[15]
  analog_io[16]
  analog_io[17]
  analog_io[18]
  analog_io[19]
  analog_io[1]
  analog_io[20]
  analog_io[21]
  analog_io[22]
  analog_io[23]
  analog_io[24]
  analog_io[25]
  analog_io[26]
  analog_io[27]
  analog_io[28]
  analog_io[2]
  analog_io[3]
  analog_io[4]
  analog_io[5]
  analog_io[6]
  analog_io[7]
  analog_io[8]
  analog_io[9]
  io_in[0]
  io_in[10]
  io_in[11]
  io_in[12]
  io_in[13]
  io_in[14]
  io_in[15]
  io_in[16]
  io_in[17]
  io_in[18]
  io_in[19]
  io_in[1]
  io_in[20]
  io_in[21]
  io_in[22]
  io_in[23]
  io_in[24]
  io_in[25]
  io_in[26]
  io_in[27]
  io_in[28]
  io_in[29]
  io_in[2]
  io_in[30]
  io_in[31]
  io_in[32]
  io_in[33]
  io_in[34]
  io_in[35]
  io_in[36]
  io_in[37]
  io_in[3]
  io_in[4]
  io_in[5]
  io_in[6]
  io_in[7]
  io_in[8]
  io_in[9]
  user_clock2
Warning: There are 235 unconstrained endpoints.
  analog_io[0]
  analog_io[10]
  analog_io[11]
  analog_io[12]
  analog_io[13]
  analog_io[14]
  analog_io[15]
  analog_io[16]
  analog_io[17]
  analog_io[18]
  analog_io[19]
  analog_io[1]
  analog_io[20]
  analog_io[21]
  analog_io[22]
  analog_io[23]
  analog_io[24]
  analog_io[25]
  analog_io[26]
  analog_io[27]
  analog_io[28]
  analog_io[2]
  analog_io[3]
  analog_io[4]
  analog_io[5]
  analog_io[6]
  analog_io[7]
  analog_io[8]
  analog_io[9]
  io_oeb[0]
  io_oeb[10]
  io_oeb[11]
  io_oeb[12]
  io_oeb[13]
  io_oeb[14]
  io_oeb[15]
  io_oeb[16]
  io_oeb[17]
  io_oeb[18]
  io_oeb[19]
  io_oeb[1]
  io_oeb[20]
  io_oeb[21]
  io_oeb[22]
  io_oeb[23]
  io_oeb[24]
  io_oeb[25]
  io_oeb[26]
  io_oeb[27]
  io_oeb[28]
  io_oeb[29]
  io_oeb[2]
  io_oeb[30]
  io_oeb[31]
  io_oeb[32]
  io_oeb[33]
  io_oeb[34]
  io_oeb[35]
  io_oeb[36]
  io_oeb[37]
  io_oeb[3]
  io_oeb[4]
  io_oeb[5]
  io_oeb[6]
  io_oeb[7]
  io_oeb[8]
  io_oeb[9]
  io_out[0]
  io_out[10]
  io_out[11]
  io_out[12]
  io_out[13]
  io_out[14]
  io_out[15]
  io_out[16]
  io_out[17]
  io_out[18]
  io_out[19]
  io_out[1]
  io_out[20]
  io_out[21]
  io_out[22]
  io_out[23]
  io_out[24]
  io_out[25]
  io_out[26]
  io_out[27]
  io_out[28]
  io_out[29]
  io_out[2]
  io_out[30]
  io_out[31]
  io_out[32]
  io_out[33]
  io_out[34]
  io_out[35]
  io_out[36]
  io_out[37]
  io_out[3]
  io_out[4]
  io_out[5]
  io_out[6]
  io_out[7]
  io_out[8]
  io_out[9]
  la_data_out[0]
  la_data_out[100]
  la_data_out[101]
  la_data_out[102]
  la_data_out[103]
  la_data_out[104]
  la_data_out[105]
  la_data_out[106]
  la_data_out[107]
  la_data_out[108]
  la_data_out[109]
  la_data_out[10]
  la_data_out[110]
  la_data_out[111]
  la_data_out[112]
  la_data_out[113]
  la_data_out[114]
  la_data_out[115]
  la_data_out[116]
  la_data_out[117]
  la_data_out[118]
  la_data_out[119]
  la_data_out[11]
  la_data_out[120]
  la_data_out[121]
  la_data_out[122]
  la_data_out[123]
  la_data_out[124]
  la_data_out[125]
  la_data_out[126]
  la_data_out[127]
  la_data_out[12]
  la_data_out[13]
  la_data_out[14]
  la_data_out[15]
  la_data_out[16]
  la_data_out[17]
  la_data_out[18]
  la_data_out[19]
  la_data_out[1]
  la_data_out[20]
  la_data_out[21]
  la_data_out[22]
  la_data_out[23]
  la_data_out[24]
  la_data_out[25]
  la_data_out[26]
  la_data_out[27]
  la_data_out[28]
  la_data_out[29]
  la_data_out[2]
  la_data_out[30]
  la_data_out[31]
  la_data_out[32]
  la_data_out[33]
  la_data_out[34]
  la_data_out[35]
  la_data_out[36]
  la_data_out[37]
  la_data_out[38]
  la_data_out[39]
  la_data_out[3]
  la_data_out[40]
  la_data_out[41]
  la_data_out[42]
  la_data_out[43]
  la_data_out[44]
  la_data_out[45]
  la_data_out[46]
  la_data_out[47]
  la_data_out[48]
  la_data_out[49]
  la_data_out[4]
  la_data_out[50]
  la_data_out[51]
  la_data_out[52]
  la_data_out[53]
  la_data_out[54]
  la_data_out[55]
  la_data_out[56]
  la_data_out[57]
  la_data_out[58]
  la_data_out[59]
  la_data_out[5]
  la_data_out[60]
  la_data_out[61]
  la_data_out[62]
  la_data_out[63]
  la_data_out[64]
  la_data_out[65]
  la_data_out[66]
  la_data_out[67]
  la_data_out[68]
  la_data_out[69]
  la_data_out[6]
  la_data_out[70]
  la_data_out[71]
  la_data_out[72]
  la_data_out[73]
  la_data_out[74]
  la_data_out[75]
  la_data_out[76]
  la_data_out[77]
  la_data_out[78]
  la_data_out[79]
  la_data_out[7]
  la_data_out[80]
  la_data_out[81]
  la_data_out[82]
  la_data_out[83]
  la_data_out[84]
  la_data_out[85]
  la_data_out[86]
  la_data_out[87]
  la_data_out[88]
  la_data_out[89]
  la_data_out[8]
  la_data_out[90]
  la_data_out[91]
  la_data_out[92]
  la_data_out[93]
  la_data_out[94]
  la_data_out[95]
  la_data_out[96]
  la_data_out[97]
  la_data_out[98]
  la_data_out[99]
  la_data_out[9]
  user_irq[1]
  user_irq[2]
