
===========================================================================
report_checks -unconstrained
===========================================================================
======================= nom_ss_100C_1v60 Corner ===================================

Startpoint: _123296_ (rising edge-triggered flip-flop clocked by clk)
Endpoint: _123234_ (rising edge-triggered flip-flop clocked by clk)
Path Group: clk
Path Type: max

Fanout         Cap        Slew       Delay        Time   Description
---------------------------------------------------------------------------------------------
                                  0.000000    0.000000   clock clk (rise edge)
                                  5.570000    5.570000   clock source latency
     4    0.430245    0.610000    0.000000    5.570000 ^ wb_clk_i (in)
                                                         wb_clk_i (net)
                      0.780526    0.085263    5.655263 ^ clkbuf_0_wb_clk_i/A (sky130_fd_sc_hd__clkbuf_16)
     5    0.117900    0.210156    0.604115    6.259379 ^ clkbuf_0_wb_clk_i/X (sky130_fd_sc_hd__clkbuf_16)
                                                         clknet_0_wb_clk_i (net)
                      0.215299    0.025843    6.285223 ^ clkbuf_1_1_0_wb_clk_i/A (sky130_fd_sc_hd__clkbuf_8)
     9    0.350460    0.917526    0.843925    7.129148 ^ clkbuf_1_1_0_wb_clk_i/X (sky130_fd_sc_hd__clkbuf_8)
                                                         clknet_1_1_0_wb_clk_i (net)
                      0.933412    0.097167    7.226315 ^ clkbuf_1_1_1_wb_clk_i/A (sky130_fd_sc_hd__clkbuf_8)
    11    0.362713    0.942485    1.154179    8.380494 ^ clkbuf_1_1_1_wb_clk_i/X (sky130_fd_sc_hd__clkbuf_8)
                                                         clknet_1_1_1_wb_clk_i (net)
                      0.942580    0.008160    8.388654 ^ clkbuf_2_2_0_wb_clk_i/A (sky130_fd_sc_hd__clkbuf_8)
     5    0.214202    0.566936    0.907566    9.296220 ^ clkbuf_2_2_0_wb_clk_i/X (sky130_fd_sc_hd__clkbuf_8)
                                                         clknet_2_2_0_wb_clk_i (net)
                      0.567869    0.019262    9.315482 ^ clkbuf_3_5_0_wb_clk_i/A (sky130_fd_sc_hd__clkbuf_8)
     5    0.123562    0.344114    0.622008    9.937490 ^ clkbuf_3_5_0_wb_clk_i/X (sky130_fd_sc_hd__clkbuf_8)
                                                         clknet_3_5_0_wb_clk_i (net)
                      0.355576    0.049583    9.987074 ^ clkbuf_4_11_0_wb_clk_i/A (sky130_fd_sc_hd__clkbuf_8)
     5    0.080282    0.229128    0.476459   10.463532 ^ clkbuf_4_11_0_wb_clk_i/X (sky130_fd_sc_hd__clkbuf_8)
                                                         clknet_4_11_0_wb_clk_i (net)
                      0.229279    0.005393   10.468925 ^ clkbuf_5_23_0_wb_clk_i/A (sky130_fd_sc_hd__clkbuf_8)
     9    0.100839    0.283366    0.445286   10.914211 ^ clkbuf_5_23_0_wb_clk_i/X (sky130_fd_sc_hd__clkbuf_8)
                                                         clknet_5_23_0_wb_clk_i (net)
                      0.288638    0.030867   10.945078 ^ clkbuf_7_93_0_wb_clk_i/A (sky130_fd_sc_hd__clkbuf_8)
     5    0.043882    0.140379    0.380448   11.325525 ^ clkbuf_7_93_0_wb_clk_i/X (sky130_fd_sc_hd__clkbuf_8)
                                                         clknet_7_93_0_wb_clk_i (net)
                      0.140896    0.005950   11.331475 ^ clkbuf_8_187__f_wb_clk_i/A (sky130_fd_sc_hd__clkbuf_16)
    23    0.164224    0.268502    0.406367   11.737843 ^ clkbuf_8_187__f_wb_clk_i/X (sky130_fd_sc_hd__clkbuf_16)
                                                         clknet_8_187__leaf_wb_clk_i (net)
                      0.273709    0.029722   11.767565 ^ clkbuf_leaf_528_wb_clk_i/A (sky130_fd_sc_hd__clkbuf_8)
     4    0.012246    0.067417    0.309615   12.077181 ^ clkbuf_leaf_528_wb_clk_i/X (sky130_fd_sc_hd__clkbuf_8)
                                                         clknet_leaf_528_wb_clk_i (net)
                      0.067417    0.000343   12.077523 ^ _123296_/CLK (sky130_fd_sc_hd__dfxtp_2)
     3    0.060857    0.484119    0.958684   13.036207 ^ _123296_/Q (sky130_fd_sc_hd__dfxtp_2)
                                                         matmul_inst.gen_row[2].gen_col[2].pe_inst.a_out[4] (net)
                      0.484494    0.012260   13.048468 ^ hold2533/A (sky130_fd_sc_hd__dlygate4sd3_1)
     3    0.029497    0.463080    1.485629   14.534097 ^ hold2533/X (sky130_fd_sc_hd__dlygate4sd3_1)
                                                         net14920 (net)
                      0.463093    0.003010   14.537107 ^ wire8681/A (sky130_fd_sc_hd__buf_4)
     3    0.026554    0.136360    0.424337   14.961444 ^ wire8681/X (sky130_fd_sc_hd__buf_4)
                                                         net8681 (net)
                      0.136408    0.002430   14.963874 ^ hold2534/A (sky130_fd_sc_hd__dlygate4sd3_1)
     3    0.028344    0.446463    1.356144   16.320017 ^ hold2534/X (sky130_fd_sc_hd__dlygate4sd3_1)
                                                         net14921 (net)
                      0.446471    0.002585   16.322603 ^ wire8680/A (sky130_fd_sc_hd__buf_6)
     1    0.004206    0.045732    0.294008   16.616611 ^ wire8680/X (sky130_fd_sc_hd__buf_6)
                                                         net8680 (net)
                      0.045732    0.000155   16.616766 ^ hold2535/A (sky130_fd_sc_hd__dlygate4sd3_1)
     5    0.068109    1.018648    1.730033   18.346798 ^ hold2535/X (sky130_fd_sc_hd__dlygate4sd3_1)
                                                         net14922 (net)
                      1.018651    0.003993   18.350792 ^ wire8679/A (sky130_fd_sc_hd__buf_4)
     3    0.061229    0.284674    0.692891   19.043682 ^ wire8679/X (sky130_fd_sc_hd__buf_4)
                                                         net8679 (net)
                      0.285703    0.012783   19.056465 ^ wire8678/A (sky130_fd_sc_hd__buf_6)
     5    0.074694    0.244021    0.394614   19.451080 ^ wire8678/X (sky130_fd_sc_hd__buf_6)
                                                         net8678 (net)
                      0.244961    0.012347   19.463427 ^ fanout8676/A (sky130_fd_sc_hd__buf_4)
    21    0.081517    0.361539    0.500847   19.964273 ^ fanout8676/X (sky130_fd_sc_hd__buf_4)
                                                         net8676 (net)
                      0.361831    0.006398   19.970673 ^ _096340_/B (sky130_fd_sc_hd__nand2_1)
     2    0.007456    0.161581    0.265139   20.235811 v _096340_/Y (sky130_fd_sc_hd__nand2_1)
                                                         _039883_ (net)
                      0.161581    0.000254   20.236065 v _096344_/A (sky130_fd_sc_hd__or3b_2)
     3    0.013729    0.229994    1.225244   21.461309 v _096344_/X (sky130_fd_sc_hd__or3b_2)
                                                         _039887_ (net)
                      0.229994    0.000558   21.461868 v _096351_/A1 (sky130_fd_sc_hd__a21o_1)
     2    0.008365    0.103526    0.399050   21.860918 v _096351_/X (sky130_fd_sc_hd__a21o_1)
                                                         _039894_ (net)
                      0.103526    0.000375   21.861292 v _096352_/D (sky130_fd_sc_hd__and4b_1)
     2    0.009199    0.127685    0.480554   22.341846 v _096352_/X (sky130_fd_sc_hd__and4b_1)
                                                         _039895_ (net)
                      0.127685    0.000325   22.342171 v _096354_/A_N (sky130_fd_sc_hd__nand2b_1)
     1    0.010314    0.198174    0.412379   22.754551 v _096354_/Y (sky130_fd_sc_hd__nand2b_1)
                                                         _039897_ (net)
                      0.198174    0.000407   22.754957 v _096355_/B (sky130_fd_sc_hd__xnor2_2)
     3    0.013535    0.178089    0.349630   23.104588 v _096355_/Y (sky130_fd_sc_hd__xnor2_2)
                                                         _039898_ (net)
                      0.178089    0.000570   23.105158 v _096358_/B (sky130_fd_sc_hd__xnor2_1)
     1    0.005923    0.148088    0.289633   23.394791 v _096358_/Y (sky130_fd_sc_hd__xnor2_1)
                                                         _039901_ (net)
                      0.148088    0.000155   23.394945 v _096359_/B (sky130_fd_sc_hd__xnor2_1)
     3    0.011418    0.465653    0.460012   23.854958 ^ _096359_/Y (sky130_fd_sc_hd__xnor2_1)
                                                         _039902_ (net)
                      0.465653    0.000375   23.855333 ^ _096363_/A (sky130_fd_sc_hd__xor2_1)
     1    0.007461    0.315540    0.463428   24.318762 ^ _096363_/X (sky130_fd_sc_hd__xor2_1)
                                                         _039906_ (net)
                      0.315540    0.000313   24.319073 ^ _096365_/A (sky130_fd_sc_hd__xnor2_1)
     2    0.011976    0.484180    0.384025   24.703098 ^ _096365_/Y (sky130_fd_sc_hd__xnor2_1)
                                                         _039908_ (net)
                      0.484181    0.000632   24.703732 ^ _096366_/B (sky130_fd_sc_hd__xnor2_1)
     2    0.006168    0.188005    0.299989   25.003721 v _096366_/Y (sky130_fd_sc_hd__xnor2_1)
                                                         _039909_ (net)
                      0.188005    0.000181   25.003902 v _096367_/B1 (sky130_fd_sc_hd__a21oi_1)
     2    0.008505    0.338711    0.363452   25.367353 ^ _096367_/Y (sky130_fd_sc_hd__a21oi_1)
                                                         _039910_ (net)
                      0.338711    0.000259   25.367613 ^ _096491_/B1 (sky130_fd_sc_hd__a21o_1)
     1    0.002917    0.073010    0.233909   25.601522 ^ _096491_/X (sky130_fd_sc_hd__a21o_1)
                                                         _040033_ (net)
                      0.073010    0.000087   25.601608 ^ hold19403/A (sky130_fd_sc_hd__dlygate4sd3_1)
     2    0.015849    0.267947    1.199895   26.801504 ^ hold19403/X (sky130_fd_sc_hd__dlygate4sd3_1)
                                                         net31790 (net)
                      0.267947    0.000242   26.801746 ^ _096566_/A2 (sky130_fd_sc_hd__a21oi_2)
     7    0.035170    0.289333    0.355037   27.156782 v _096566_/Y (sky130_fd_sc_hd__a21oi_2)
                                                         _040107_ (net)
                      0.289418    0.004095   27.160877 v _096571_/A2 (sky130_fd_sc_hd__o21ba_1)
     2    0.018900    0.196936    0.527525   27.688402 v _096571_/X (sky130_fd_sc_hd__o21ba_1)
                                                         _040111_ (net)
                      0.196938    0.001105   27.689507 v _096699_/A1 (sky130_fd_sc_hd__o21a_1)
     3    0.016621    0.182667    0.501219   28.190725 v _096699_/X (sky130_fd_sc_hd__o21a_1)
                                                         _040238_ (net)
                      0.182669    0.000963   28.191689 v _096766_/A2 (sky130_fd_sc_hd__o211ai_2)
     3    0.015029    0.368572    0.405240   28.596928 ^ _096766_/Y (sky130_fd_sc_hd__o211ai_2)
                                                         _040304_ (net)
                      0.368572    0.000757   28.597685 ^ _096908_/A2 (sky130_fd_sc_hd__a31o_1)
     2    0.009693    0.176268    0.471916   29.069601 ^ _096908_/X (sky130_fd_sc_hd__a31o_1)
                                                         _040443_ (net)
                      0.176268    0.000366   29.069967 ^ _096909_/A2 (sky130_fd_sc_hd__a21o_2)
     5    0.152251    1.157861    1.072429   30.142397 ^ _096909_/X (sky130_fd_sc_hd__a21o_2)
                                                         _040444_ (net)
                      1.158772    0.027008   30.169403 ^ wire223/A (sky130_fd_sc_hd__buf_4)
     3    0.070105    0.322146    0.754589   30.923994 ^ wire223/X (sky130_fd_sc_hd__buf_4)
                                                         net223 (net)
                      0.323978    0.018485   30.942478 ^ wire222/A (sky130_fd_sc_hd__buf_6)
     3    0.080820    0.263994    0.414069   31.356546 ^ wire222/X (sky130_fd_sc_hd__buf_6)
                                                         net222 (net)
                      0.268022    0.026080   31.382627 ^ wire221/A (sky130_fd_sc_hd__buf_6)
     3    0.226314    0.697413    0.693657   32.076283 ^ wire221/X (sky130_fd_sc_hd__buf_6)
                                                         net221 (net)
                      0.703284    0.051831   32.128113 ^ wire220/A (sky130_fd_sc_hd__buf_6)
     2    0.018676    0.087967    0.411053   32.539165 ^ wire220/X (sky130_fd_sc_hd__buf_6)
                                                         net220 (net)
                      0.087992    0.001414   32.540581 ^ _096930_/A2 (sky130_fd_sc_hd__a21bo_1)
     3    0.035353    0.469441    0.510365   33.050945 ^ _096930_/X (sky130_fd_sc_hd__a21bo_1)
                                                         _040463_ (net)
                      0.469496    0.004260   33.055206 ^ wire167/A (sky130_fd_sc_hd__clkbuf_2)
     7    0.045494    0.386980    0.578463   33.633671 ^ wire167/X (sky130_fd_sc_hd__clkbuf_2)
                                                         net167 (net)
                      0.387278    0.006644   33.640312 ^ _096946_/A3 (sky130_fd_sc_hd__a31o_2)
     5    0.052270    0.469335    0.742745   34.383057 ^ _096946_/X (sky130_fd_sc_hd__a31o_2)
                                                         _040477_ (net)
                      0.469476    0.007766   34.390823 ^ _096959_/A2 (sky130_fd_sc_hd__a31oi_4)
     7    0.077500    0.571076    0.647194   35.038017 v _096959_/Y (sky130_fd_sc_hd__a31oi_4)
                                                         _040488_ (net)
                      0.571814    0.016747   35.054764 v _096988_/A1 (sky130_fd_sc_hd__o21ba_2)
     5    0.056739    0.275708    0.802107   35.856873 v _096988_/X (sky130_fd_sc_hd__o21ba_2)
                                                         _040513_ (net)
                      0.276292    0.011152   35.868023 v _096989_/B (sky130_fd_sc_hd__nor2_2)
    11    0.047315    0.836000    0.747139   36.615162 ^ _096989_/Y (sky130_fd_sc_hd__nor2_2)
                                                         _040514_ (net)
                      0.836056    0.005798   36.620960 ^ _097014_/A1 (sky130_fd_sc_hd__o211a_1)
     5    0.023779    0.330559    0.761307   37.382271 ^ _097014_/X (sky130_fd_sc_hd__o211a_1)
                                                         _040535_ (net)
                      0.330564    0.001894   37.384163 ^ _097017_/A1 (sky130_fd_sc_hd__o21a_1)
     3    0.018785    0.298559    0.502620   37.886784 ^ _097017_/X (sky130_fd_sc_hd__o21a_1)
                                                         _040538_ (net)
                      0.298561    0.001503   37.888287 ^ _097026_/B1 (sky130_fd_sc_hd__a211o_1)
     2    0.012337    0.189110    0.348951   38.237236 ^ _097026_/X (sky130_fd_sc_hd__a211o_1)
                                                         _040546_ (net)
                      0.189110    0.000533   38.237770 ^ _097033_/B (sky130_fd_sc_hd__nand2_1)
     2    0.015213    0.260289    0.297444   38.535213 v _097033_/Y (sky130_fd_sc_hd__nand2_1)
                                                         _040552_ (net)
                      0.260289    0.000721   38.535934 v _097034_/B (sky130_fd_sc_hd__xor2_1)
     1    0.003979    0.119388    0.348209   38.884144 v _097034_/X (sky130_fd_sc_hd__xor2_1)
                                                         _040553_ (net)
                      0.119388    0.000139   38.884281 v hold30873/A (sky130_fd_sc_hd__dlygate4sd3_1)
     1    0.005192    0.130111    1.182990   40.067272 v hold30873/X (sky130_fd_sc_hd__dlygate4sd3_1)
                                                         net43260 (net)
                      0.130111    0.000192   40.067463 v _097036_/A2 (sky130_fd_sc_hd__o211a_1)
     1    0.004125    0.083586    0.413575   40.481037 v _097036_/X (sky130_fd_sc_hd__o211a_1)
                                                         _002160_ (net)
                      0.083641    0.000131   40.481171 v hold8696/A (sky130_fd_sc_hd__dlygate4sd3_1)
     1    0.002264    0.101356    1.120402   41.601570 v hold8696/X (sky130_fd_sc_hd__dlygate4sd3_1)
                                                         net21083 (net)
                      0.101356    0.000068   41.601639 v _123234_/D (sky130_fd_sc_hd__dfxtp_1)
                                             41.601639   data arrival time

                                 25.000000   25.000000   clock clk (rise edge)
                                  4.650000   29.650000   clock source latency
     4    0.430245    0.610000    0.000000   29.650000 ^ wb_clk_i (in)
                                                         wb_clk_i (net)
                      0.780526    0.085263   29.735262 ^ clkbuf_0_wb_clk_i/A (sky130_fd_sc_hd__clkbuf_16)
     5    0.117900    0.210156    0.604118   30.339380 ^ clkbuf_0_wb_clk_i/X (sky130_fd_sc_hd__clkbuf_16)
                                                         clknet_0_wb_clk_i (net)
                      0.210579    0.007834   30.347214 ^ clkbuf_1_0_0_wb_clk_i/A (sky130_fd_sc_hd__clkbuf_8)
     3    0.085552    0.240804    0.424293   30.771507 ^ clkbuf_1_0_0_wb_clk_i/X (sky130_fd_sc_hd__clkbuf_8)
                                                         clknet_1_0_0_wb_clk_i (net)
                      0.241135    0.006086   30.777594 ^ clkbuf_1_0_1_wb_clk_i/A (sky130_fd_sc_hd__clkbuf_8)
     5    0.136689    0.368584    0.523222   31.300816 ^ clkbuf_1_0_1_wb_clk_i/X (sky130_fd_sc_hd__clkbuf_8)
                                                         clknet_1_0_1_wb_clk_i (net)
                      0.370410    0.021132   31.321947 ^ clkbuf_2_0_0_wb_clk_i/A (sky130_fd_sc_hd__clkbuf_8)
     5    0.069498    0.204203    0.456634   31.778582 ^ clkbuf_2_0_0_wb_clk_i/X (sky130_fd_sc_hd__clkbuf_8)
                                                         clknet_2_0_0_wb_clk_i (net)
                      0.206462    0.017142   31.795723 ^ clkbuf_3_0_0_wb_clk_i/A (sky130_fd_sc_hd__clkbuf_8)
     5    0.075152    0.216581    0.396675   32.192398 ^ clkbuf_3_0_0_wb_clk_i/X (sky130_fd_sc_hd__clkbuf_8)
                                                         clknet_3_0_0_wb_clk_i (net)
                      0.219300    0.019387   32.211784 ^ clkbuf_4_1_0_wb_clk_i/A (sky130_fd_sc_hd__clkbuf_8)
     5    0.071100    0.206618    0.397005   32.608791 ^ clkbuf_4_1_0_wb_clk_i/X (sky130_fd_sc_hd__clkbuf_8)
                                                         clknet_4_1_0_wb_clk_i (net)
                      0.208424    0.015476   32.624264 ^ clkbuf_5_3_0_wb_clk_i/A (sky130_fd_sc_hd__clkbuf_8)
     9    0.102013    0.283884    0.447592   33.071857 ^ clkbuf_5_3_0_wb_clk_i/X (sky130_fd_sc_hd__clkbuf_8)
                                                         clknet_5_3_0_wb_clk_i (net)
                      0.283906    0.002139   33.073997 ^ clkbuf_7_14_0_wb_clk_i/A (sky130_fd_sc_hd__clkbuf_8)
     5    0.054395    0.165254    0.398945   33.472942 ^ clkbuf_7_14_0_wb_clk_i/X (sky130_fd_sc_hd__clkbuf_8)
                                                         clknet_7_14_0_wb_clk_i (net)
                      0.165444    0.005020   33.477962 ^ clkbuf_8_28__f_wb_clk_i/A (sky130_fd_sc_hd__clkbuf_16)
    23    0.131003    0.219650    0.391289   33.869251 ^ clkbuf_8_28__f_wb_clk_i/X (sky130_fd_sc_hd__clkbuf_16)
                                                         clknet_8_28__leaf_wb_clk_i (net)
                      0.219737    0.004135   33.873386 ^ clkbuf_leaf_1308_wb_clk_i/A (sky130_fd_sc_hd__clkbuf_8)
     4    0.013391    0.068721    0.289578   34.162964 ^ clkbuf_leaf_1308_wb_clk_i/X (sky130_fd_sc_hd__clkbuf_8)
                                                         clknet_leaf_1308_wb_clk_i (net)
                      0.068721    0.000405   34.163368 ^ _123234_/CLK (sky130_fd_sc_hd__dfxtp_1)
                                 -0.250000   33.913368   clock uncertainty
                                  0.920000   34.833366   clock reconvergence pessimism
                                 -0.282358   34.551010   library setup time
                                             34.551010   data required time
---------------------------------------------------------------------------------------------
                                             34.551010   data required time
                                            -41.601639   data arrival time
---------------------------------------------------------------------------------------------
                                             -7.050631   slack (VIOLATED)




===========================================================================
report_checks --slack_max -0.01
============================================================================
======================= nom_ss_100C_1v60 Corner ===================================

Startpoint: _123296_ (rising edge-triggered flip-flop clocked by clk)
Endpoint: _123234_ (rising edge-triggered flip-flop clocked by clk)
Path Group: clk
Path Type: max

Fanout         Cap        Slew       Delay        Time   Description
---------------------------------------------------------------------------------------------
                                  0.000000    0.000000   clock clk (rise edge)
                                  5.570000    5.570000   clock source latency
     4    0.430245    0.610000    0.000000    5.570000 ^ wb_clk_i (in)
                                                         wb_clk_i (net)
                      0.780526    0.085263    5.655263 ^ clkbuf_0_wb_clk_i/A (sky130_fd_sc_hd__clkbuf_16)
     5    0.117900    0.210156    0.604115    6.259379 ^ clkbuf_0_wb_clk_i/X (sky130_fd_sc_hd__clkbuf_16)
                                                         clknet_0_wb_clk_i (net)
                      0.215299    0.025843    6.285223 ^ clkbuf_1_1_0_wb_clk_i/A (sky130_fd_sc_hd__clkbuf_8)
     9    0.350460    0.917526    0.843925    7.129148 ^ clkbuf_1_1_0_wb_clk_i/X (sky130_fd_sc_hd__clkbuf_8)
                                                         clknet_1_1_0_wb_clk_i (net)
                      0.933412    0.097167    7.226315 ^ clkbuf_1_1_1_wb_clk_i/A (sky130_fd_sc_hd__clkbuf_8)
    11    0.362713    0.942485    1.154179    8.380494 ^ clkbuf_1_1_1_wb_clk_i/X (sky130_fd_sc_hd__clkbuf_8)
                                                         clknet_1_1_1_wb_clk_i (net)
                      0.942580    0.008160    8.388654 ^ clkbuf_2_2_0_wb_clk_i/A (sky130_fd_sc_hd__clkbuf_8)
     5    0.214202    0.566936    0.907566    9.296220 ^ clkbuf_2_2_0_wb_clk_i/X (sky130_fd_sc_hd__clkbuf_8)
                                                         clknet_2_2_0_wb_clk_i (net)
                      0.567869    0.019262    9.315482 ^ clkbuf_3_5_0_wb_clk_i/A (sky130_fd_sc_hd__clkbuf_8)
     5    0.123562    0.344114    0.622008    9.937490 ^ clkbuf_3_5_0_wb_clk_i/X (sky130_fd_sc_hd__clkbuf_8)
                                                         clknet_3_5_0_wb_clk_i (net)
                      0.355576    0.049583    9.987074 ^ clkbuf_4_11_0_wb_clk_i/A (sky130_fd_sc_hd__clkbuf_8)
     5    0.080282    0.229128    0.476459   10.463532 ^ clkbuf_4_11_0_wb_clk_i/X (sky130_fd_sc_hd__clkbuf_8)
                                                         clknet_4_11_0_wb_clk_i (net)
                      0.229279    0.005393   10.468925 ^ clkbuf_5_23_0_wb_clk_i/A (sky130_fd_sc_hd__clkbuf_8)
     9    0.100839    0.283366    0.445286   10.914211 ^ clkbuf_5_23_0_wb_clk_i/X (sky130_fd_sc_hd__clkbuf_8)
                                                         clknet_5_23_0_wb_clk_i (net)
                      0.288638    0.030867   10.945078 ^ clkbuf_7_93_0_wb_clk_i/A (sky130_fd_sc_hd__clkbuf_8)
     5    0.043882    0.140379    0.380448   11.325525 ^ clkbuf_7_93_0_wb_clk_i/X (sky130_fd_sc_hd__clkbuf_8)
                                                         clknet_7_93_0_wb_clk_i (net)
                      0.140896    0.005950   11.331475 ^ clkbuf_8_187__f_wb_clk_i/A (sky130_fd_sc_hd__clkbuf_16)
    23    0.164224    0.268502    0.406367   11.737843 ^ clkbuf_8_187__f_wb_clk_i/X (sky130_fd_sc_hd__clkbuf_16)
                                                         clknet_8_187__leaf_wb_clk_i (net)
                      0.273709    0.029722   11.767565 ^ clkbuf_leaf_528_wb_clk_i/A (sky130_fd_sc_hd__clkbuf_8)
     4    0.012246    0.067417    0.309615   12.077181 ^ clkbuf_leaf_528_wb_clk_i/X (sky130_fd_sc_hd__clkbuf_8)
                                                         clknet_leaf_528_wb_clk_i (net)
                      0.067417    0.000343   12.077523 ^ _123296_/CLK (sky130_fd_sc_hd__dfxtp_2)
     3    0.060857    0.484119    0.958684   13.036207 ^ _123296_/Q (sky130_fd_sc_hd__dfxtp_2)
                                                         matmul_inst.gen_row[2].gen_col[2].pe_inst.a_out[4] (net)
                      0.484494    0.012260   13.048468 ^ hold2533/A (sky130_fd_sc_hd__dlygate4sd3_1)
     3    0.029497    0.463080    1.485629   14.534097 ^ hold2533/X (sky130_fd_sc_hd__dlygate4sd3_1)
                                                         net14920 (net)
                      0.463093    0.003010   14.537107 ^ wire8681/A (sky130_fd_sc_hd__buf_4)
     3    0.026554    0.136360    0.424337   14.961444 ^ wire8681/X (sky130_fd_sc_hd__buf_4)
                                                         net8681 (net)
                      0.136408    0.002430   14.963874 ^ hold2534/A (sky130_fd_sc_hd__dlygate4sd3_1)
     3    0.028344    0.446463    1.356144   16.320017 ^ hold2534/X (sky130_fd_sc_hd__dlygate4sd3_1)
                                                         net14921 (net)
                      0.446471    0.002585   16.322603 ^ wire8680/A (sky130_fd_sc_hd__buf_6)
     1    0.004206    0.045732    0.294008   16.616611 ^ wire8680/X (sky130_fd_sc_hd__buf_6)
                                                         net8680 (net)
                      0.045732    0.000155   16.616766 ^ hold2535/A (sky130_fd_sc_hd__dlygate4sd3_1)
     5    0.068109    1.018648    1.730033   18.346798 ^ hold2535/X (sky130_fd_sc_hd__dlygate4sd3_1)
                                                         net14922 (net)
                      1.018651    0.003993   18.350792 ^ wire8679/A (sky130_fd_sc_hd__buf_4)
     3    0.061229    0.284674    0.692891   19.043682 ^ wire8679/X (sky130_fd_sc_hd__buf_4)
                                                         net8679 (net)
                      0.285703    0.012783   19.056465 ^ wire8678/A (sky130_fd_sc_hd__buf_6)
     5    0.074694    0.244021    0.394614   19.451080 ^ wire8678/X (sky130_fd_sc_hd__buf_6)
                                                         net8678 (net)
                      0.244961    0.012347   19.463427 ^ fanout8676/A (sky130_fd_sc_hd__buf_4)
    21    0.081517    0.361539    0.500847   19.964273 ^ fanout8676/X (sky130_fd_sc_hd__buf_4)
                                                         net8676 (net)
                      0.361831    0.006398   19.970673 ^ _096340_/B (sky130_fd_sc_hd__nand2_1)
     2    0.007456    0.161581    0.265139   20.235811 v _096340_/Y (sky130_fd_sc_hd__nand2_1)
                                                         _039883_ (net)
                      0.161581    0.000254   20.236065 v _096344_/A (sky130_fd_sc_hd__or3b_2)
     3    0.013729    0.229994    1.225244   21.461309 v _096344_/X (sky130_fd_sc_hd__or3b_2)
                                                         _039887_ (net)
                      0.229994    0.000558   21.461868 v _096351_/A1 (sky130_fd_sc_hd__a21o_1)
     2    0.008365    0.103526    0.399050   21.860918 v _096351_/X (sky130_fd_sc_hd__a21o_1)
                                                         _039894_ (net)
                      0.103526    0.000375   21.861292 v _096352_/D (sky130_fd_sc_hd__and4b_1)
     2    0.009199    0.127685    0.480554   22.341846 v _096352_/X (sky130_fd_sc_hd__and4b_1)
                                                         _039895_ (net)
                      0.127685    0.000325   22.342171 v _096354_/A_N (sky130_fd_sc_hd__nand2b_1)
     1    0.010314    0.198174    0.412379   22.754551 v _096354_/Y (sky130_fd_sc_hd__nand2b_1)
                                                         _039897_ (net)
                      0.198174    0.000407   22.754957 v _096355_/B (sky130_fd_sc_hd__xnor2_2)
     3    0.013535    0.178089    0.349630   23.104588 v _096355_/Y (sky130_fd_sc_hd__xnor2_2)
                                                         _039898_ (net)
                      0.178089    0.000570   23.105158 v _096358_/B (sky130_fd_sc_hd__xnor2_1)
     1    0.005923    0.148088    0.289633   23.394791 v _096358_/Y (sky130_fd_sc_hd__xnor2_1)
                                                         _039901_ (net)
                      0.148088    0.000155   23.394945 v _096359_/B (sky130_fd_sc_hd__xnor2_1)
     3    0.011418    0.465653    0.460012   23.854958 ^ _096359_/Y (sky130_fd_sc_hd__xnor2_1)
                                                         _039902_ (net)
                      0.465653    0.000375   23.855333 ^ _096363_/A (sky130_fd_sc_hd__xor2_1)
     1    0.007461    0.315540    0.463428   24.318762 ^ _096363_/X (sky130_fd_sc_hd__xor2_1)
                                                         _039906_ (net)
                      0.315540    0.000313   24.319073 ^ _096365_/A (sky130_fd_sc_hd__xnor2_1)
     2    0.011976    0.484180    0.384025   24.703098 ^ _096365_/Y (sky130_fd_sc_hd__xnor2_1)
                                                         _039908_ (net)
                      0.484181    0.000632   24.703732 ^ _096366_/B (sky130_fd_sc_hd__xnor2_1)
     2    0.006168    0.188005    0.299989   25.003721 v _096366_/Y (sky130_fd_sc_hd__xnor2_1)
                                                         _039909_ (net)
                      0.188005    0.000181   25.003902 v _096367_/B1 (sky130_fd_sc_hd__a21oi_1)
     2    0.008505    0.338711    0.363452   25.367353 ^ _096367_/Y (sky130_fd_sc_hd__a21oi_1)
                                                         _039910_ (net)
                      0.338711    0.000259   25.367613 ^ _096491_/B1 (sky130_fd_sc_hd__a21o_1)
     1    0.002917    0.073010    0.233909   25.601522 ^ _096491_/X (sky130_fd_sc_hd__a21o_1)
                                                         _040033_ (net)
                      0.073010    0.000087   25.601608 ^ hold19403/A (sky130_fd_sc_hd__dlygate4sd3_1)
     2    0.015849    0.267947    1.199895   26.801504 ^ hold19403/X (sky130_fd_sc_hd__dlygate4sd3_1)
                                                         net31790 (net)
                      0.267947    0.000242   26.801746 ^ _096566_/A2 (sky130_fd_sc_hd__a21oi_2)
     7    0.035170    0.289333    0.355037   27.156782 v _096566_/Y (sky130_fd_sc_hd__a21oi_2)
                                                         _040107_ (net)
                      0.289418    0.004095   27.160877 v _096571_/A2 (sky130_fd_sc_hd__o21ba_1)
     2    0.018900    0.196936    0.527525   27.688402 v _096571_/X (sky130_fd_sc_hd__o21ba_1)
                                                         _040111_ (net)
                      0.196938    0.001105   27.689507 v _096699_/A1 (sky130_fd_sc_hd__o21a_1)
     3    0.016621    0.182667    0.501219   28.190725 v _096699_/X (sky130_fd_sc_hd__o21a_1)
                                                         _040238_ (net)
                      0.182669    0.000963   28.191689 v _096766_/A2 (sky130_fd_sc_hd__o211ai_2)
     3    0.015029    0.368572    0.405240   28.596928 ^ _096766_/Y (sky130_fd_sc_hd__o211ai_2)
                                                         _040304_ (net)
                      0.368572    0.000757   28.597685 ^ _096908_/A2 (sky130_fd_sc_hd__a31o_1)
     2    0.009693    0.176268    0.471916   29.069601 ^ _096908_/X (sky130_fd_sc_hd__a31o_1)
                                                         _040443_ (net)
                      0.176268    0.000366   29.069967 ^ _096909_/A2 (sky130_fd_sc_hd__a21o_2)
     5    0.152251    1.157861    1.072429   30.142397 ^ _096909_/X (sky130_fd_sc_hd__a21o_2)
                                                         _040444_ (net)
                      1.158772    0.027008   30.169403 ^ wire223/A (sky130_fd_sc_hd__buf_4)
     3    0.070105    0.322146    0.754589   30.923994 ^ wire223/X (sky130_fd_sc_hd__buf_4)
                                                         net223 (net)
                      0.323978    0.018485   30.942478 ^ wire222/A (sky130_fd_sc_hd__buf_6)
     3    0.080820    0.263994    0.414069   31.356546 ^ wire222/X (sky130_fd_sc_hd__buf_6)
                                                         net222 (net)
                      0.268022    0.026080   31.382627 ^ wire221/A (sky130_fd_sc_hd__buf_6)
     3    0.226314    0.697413    0.693657   32.076283 ^ wire221/X (sky130_fd_sc_hd__buf_6)
                                                         net221 (net)
                      0.703284    0.051831   32.128113 ^ wire220/A (sky130_fd_sc_hd__buf_6)
     2    0.018676    0.087967    0.411053   32.539165 ^ wire220/X (sky130_fd_sc_hd__buf_6)
                                                         net220 (net)
                      0.087992    0.001414   32.540581 ^ _096930_/A2 (sky130_fd_sc_hd__a21bo_1)
     3    0.035353    0.469441    0.510365   33.050945 ^ _096930_/X (sky130_fd_sc_hd__a21bo_1)
                                                         _040463_ (net)
                      0.469496    0.004260   33.055206 ^ wire167/A (sky130_fd_sc_hd__clkbuf_2)
     7    0.045494    0.386980    0.578463   33.633671 ^ wire167/X (sky130_fd_sc_hd__clkbuf_2)
                                                         net167 (net)
                      0.387278    0.006644   33.640312 ^ _096946_/A3 (sky130_fd_sc_hd__a31o_2)
     5    0.052270    0.469335    0.742745   34.383057 ^ _096946_/X (sky130_fd_sc_hd__a31o_2)
                                                         _040477_ (net)
                      0.469476    0.007766   34.390823 ^ _096959_/A2 (sky130_fd_sc_hd__a31oi_4)
     7    0.077500    0.571076    0.647194   35.038017 v _096959_/Y (sky130_fd_sc_hd__a31oi_4)
                                                         _040488_ (net)
                      0.571814    0.016747   35.054764 v _096988_/A1 (sky130_fd_sc_hd__o21ba_2)
     5    0.056739    0.275708    0.802107   35.856873 v _096988_/X (sky130_fd_sc_hd__o21ba_2)
                                                         _040513_ (net)
                      0.276292    0.011152   35.868023 v _096989_/B (sky130_fd_sc_hd__nor2_2)
    11    0.047315    0.836000    0.747139   36.615162 ^ _096989_/Y (sky130_fd_sc_hd__nor2_2)
                                                         _040514_ (net)
                      0.836056    0.005798   36.620960 ^ _097014_/A1 (sky130_fd_sc_hd__o211a_1)
     5    0.023779    0.330559    0.761307   37.382271 ^ _097014_/X (sky130_fd_sc_hd__o211a_1)
                                                         _040535_ (net)
                      0.330564    0.001894   37.384163 ^ _097017_/A1 (sky130_fd_sc_hd__o21a_1)
     3    0.018785    0.298559    0.502620   37.886784 ^ _097017_/X (sky130_fd_sc_hd__o21a_1)
                                                         _040538_ (net)
                      0.298561    0.001503   37.888287 ^ _097026_/B1 (sky130_fd_sc_hd__a211o_1)
     2    0.012337    0.189110    0.348951   38.237236 ^ _097026_/X (sky130_fd_sc_hd__a211o_1)
                                                         _040546_ (net)
                      0.189110    0.000533   38.237770 ^ _097033_/B (sky130_fd_sc_hd__nand2_1)
     2    0.015213    0.260289    0.297444   38.535213 v _097033_/Y (sky130_fd_sc_hd__nand2_1)
                                                         _040552_ (net)
                      0.260289    0.000721   38.535934 v _097034_/B (sky130_fd_sc_hd__xor2_1)
     1    0.003979    0.119388    0.348209   38.884144 v _097034_/X (sky130_fd_sc_hd__xor2_1)
                                                         _040553_ (net)
                      0.119388    0.000139   38.884281 v hold30873/A (sky130_fd_sc_hd__dlygate4sd3_1)
     1    0.005192    0.130111    1.182990   40.067272 v hold30873/X (sky130_fd_sc_hd__dlygate4sd3_1)
                                                         net43260 (net)
                      0.130111    0.000192   40.067463 v _097036_/A2 (sky130_fd_sc_hd__o211a_1)
     1    0.004125    0.083586    0.413575   40.481037 v _097036_/X (sky130_fd_sc_hd__o211a_1)
                                                         _002160_ (net)
                      0.083641    0.000131   40.481171 v hold8696/A (sky130_fd_sc_hd__dlygate4sd3_1)
     1    0.002264    0.101356    1.120402   41.601570 v hold8696/X (sky130_fd_sc_hd__dlygate4sd3_1)
                                                         net21083 (net)
                      0.101356    0.000068   41.601639 v _123234_/D (sky130_fd_sc_hd__dfxtp_1)
                                             41.601639   data arrival time

                                 25.000000   25.000000   clock clk (rise edge)
                                  4.650000   29.650000   clock source latency
     4    0.430245    0.610000    0.000000   29.650000 ^ wb_clk_i (in)
                                                         wb_clk_i (net)
                      0.780526    0.085263   29.735262 ^ clkbuf_0_wb_clk_i/A (sky130_fd_sc_hd__clkbuf_16)
     5    0.117900    0.210156    0.604118   30.339380 ^ clkbuf_0_wb_clk_i/X (sky130_fd_sc_hd__clkbuf_16)
                                                         clknet_0_wb_clk_i (net)
                      0.210579    0.007834   30.347214 ^ clkbuf_1_0_0_wb_clk_i/A (sky130_fd_sc_hd__clkbuf_8)
     3    0.085552    0.240804    0.424293   30.771507 ^ clkbuf_1_0_0_wb_clk_i/X (sky130_fd_sc_hd__clkbuf_8)
                                                         clknet_1_0_0_wb_clk_i (net)
                      0.241135    0.006086   30.777594 ^ clkbuf_1_0_1_wb_clk_i/A (sky130_fd_sc_hd__clkbuf_8)
     5    0.136689    0.368584    0.523222   31.300816 ^ clkbuf_1_0_1_wb_clk_i/X (sky130_fd_sc_hd__clkbuf_8)
                                                         clknet_1_0_1_wb_clk_i (net)
                      0.370410    0.021132   31.321947 ^ clkbuf_2_0_0_wb_clk_i/A (sky130_fd_sc_hd__clkbuf_8)
     5    0.069498    0.204203    0.456634   31.778582 ^ clkbuf_2_0_0_wb_clk_i/X (sky130_fd_sc_hd__clkbuf_8)
                                                         clknet_2_0_0_wb_clk_i (net)
                      0.206462    0.017142   31.795723 ^ clkbuf_3_0_0_wb_clk_i/A (sky130_fd_sc_hd__clkbuf_8)
     5    0.075152    0.216581    0.396675   32.192398 ^ clkbuf_3_0_0_wb_clk_i/X (sky130_fd_sc_hd__clkbuf_8)
                                                         clknet_3_0_0_wb_clk_i (net)
                      0.219300    0.019387   32.211784 ^ clkbuf_4_1_0_wb_clk_i/A (sky130_fd_sc_hd__clkbuf_8)
     5    0.071100    0.206618    0.397005   32.608791 ^ clkbuf_4_1_0_wb_clk_i/X (sky130_fd_sc_hd__clkbuf_8)
                                                         clknet_4_1_0_wb_clk_i (net)
                      0.208424    0.015476   32.624264 ^ clkbuf_5_3_0_wb_clk_i/A (sky130_fd_sc_hd__clkbuf_8)
     9    0.102013    0.283884    0.447592   33.071857 ^ clkbuf_5_3_0_wb_clk_i/X (sky130_fd_sc_hd__clkbuf_8)
                                                         clknet_5_3_0_wb_clk_i (net)
                      0.283906    0.002139   33.073997 ^ clkbuf_7_14_0_wb_clk_i/A (sky130_fd_sc_hd__clkbuf_8)
     5    0.054395    0.165254    0.398945   33.472942 ^ clkbuf_7_14_0_wb_clk_i/X (sky130_fd_sc_hd__clkbuf_8)
                                                         clknet_7_14_0_wb_clk_i (net)
                      0.165444    0.005020   33.477962 ^ clkbuf_8_28__f_wb_clk_i/A (sky130_fd_sc_hd__clkbuf_16)
    23    0.131003    0.219650    0.391289   33.869251 ^ clkbuf_8_28__f_wb_clk_i/X (sky130_fd_sc_hd__clkbuf_16)
                                                         clknet_8_28__leaf_wb_clk_i (net)
                      0.219737    0.004135   33.873386 ^ clkbuf_leaf_1308_wb_clk_i/A (sky130_fd_sc_hd__clkbuf_8)
     4    0.013391    0.068721    0.289578   34.162964 ^ clkbuf_leaf_1308_wb_clk_i/X (sky130_fd_sc_hd__clkbuf_8)
                                                         clknet_leaf_1308_wb_clk_i (net)
                      0.068721    0.000405   34.163368 ^ _123234_/CLK (sky130_fd_sc_hd__dfxtp_1)
                                 -0.250000   33.913368   clock uncertainty
                                  0.920000   34.833366   clock reconvergence pessimism
                                 -0.282358   34.551010   library setup time
                                             34.551010   data required time
---------------------------------------------------------------------------------------------
                                             34.551010   data required time
                                            -41.601639   data arrival time
---------------------------------------------------------------------------------------------
                                             -7.050631   slack (VIOLATED)




===========================================================================
 report_check_types -max_slew -max_cap -max_fanout -violators
============================================================================
======================= nom_ss_100C_1v60 Corner ===================================

max slew

Pin                                        Limit        Slew       Slack
------------------------------------------------------------------------
wire3654/A                              1.500000    2.252311   -0.752311 (VIOLATED)
ANTENNA_wire3654_A/DIODE                1.500000    2.252305   -0.752305 (VIOLATED)
hold17087/X                             1.498918    2.250647   -0.751729 (VIOLATED)
wire3919/A                              1.500000    2.250886   -0.750886 (VIOLATED)
ANTENNA_wire3919_A/DIODE                1.500000    2.250885   -0.750885 (VIOLATED)
hold17128/X                             1.498918    2.249730   -0.750812 (VIOLATED)
ANTENNA_hold17087_X/DIODE               1.500000    2.250647   -0.750647 (VIOLATED)
ANTENNA_hold17128_X/DIODE               1.500000    2.249730   -0.749730 (VIOLATED)
wire7010/A                              1.500000    2.116369   -0.616369 (VIOLATED)
ANTENNA_1002/DIODE                      1.500000    2.116366   -0.616366 (VIOLATED)
ANTENNA_wire7010_A/DIODE                1.500000    2.116362   -0.616362 (VIOLATED)
hold15011/X                             1.498918    2.115036   -0.616118 (VIOLATED)
ANTENNA_hold37264_A/DIODE               1.500000    2.115041   -0.615042 (VIOLATED)
hold37264/A                             1.500000    2.115041   -0.615042 (VIOLATED)
ANTENNA_hold15011_X/DIODE               1.500000    2.115036   -0.615036 (VIOLATED)
hold18656/X                             1.498918    2.101666   -0.602748 (VIOLATED)
ANTENNA__113604__B1/DIODE               1.500000    2.101707   -0.601707 (VIOLATED)
_113604_/B1                             1.500000    2.101707   -0.601707 (VIOLATED)
ANTENNA__113979__B1/DIODE               1.500000    2.101705   -0.601705 (VIOLATED)
_113979_/B1                             1.500000    2.101705   -0.601705 (VIOLATED)
ANTENNA__114356__B1/DIODE               1.500000    2.101680   -0.601680 (VIOLATED)
_114356_/B1                             1.500000    2.101680   -0.601680 (VIOLATED)
ANTENNA__114482__B1/DIODE               1.500000    2.101676   -0.601676 (VIOLATED)
_114482_/B1                             1.500000    2.101676   -0.601676 (VIOLATED)
ANTENNA__114167__B1/DIODE               1.500000    2.101673   -0.601673 (VIOLATED)
_114167_/B1                             1.500000    2.101673   -0.601673 (VIOLATED)
ANTENNA__113355__B1/DIODE               1.500000    2.101666   -0.601666 (VIOLATED)
ANTENNA__114608__B1/DIODE               1.500000    2.101666   -0.601666 (VIOLATED)
ANTENNA__114922__B1/DIODE               1.500000    2.101666   -0.601666 (VIOLATED)
ANTENNA_hold18656_X/DIODE               1.500000    2.101666   -0.601666 (VIOLATED)
_113355_/B1                             1.500000    2.101666   -0.601666 (VIOLATED)
_114608_/B1                             1.500000    2.101666   -0.601666 (VIOLATED)
_114922_/B1                             1.500000    2.101666   -0.601666 (VIOLATED)
hold294/X                               1.498918    2.065412   -0.566494 (VIOLATED)
_120714_/A1                             1.500000    2.066377   -0.566377 (VIOLATED)
ANTENNA__120714__A1/DIODE               1.500000    2.066375   -0.566375 (VIOLATED)
_120684_/A1                             1.500000    2.066322   -0.566322 (VIOLATED)
ANTENNA__120684__A1/DIODE               1.500000    2.066321   -0.566321 (VIOLATED)
ANTENNA_fanout11907_A/DIODE             1.500000    2.065426   -0.565426 (VIOLATED)
fanout11907/A                           1.500000    2.065426   -0.565426 (VIOLATED)
ANTENNA_fanout11904_A/DIODE             1.500000    2.065412   -0.565412 (VIOLATED)
fanout11904/A                           1.500000    2.065413   -0.565413 (VIOLATED)
ANTENNA__120874__A1/DIODE               1.500000    2.065412   -0.565412 (VIOLATED)
ANTENNA_hold294_X/DIODE                 1.500000    2.065412   -0.565412 (VIOLATED)
_120874_/A1                             1.500000    2.065412   -0.565412 (VIOLATED)
_113464_/X                              1.492506    2.056864   -0.564358 (VIOLATED)
ANTENNA_13/DIODE                        1.500000    2.059060   -0.559060 (VIOLATED)
ANTENNA_15/DIODE                        1.500000    2.059060   -0.559060 (VIOLATED)
ANTENNA_17/DIODE                        1.500000    2.059060   -0.559060 (VIOLATED)
wire1309/A                              1.500000    2.059060   -0.559060 (VIOLATED)
ANTENNA_12/DIODE                        1.500000    2.059058   -0.559058 (VIOLATED)
ANTENNA_14/DIODE                        1.500000    2.059057   -0.559057 (VIOLATED)
ANTENNA_16/DIODE                        1.500000    2.059057   -0.559057 (VIOLATED)
ANTENNA_18/DIODE                        1.500000    2.059056   -0.559056 (VIOLATED)
ANTENNA_wire1309_A/DIODE                1.500000    2.059055   -0.559055 (VIOLATED)
ANTENNA__113464__X/DIODE                1.500000    2.056876   -0.556876 (VIOLATED)
ANTENNA_1011/DIODE                      1.500000    2.029887   -0.529887 (VIOLATED)
_116425_/A1                             1.500000    2.029886   -0.529887 (VIOLATED)
ANTENNA__116425__A1/DIODE               1.500000    2.029880   -0.529880 (VIOLATED)
hold32087/X                             1.498918    2.028566   -0.529648 (VIOLATED)
ANTENNA__076679__A/DIODE                1.500000    2.028636   -0.528636 (VIOLATED)
_076679_/A                              1.500000    2.028636   -0.528636 (VIOLATED)
ANTENNA__076675__B1/DIODE               1.500000    2.028574   -0.528574 (VIOLATED)
_076675_/B1                             1.500000    2.028574   -0.528574 (VIOLATED)
ANTENNA__076674__A/DIODE                1.500000    2.028573   -0.528573 (VIOLATED)
_076674_/A                              1.500000    2.028573   -0.528573 (VIOLATED)
ANTENNA_hold32087_X/DIODE               1.500000    2.028566   -0.528566 (VIOLATED)
hold54/X                                1.498918    1.979869   -0.480951 (VIOLATED)
ANTENNA__120758__A1/DIODE               1.500000    1.980760   -0.480760 (VIOLATED)
_120758_/A1                             1.500000    1.980760   -0.480760 (VIOLATED)
_120708_/A1                             1.500000    1.980749   -0.480749 (VIOLATED)
ANTENNA__120708__A1/DIODE               1.500000    1.980747   -0.480747 (VIOLATED)
ANTENNA__061221__A1/DIODE               1.500000    1.980745   -0.480745 (VIOLATED)
_061221_/A1                             1.500000    1.980746   -0.480746 (VIOLATED)
_061119_/A1                             1.500000    1.980700   -0.480700 (VIOLATED)
ANTENNA__061119__A1/DIODE               1.500000    1.980699   -0.480699 (VIOLATED)
fanout11255/A                           1.500000    1.980091   -0.480091 (VIOLATED)
ANTENNA_fanout11255_A/DIODE             1.500000    1.980080   -0.480080 (VIOLATED)
ANTENNA__120998__A1/DIODE               1.500000    1.979885   -0.479885 (VIOLATED)
_120998_/A1                             1.500000    1.979885   -0.479885 (VIOLATED)
_121038_/A1                             1.500000    1.979882   -0.479882 (VIOLATED)
ANTENNA__121038__A1/DIODE               1.500000    1.979881   -0.479881 (VIOLATED)
ANTENNA_hold54_X/DIODE                  1.500000    1.979872   -0.479872 (VIOLATED)
wire6655/A                              1.500000    1.950740   -0.450741 (VIOLATED)
ANTENNA_wire6655_A/DIODE                1.500000    1.950738   -0.450738 (VIOLATED)
hold14627/X                             1.498918    1.949061   -0.450143 (VIOLATED)
ANTENNA_hold14627_X/DIODE               1.500000    1.949064   -0.449064 (VIOLATED)
ANTENNA_hold37143_A/DIODE               1.500000    1.949061   -0.449061 (VIOLATED)
hold37143/A                             1.500000    1.949061   -0.449061 (VIOLATED)
wire1359/A                              1.500000    1.939762   -0.439762 (VIOLATED)
ANTENNA_9/DIODE                         1.500000    1.939761   -0.439761 (VIOLATED)
ANTENNA_7/DIODE                         1.500000    1.939760   -0.439760 (VIOLATED)
ANTENNA_6/DIODE                         1.500000    1.939756   -0.439756 (VIOLATED)
ANTENNA_8/DIODE                         1.500000    1.939754   -0.439754 (VIOLATED)
ANTENNA_10/DIODE                        1.500000    1.939752   -0.439752 (VIOLATED)
ANTENNA_wire1359_A/DIODE                1.500000    1.939718   -0.439718 (VIOLATED)
_113266_/X                              1.492506    1.916905   -0.424399 (VIOLATED)
ANTENNA__113266__X/DIODE                1.500000    1.916913   -0.416913 (VIOLATED)
_116433_/A1                             1.500000    1.897598   -0.397598 (VIOLATED)
ANTENNA__116433__A1/DIODE               1.500000    1.897595   -0.397595 (VIOLATED)
hold8938/X                              1.498918    1.896439   -0.397521 (VIOLATED)
ANTENNA__076766__A/DIODE                1.500000    1.896443   -0.396443 (VIOLATED)
ANTENNA__076767__A/DIODE                1.500000    1.896443   -0.396443 (VIOLATED)
_076766_/A                              1.500000    1.896443   -0.396443 (VIOLATED)
_076767_/A                              1.500000    1.896443   -0.396443 (VIOLATED)
ANTENNA__076770__A/DIODE                1.500000    1.896439   -0.396439 (VIOLATED)
ANTENNA_hold8938_X/DIODE                1.500000    1.896439   -0.396439 (VIOLATED)
_076770_/A                              1.500000    1.896439   -0.396439 (VIOLATED)
hold1174/X                              1.498918    1.878514   -0.379596 (VIOLATED)
ANTENNA__113980__A/DIODE                1.500000    1.878562   -0.378563 (VIOLATED)
_113980_/A                              1.500000    1.878562   -0.378563 (VIOLATED)
_114430_/B1                             1.500000    1.878531   -0.378531 (VIOLATED)
ANTENNA__114430__B1/DIODE               1.500000    1.878531   -0.378531 (VIOLATED)
ANTENNA__114682__B1/DIODE               1.500000    1.878517   -0.378517 (VIOLATED)
ANTENNA__114745__B1/DIODE               1.500000    1.878517   -0.378517 (VIOLATED)
_114682_/B1                             1.500000    1.878517   -0.378517 (VIOLATED)
_114745_/B1                             1.500000    1.878517   -0.378517 (VIOLATED)
ANTENNA__113105__B1/DIODE               1.500000    1.878514   -0.378514 (VIOLATED)
ANTENNA__113175__B1/DIODE               1.500000    1.878514   -0.378514 (VIOLATED)
ANTENNA__113239__B1/DIODE               1.500000    1.878514   -0.378514 (VIOLATED)
ANTENNA__113303__B1/DIODE               1.500000    1.878514   -0.378514 (VIOLATED)
ANTENNA__114556__A1/DIODE               1.500000    1.878514   -0.378514 (VIOLATED)
ANTENNA__115058__B1/DIODE               1.500000    1.878514   -0.378514 (VIOLATED)
ANTENNA_hold1174_X/DIODE                1.500000    1.878514   -0.378514 (VIOLATED)
_113105_/B1                             1.500000    1.878514   -0.378514 (VIOLATED)
_113175_/B1                             1.500000    1.878514   -0.378514 (VIOLATED)
_113239_/B1                             1.500000    1.878514   -0.378514 (VIOLATED)
_113303_/B1                             1.500000    1.878514   -0.378514 (VIOLATED)
_114556_/A1                             1.500000    1.878514   -0.378514 (VIOLATED)
_115058_/B1                             1.500000    1.878514   -0.378514 (VIOLATED)
hold17775/X                             1.498918    1.839844   -0.340926 (VIOLATED)
_106682_/A1                             1.500000    1.839919   -0.339919 (VIOLATED)
ANTENNA__106682__A1/DIODE               1.500000    1.839918   -0.339919 (VIOLATED)
_106681_/A1                             1.500000    1.839916   -0.339916 (VIOLATED)
ANTENNA__106681__A1/DIODE               1.500000    1.839915   -0.339915 (VIOLATED)
ANTENNA__106683__A/DIODE                1.500000    1.839909   -0.339909 (VIOLATED)
_106683_/A                              1.500000    1.839909   -0.339909 (VIOLATED)
ANTENNA__106536__A/DIODE                1.500000    1.839882   -0.339883 (VIOLATED)
_106536_/A                              1.500000    1.839882   -0.339882 (VIOLATED)
ANTENNA__106534__B2/DIODE               1.500000    1.839876   -0.339876 (VIOLATED)
_106482_/A                              1.500000    1.839871   -0.339871 (VIOLATED)
_106534_/B2                             1.500000    1.839871   -0.339871 (VIOLATED)
ANTENNA__106482__A/DIODE                1.500000    1.839869   -0.339869 (VIOLATED)
_106537_/A                              1.500000    1.839869   -0.339869 (VIOLATED)
ANTENNA__106537__A/DIODE                1.500000    1.839868   -0.339868 (VIOLATED)
ANTENNA__106479__B2/DIODE               1.500000    1.839867   -0.339867 (VIOLATED)
_106479_/B2                             1.500000    1.839867   -0.339867 (VIOLATED)
ANTENNA__106481__A/DIODE                1.500000    1.839862   -0.339862 (VIOLATED)
_106481_/A                              1.500000    1.839862   -0.339862 (VIOLATED)
ANTENNA__106352__B/DIODE                1.500000    1.839844   -0.339844 (VIOLATED)
ANTENNA_hold17775_X/DIODE               1.500000    1.839844   -0.339844 (VIOLATED)
_106352_/B                              1.500000    1.839844   -0.339844 (VIOLATED)
_113266_/A2                             1.500000    1.834674   -0.334674 (VIOLATED)
ANTENNA__113266__A2/DIODE               1.500000    1.834665   -0.334665 (VIOLATED)
ANTENNA_wire3108_X/DIODE                1.500000    1.831081   -0.331081 (VIOLATED)
wire3108/X                              1.500000    1.831066   -0.331066 (VIOLATED)
wire6777/A                              1.500000    1.822119   -0.322119 (VIOLATED)
ANTENNA_wire6777_A/DIODE                1.500000    1.822116   -0.322116 (VIOLATED)
hold11880/X                             1.498918    1.820853   -0.321935 (VIOLATED)
ANTENNA_1309/DIODE                      1.500000    1.820866   -0.320866 (VIOLATED)
ANTENNA_1307/DIODE                      1.500000    1.820865   -0.320865 (VIOLATED)
ANTENNA_1305/DIODE                      1.500000    1.820863   -0.320863 (VIOLATED)
ANTENNA_1304/DIODE                      1.500000    1.820862   -0.320862 (VIOLATED)
ANTENNA_1306/DIODE                      1.500000    1.820862   -0.320862 (VIOLATED)
ANTENNA_1308/DIODE                      1.500000    1.820862   -0.320862 (VIOLATED)
ANTENNA_1310/DIODE                      1.500000    1.820862   -0.320862 (VIOLATED)
ANTENNA_1303/DIODE                      1.500000    1.820859   -0.320859 (VIOLATED)
ANTENNA_hold34583_A/DIODE               1.500000    1.820858   -0.320858 (VIOLATED)
ANTENNA_hold11880_X/DIODE               1.500000    1.820853   -0.320853 (VIOLATED)
hold34583/A                             1.500000    1.820853   -0.320853 (VIOLATED)
_102038_/Y                              1.494004    1.812289   -0.318286 (VIOLATED)
hold18584/X                             1.498918    1.814840   -0.315922 (VIOLATED)
ANTENNA__113480__A/DIODE                1.500000    1.814895   -0.314895 (VIOLATED)
_113480_/A                              1.500000    1.814895   -0.314895 (VIOLATED)
_113803_/A1                             1.500000    1.814893   -0.314893 (VIOLATED)
ANTENNA__113803__A1/DIODE               1.500000    1.814892   -0.314892 (VIOLATED)
_113865_/B1                             1.500000    1.814888   -0.314888 (VIOLATED)
ANTENNA__113865__B1/DIODE               1.500000    1.814888   -0.314888 (VIOLATED)
ANTENNA__113741__A1/DIODE               1.500000    1.814887   -0.314887 (VIOLATED)
_113741_/A1                             1.500000    1.814887   -0.314887 (VIOLATED)
ANTENNA__114051__B1/DIODE               1.500000    1.814846   -0.314846 (VIOLATED)
_114051_/B1                             1.500000    1.814846   -0.314846 (VIOLATED)
ANTENNA__113228__A/DIODE                1.500000    1.814840   -0.314840 (VIOLATED)
ANTENNA__113366__C1/DIODE               1.500000    1.814840   -0.314840 (VIOLATED)
ANTENNA__113418__A/DIODE                1.500000    1.814840   -0.314840 (VIOLATED)
ANTENNA__113542__A/DIODE                1.500000    1.814840   -0.314840 (VIOLATED)
ANTENNA__113615__C1/DIODE               1.500000    1.814840   -0.314840 (VIOLATED)
ANTENNA_hold18584_X/DIODE               1.500000    1.814840   -0.314840 (VIOLATED)
_113228_/A                              1.500000    1.814840   -0.314840 (VIOLATED)
_113366_/C1                             1.500000    1.814840   -0.314840 (VIOLATED)
_113418_/A                              1.500000    1.814840   -0.314840 (VIOLATED)
_113542_/A                              1.500000    1.814840   -0.314840 (VIOLATED)
_113615_/C1                             1.500000    1.814840   -0.314840 (VIOLATED)
ANTENNA_wire309_A/DIODE                 1.500000    1.812303   -0.312303 (VIOLATED)
wire309/A                               1.500000    1.812303   -0.312303 (VIOLATED)
ANTENNA__102038__Y/DIODE                1.500000    1.812289   -0.312290 (VIOLATED)
hold15786/X                             1.498918    1.797226   -0.298308 (VIOLATED)
_075431_/A2                             1.500000    1.797301   -0.297301 (VIOLATED)
ANTENNA__075431__A2/DIODE               1.500000    1.797300   -0.297300 (VIOLATED)
_075300_/B                              1.500000    1.797296   -0.297296 (VIOLATED)
ANTENNA__075300__B/DIODE                1.500000    1.797295   -0.297295 (VIOLATED)
_075433_/B                              1.500000    1.797274   -0.297274 (VIOLATED)
ANTENNA__075433__B/DIODE                1.500000    1.797273   -0.297273 (VIOLATED)
ANTENNA__075501__B/DIODE                1.500000    1.797268   -0.297268 (VIOLATED)
_075501_/B                              1.500000    1.797268   -0.297268 (VIOLATED)
ANTENNA__075680__A/DIODE                1.500000    1.797250   -0.297250 (VIOLATED)
_075680_/A                              1.500000    1.797251   -0.297251 (VIOLATED)
ANTENNA__075624__B/DIODE                1.500000    1.797248   -0.297248 (VIOLATED)
_075624_/B                              1.500000    1.797248   -0.297248 (VIOLATED)
ANTENNA__075569__B/DIODE                1.500000    1.797247   -0.297247 (VIOLATED)
_075569_/B                              1.500000    1.797247   -0.297247 (VIOLATED)
ANTENNA__075625__A1/DIODE               1.500000    1.797233   -0.297233 (VIOLATED)
_075625_/A1                             1.500000    1.797233   -0.297233 (VIOLATED)
ANTENNA__075623__A/DIODE                1.500000    1.797229   -0.297229 (VIOLATED)
_075623_/A                              1.500000    1.797229   -0.297229 (VIOLATED)
ANTENNA__075142__B/DIODE                1.500000    1.797226   -0.297226 (VIOLATED)
ANTENNA_hold15786_X/DIODE               1.500000    1.797226   -0.297226 (VIOLATED)
_075142_/B                              1.500000    1.797226   -0.297226 (VIOLATED)
_113952_/X                              1.498428    1.776587   -0.278159 (VIOLATED)
ANTENNA_1028/DIODE                      1.500000    1.777399   -0.277399 (VIOLATED)
ANTENNA_1026/DIODE                      1.500000    1.777398   -0.277398 (VIOLATED)
wire1520/A                              1.500000    1.777398   -0.277399 (VIOLATED)
ANTENNA_1024/DIODE                      1.500000    1.777398   -0.277398 (VIOLATED)
ANTENNA_wire1520_A/DIODE                1.500000    1.777397   -0.277397 (VIOLATED)
ANTENNA_1025/DIODE                      1.500000    1.777395   -0.277396 (VIOLATED)
ANTENNA_1027/DIODE                      1.500000    1.777394   -0.277394 (VIOLATED)
ANTENNA__113952__X/DIODE                1.500000    1.776591   -0.276591 (VIOLATED)
hold17184/X                             1.498918    1.773528   -0.274610 (VIOLATED)
_091973_/B                              1.500000    1.773562   -0.273562 (VIOLATED)
ANTENNA__091973__B/DIODE                1.500000    1.773562   -0.273562 (VIOLATED)
_092075_/C                              1.500000    1.773553   -0.273553 (VIOLATED)
ANTENNA__092075__C/DIODE                1.500000    1.773552   -0.273552 (VIOLATED)
_092005_/B1                             1.500000    1.773552   -0.273552 (VIOLATED)
ANTENNA__092076__A2/DIODE               1.500000    1.773550   -0.273550 (VIOLATED)
_092076_/A2                             1.500000    1.773550   -0.273550 (VIOLATED)
ANTENNA__092005__B1/DIODE               1.500000    1.773548   -0.273548 (VIOLATED)
_092004_/D                              1.500000    1.773547   -0.273547 (VIOLATED)
_092025_/C                              1.500000    1.773547   -0.273547 (VIOLATED)
ANTENNA__092004__D/DIODE                1.500000    1.773547   -0.273547 (VIOLATED)
_092026_/A2                             1.500000    1.773545   -0.273545 (VIOLATED)
ANTENNA__092026__A2/DIODE               1.500000    1.773544   -0.273544 (VIOLATED)
ANTENNA__092025__C/DIODE                1.500000    1.773542   -0.273542 (VIOLATED)
_092002_/B                              1.500000    1.773532   -0.273532 (VIOLATED)
ANTENNA__092002__B/DIODE                1.500000    1.773528   -0.273528 (VIOLATED)
ANTENNA__092817__B/DIODE                1.500000    1.773528   -0.273528 (VIOLATED)
ANTENNA_fanout6127_A/DIODE              1.500000    1.773528   -0.273528 (VIOLATED)
ANTENNA_hold17184_X/DIODE               1.500000    1.773528   -0.273528 (VIOLATED)
_092817_/B                              1.500000    1.773528   -0.273528 (VIOLATED)
fanout6127/A                            1.500000    1.773528   -0.273528 (VIOLATED)
hold16350/X                             1.498918    1.754581   -0.255663 (VIOLATED)
fanout8415/A                            1.500000    1.754603   -0.254603 (VIOLATED)
ANTENNA_fanout8415_A/DIODE              1.500000    1.754602   -0.254602 (VIOLATED)
ANTENNA__096210__B/DIODE                1.500000    1.754596   -0.254596 (VIOLATED)
_096210_/B                              1.500000    1.754596   -0.254596 (VIOLATED)
_096706_/A                              1.500000    1.754589   -0.254589 (VIOLATED)
ANTENNA__096706__A/DIODE                1.500000    1.754588   -0.254588 (VIOLATED)
_096780_/A1                             1.500000    1.754587   -0.254587 (VIOLATED)
ANTENNA__096780__A1/DIODE               1.500000    1.754587   -0.254587 (VIOLATED)
_096506_/B                              1.500000    1.754587   -0.254587 (VIOLATED)
ANTENNA__096506__B/DIODE                1.500000    1.754586   -0.254586 (VIOLATED)
ANTENNA__096705__A/DIODE                1.500000    1.754586   -0.254586 (VIOLATED)
_096705_/A                              1.500000    1.754586   -0.254586 (VIOLATED)
ANTENNA__096707__A/DIODE                1.500000    1.754584   -0.254584 (VIOLATED)
_096707_/A                              1.500000    1.754582   -0.254582 (VIOLATED)
ANTENNA__096642__B/DIODE                1.500000    1.754581   -0.254581 (VIOLATED)
ANTENNA__096712__A2/DIODE               1.500000    1.754581   -0.254581 (VIOLATED)
ANTENNA__096744__A2/DIODE               1.500000    1.754581   -0.254581 (VIOLATED)
ANTENNA_hold16350_X/DIODE               1.500000    1.754581   -0.254581 (VIOLATED)
_096642_/B                              1.500000    1.754581   -0.254581 (VIOLATED)
_096712_/A2                             1.500000    1.754581   -0.254581 (VIOLATED)
_096744_/A2                             1.500000    1.754581   -0.254581 (VIOLATED)
neuro_inst/Bias_comp2                   0.500000    0.752115   -0.252115 (VIOLATED)
hold112/X                               1.498918    1.744156   -0.245238 (VIOLATED)
wire5129/A                              1.500000    1.744296   -0.244296 (VIOLATED)
ANTENNA_wire5129_A/DIODE                1.500000    1.744295   -0.244295 (VIOLATED)
_120730_/A                              1.500000    1.744237   -0.244238 (VIOLATED)
ANTENNA__120730__A/DIODE                1.500000    1.744235   -0.244235 (VIOLATED)
_120750_/B                              1.500000    1.744168   -0.244168 (VIOLATED)
ANTENNA__120750__B/DIODE                1.500000    1.744166   -0.244166 (VIOLATED)
ANTENNA__061236__B/DIODE                1.500000    1.744156   -0.244156 (VIOLATED)
ANTENNA__061247__A/DIODE                1.500000    1.744156   -0.244156 (VIOLATED)
ANTENNA_hold112_X/DIODE                 1.500000    1.744156   -0.244156 (VIOLATED)
_061236_/B                              1.500000    1.744156   -0.244156 (VIOLATED)
_061247_/A                              1.500000    1.744156   -0.244156 (VIOLATED)
hold17909/X                             1.498918    1.742308   -0.243390 (VIOLATED)
_084808_/A                              1.500000    1.743194   -0.243194 (VIOLATED)
ANTENNA__084808__A/DIODE                1.500000    1.743191   -0.243191 (VIOLATED)
_084601_/A                              1.500000    1.742494   -0.242494 (VIOLATED)
ANTENNA__084601__A/DIODE                1.500000    1.742493   -0.242493 (VIOLATED)
ANTENNA__084633__A2/DIODE               1.500000    1.742483   -0.242483 (VIOLATED)
_084633_/A2                             1.500000    1.742483   -0.242483 (VIOLATED)
_084612_/A2                             1.500000    1.742467   -0.242467 (VIOLATED)
ANTENNA__084612__A2/DIODE               1.500000    1.742461   -0.242461 (VIOLATED)
_084572_/B                              1.500000    1.742448   -0.242448 (VIOLATED)
ANTENNA__084572__B/DIODE                1.500000    1.742447   -0.242447 (VIOLATED)
_084639_/A2                             1.500000    1.742436   -0.242436 (VIOLATED)
ANTENNA__084639__A2/DIODE               1.500000    1.742429   -0.242430 (VIOLATED)
_084550_/B                              1.500000    1.742416   -0.242416 (VIOLATED)
ANTENNA__084550__B/DIODE                1.500000    1.742415   -0.242415 (VIOLATED)
_084533_/B                              1.500000    1.742378   -0.242378 (VIOLATED)
ANTENNA__084533__B/DIODE                1.500000    1.742377   -0.242377 (VIOLATED)
ANTENNA__084505__B/DIODE                1.500000    1.742308   -0.242308 (VIOLATED)
ANTENNA_hold17909_X/DIODE               1.500000    1.742308   -0.242308 (VIOLATED)
_084505_/B                              1.500000    1.742308   -0.242308 (VIOLATED)
ANTENNA_739/DIODE                       1.500000    1.738270   -0.238270 (VIOLATED)
ANTENNA_740/DIODE                       1.500000    1.738270   -0.238270 (VIOLATED)
ANTENNA_738/DIODE                       1.500000    1.738269   -0.238269 (VIOLATED)
ANTENNA_737/DIODE                       1.500000    1.738269   -0.238269 (VIOLATED)
wire5808/A                              1.500000    1.738259   -0.238259 (VIOLATED)
ANTENNA_wire5808_A/DIODE                1.500000    1.738247   -0.238247 (VIOLATED)
hold17507/X                             1.498918    1.736190   -0.237272 (VIOLATED)
_060859_/A                              1.500000    1.736237   -0.236237 (VIOLATED)
ANTENNA__082916__B/DIODE                1.500000    1.736237   -0.236237 (VIOLATED)
_082916_/B                              1.500000    1.736237   -0.236237 (VIOLATED)
_082917_/B                              1.500000    1.736236   -0.236236 (VIOLATED)
ANTENNA__060859__A/DIODE                1.500000    1.736235   -0.236235 (VIOLATED)
ANTENNA__082917__B/DIODE                1.500000    1.736235   -0.236235 (VIOLATED)
ANTENNA__082967__B/DIODE                1.500000    1.736228   -0.236228 (VIOLATED)
_082967_/B                              1.500000    1.736228   -0.236228 (VIOLATED)
_083008_/C                              1.500000    1.736219   -0.236219 (VIOLATED)
_083009_/A2                             1.500000    1.736215   -0.236216 (VIOLATED)
ANTENNA__083009__A2/DIODE               1.500000    1.736213   -0.236213 (VIOLATED)
ANTENNA__083008__C/DIODE                1.500000    1.736208   -0.236208 (VIOLATED)
ANTENNA__083209__A/DIODE                1.500000    1.736200   -0.236201 (VIOLATED)
_083209_/A                              1.500000    1.736200   -0.236201 (VIOLATED)
_083007_/A                              1.500000    1.736195   -0.236195 (VIOLATED)
ANTENNA__083007__A/DIODE                1.500000    1.736194   -0.236194 (VIOLATED)
_083236_/B                              1.500000    1.736191   -0.236191 (VIOLATED)
ANTENNA__083234__A1/DIODE               1.500000    1.736190   -0.236190 (VIOLATED)
ANTENNA__083236__B/DIODE                1.500000    1.736190   -0.236190 (VIOLATED)
ANTENNA_hold17507_X/DIODE               1.500000    1.736190   -0.236190 (VIOLATED)
_083234_/A1                             1.500000    1.736190   -0.236190 (VIOLATED)
hold15853/X                             1.498918    1.734045   -0.235127 (VIOLATED)
ANTENNA__091561__A/DIODE                1.500000    1.734143   -0.234143 (VIOLATED)
_091561_/A                              1.500000    1.734143   -0.234143 (VIOLATED)
ANTENNA__091494__A/DIODE                1.500000    1.734141   -0.234141 (VIOLATED)
_091458_/A                              1.500000    1.734141   -0.234141 (VIOLATED)
_091494_/A                              1.500000    1.734141   -0.234141 (VIOLATED)
_091497_/A1                             1.500000    1.734140   -0.234140 (VIOLATED)
ANTENNA__091458__A/DIODE                1.500000    1.734140   -0.234140 (VIOLATED)
ANTENNA__091497__A1/DIODE               1.500000    1.734140   -0.234140 (VIOLATED)
_091558_/A1                             1.500000    1.734136   -0.234136 (VIOLATED)
ANTENNA__091558__A1/DIODE               1.500000    1.734128   -0.234128 (VIOLATED)
_091392_/A                              1.500000    1.734111   -0.234111 (VIOLATED)
ANTENNA__091392__A/DIODE                1.500000    1.734110   -0.234110 (VIOLATED)
_091228_/B                              1.500000    1.734063   -0.234063 (VIOLATED)
ANTENNA__091228__B/DIODE                1.500000    1.734061   -0.234061 (VIOLATED)
ANTENNA_fanout8957_A/DIODE              1.500000    1.734053   -0.234053 (VIOLATED)
fanout8957/A                            1.500000    1.734053   -0.234053 (VIOLATED)
ANTENNA__060821__A/DIODE                1.500000    1.734045   -0.234045 (VIOLATED)
ANTENNA__091533__A1/DIODE               1.500000    1.734045   -0.234045 (VIOLATED)
ANTENNA_hold15853_X/DIODE               1.500000    1.734045   -0.234045 (VIOLATED)
_060821_/A                              1.500000    1.734045   -0.234045 (VIOLATED)
_091533_/A1                             1.500000    1.734045   -0.234045 (VIOLATED)
ANTENNA_wire5809_X/DIODE                1.500000    1.729842   -0.229842 (VIOLATED)
wire5809/X                              1.500000    1.729827   -0.229827 (VIOLATED)
hold95/X                                1.498918    1.727691   -0.228773 (VIOLATED)
ANTENNA__120650__A/DIODE                1.500000    1.727695   -0.227695 (VIOLATED)
_120650_/A                              1.500000    1.727695   -0.227695 (VIOLATED)
ANTENNA__120120__A/DIODE                1.500000    1.727691   -0.227691 (VIOLATED)
ANTENNA__120190__A/DIODE                1.500000    1.727691   -0.227691 (VIOLATED)
ANTENNA__120260__A/DIODE                1.500000    1.727691   -0.227691 (VIOLATED)
ANTENNA__120620__B/DIODE                1.500000    1.727691   -0.227691 (VIOLATED)
ANTENNA__120970__A/DIODE                1.500000    1.727691   -0.227691 (VIOLATED)
ANTENNA_hold95_X/DIODE                  1.500000    1.727691   -0.227691 (VIOLATED)
_120120_/A                              1.500000    1.727691   -0.227691 (VIOLATED)
_120190_/A                              1.500000    1.727691   -0.227691 (VIOLATED)
_120260_/A                              1.500000    1.727691   -0.227691 (VIOLATED)
_120620_/B                              1.500000    1.727691   -0.227691 (VIOLATED)
_120970_/A                              1.500000    1.727691   -0.227691 (VIOLATED)
hold17193/X                             1.498918    1.724591   -0.225673 (VIOLATED)
hold18089/X                             1.498918    1.724581   -0.225663 (VIOLATED)
fanout5936/A                            1.500000    1.724741   -0.224741 (VIOLATED)
ANTENNA_fanout5936_A/DIODE              1.500000    1.724740   -0.224740 (VIOLATED)
_109283_/A1                             1.500000    1.724723   -0.224723 (VIOLATED)
ANTENNA__109283__A1/DIODE               1.500000    1.724722   -0.224722 (VIOLATED)
ANTENNA__109152__B/DIODE                1.500000    1.724696   -0.224696 (VIOLATED)
_109152_/B                              1.500000    1.724692   -0.224692 (VIOLATED)
_109158_/A2                             1.500000    1.724676   -0.224676 (VIOLATED)
ANTENNA__109158__A2/DIODE               1.500000    1.724676   -0.224676 (VIOLATED)
_070091_/A1                             1.500000    1.724670   -0.224671 (VIOLATED)
_109180_/A2                             1.500000    1.724670   -0.224670 (VIOLATED)
ANTENNA__109180__A2/DIODE               1.500000    1.724669   -0.224669 (VIOLATED)
ANTENNA__070090__A/DIODE                1.500000    1.724668   -0.224668 (VIOLATED)
ANTENNA__070091__A1/DIODE               1.500000    1.724669   -0.224669 (VIOLATED)
_070090_/A                              1.500000    1.724669   -0.224669 (VIOLATED)
ANTENNA__070049__A/DIODE                1.500000    1.724667   -0.224668 (VIOLATED)
_070049_/A                              1.500000    1.724667   -0.224667 (VIOLATED)
_070050_/A1                             1.500000    1.724667   -0.224667 (VIOLATED)
ANTENNA__070050__A1/DIODE               1.500000    1.724665   -0.224665 (VIOLATED)
_070125_/A                              1.500000    1.724651   -0.224651 (VIOLATED)
ANTENNA__070125__A/DIODE                1.500000    1.724650   -0.224650 (VIOLATED)
_109087_/A2                             1.500000    1.724645   -0.224645 (VIOLATED)
ANTENNA__109087__A2/DIODE               1.500000    1.724645   -0.224645 (VIOLATED)
ANTENNA__109008__B/DIODE                1.500000    1.724619   -0.224619 (VIOLATED)
_109008_/B                              1.500000    1.724619   -0.224619 (VIOLATED)
_108909_/B                              1.500000    1.724615   -0.224616 (VIOLATED)
ANTENNA__108909__B/DIODE                1.500000    1.724615   -0.224615 (VIOLATED)
_108957_/A2                             1.500000    1.724614   -0.224614 (VIOLATED)
ANTENNA__108957__A2/DIODE               1.500000    1.724614   -0.224614 (VIOLATED)
ANTENNA__108822__B/DIODE                1.500000    1.724598   -0.224598 (VIOLATED)
_108822_/B                              1.500000    1.724598   -0.224598 (VIOLATED)
ANTENNA_hold17193_X/DIODE               1.500000    1.724591   -0.224591 (VIOLATED)
_070002_/B2                             1.500000    1.724587   -0.224587 (VIOLATED)
ANTENNA__070002__B2/DIODE               1.500000    1.724586   -0.224586 (VIOLATED)
ANTENNA_fanout10021_A/DIODE             1.500000    1.724585   -0.224585 (VIOLATED)
fanout10021/A                           1.500000    1.724585   -0.224585 (VIOLATED)
ANTENNA__070001__A/DIODE                1.500000    1.724583   -0.224583 (VIOLATED)
_070001_/A                              1.500000    1.724584   -0.224584 (VIOLATED)
_069940_/B2                             1.500000    1.724583   -0.224583 (VIOLATED)
ANTENNA__069939__A/DIODE                1.500000    1.724582   -0.224582 (VIOLATED)
_069939_/A                              1.500000    1.724582   -0.224582 (VIOLATED)
ANTENNA__069940__B2/DIODE               1.500000    1.724582   -0.224582 (VIOLATED)
ANTENNA_hold18089_X/DIODE               1.500000    1.724581   -0.224581 (VIOLATED)
hold17793/X                             1.498918    1.723257   -0.224339 (VIOLATED)
ANTENNA__094500__B/DIODE                1.500000    1.723264   -0.223264 (VIOLATED)
_094500_/B                              1.500000    1.723264   -0.223264 (VIOLATED)
ANTENNA_fanout8840_A/DIODE              1.500000    1.723261   -0.223261 (VIOLATED)
fanout8840/A                            1.500000    1.723261   -0.223261 (VIOLATED)
ANTENNA__094147__A1/DIODE               1.500000    1.723260   -0.223260 (VIOLATED)
_094147_/A1                             1.500000    1.723260   -0.223260 (VIOLATED)
_094146_/A1                             1.500000    1.723260   -0.223260 (VIOLATED)
_094205_/A1                             1.500000    1.723260   -0.223260 (VIOLATED)
ANTENNA__094146__A1/DIODE               1.500000    1.723260   -0.223260 (VIOLATED)
ANTENNA__094205__A1/DIODE               1.500000    1.723260   -0.223260 (VIOLATED)
_093742_/B                              1.500000    1.723259   -0.223259 (VIOLATED)
ANTENNA__093742__B/DIODE                1.500000    1.723259   -0.223259 (VIOLATED)
ANTENNA__094108__A/DIODE                1.500000    1.723258   -0.223258 (VIOLATED)
_094108_/A                              1.500000    1.723258   -0.223258 (VIOLATED)
ANTENNA__093667__B/DIODE                1.500000    1.723257   -0.223257 (VIOLATED)
ANTENNA__094075__A/DIODE                1.500000    1.723257   -0.223257 (VIOLATED)
ANTENNA__094076__A/DIODE                1.500000    1.723257   -0.223257 (VIOLATED)
ANTENNA_hold17793_X/DIODE               1.500000    1.723257   -0.223257 (VIOLATED)
_093667_/B                              1.500000    1.723257   -0.223257 (VIOLATED)
_094075_/A                              1.500000    1.723257   -0.223257 (VIOLATED)
_094076_/A                              1.500000    1.723257   -0.223257 (VIOLATED)
wire6600/A                              1.500000    1.716015   -0.216015 (VIOLATED)
ANTENNA_1387/DIODE                      1.500000    1.716013   -0.216013 (VIOLATED)
ANTENNA_1388/DIODE                      1.500000    1.716013   -0.216013 (VIOLATED)
ANTENNA_1390/DIODE                      1.500000    1.716013   -0.216013 (VIOLATED)
ANTENNA_1392/DIODE                      1.500000    1.716012   -0.216012 (VIOLATED)
ANTENNA_1251/DIODE                      1.500000    1.716012   -0.216012 (VIOLATED)
ANTENNA_1389/DIODE                      1.500000    1.716012   -0.216012 (VIOLATED)
ANTENNA_1252/DIODE                      1.500000    1.716012   -0.216012 (VIOLATED)
ANTENNA_1365/DIODE                      1.500000    1.716012   -0.216012 (VIOLATED)
ANTENNA_wire6600_A/DIODE                1.500000    1.716011   -0.216011 (VIOLATED)
ANTENNA_1391/DIODE                      1.500000    1.716009   -0.216009 (VIOLATED)
ANTENNA_1253/DIODE                      1.500000    1.716009   -0.216009 (VIOLATED)
ANTENNA_wire6601_X/DIODE                1.500000    1.715203   -0.215203 (VIOLATED)
wire6601/X                              1.500000    1.715201   -0.215201 (VIOLATED)
wire6534/A                              1.500000    1.710650   -0.210650 (VIOLATED)
ANTENNA_wire6534_A/DIODE                1.500000    1.710648   -0.210648 (VIOLATED)
hold10870/X                             1.498918    1.708939   -0.210021 (VIOLATED)
ANTENNA_hold10870_X/DIODE               1.500000    1.708939   -0.208939 (VIOLATED)
ANTENNA_hold35903_A/DIODE               1.500000    1.708939   -0.208939 (VIOLATED)
hold35903/A                             1.500000    1.708939   -0.208939 (VIOLATED)
wire3659/A                              1.500000    1.708084   -0.208085 (VIOLATED)
ANTENNA_1224/DIODE                      1.500000    1.708084   -0.208084 (VIOLATED)
ANTENNA_1222/DIODE                      1.500000    1.708084   -0.208084 (VIOLATED)
ANTENNA_1220/DIODE                      1.500000    1.708083   -0.208083 (VIOLATED)
ANTENNA_576/DIODE                       1.500000    1.708076   -0.208076 (VIOLATED)
ANTENNA_1219/DIODE                      1.500000    1.708075   -0.208075 (VIOLATED)
ANTENNA_1223/DIODE                      1.500000    1.708075   -0.208075 (VIOLATED)
ANTENNA_1221/DIODE                      1.500000    1.708075   -0.208075 (VIOLATED)
ANTENNA_wire3659_A/DIODE                1.500000    1.708041   -0.208041 (VIOLATED)
hold14930/X                             1.498918    1.705157   -0.206239 (VIOLATED)
ANTENNA_fanout6078_A/DIODE              1.500000    1.705186   -0.205187 (VIOLATED)
fanout6078/A                            1.500000    1.705187   -0.205187 (VIOLATED)
ANTENNA__079605__A_N/DIODE              1.500000    1.705185   -0.205185 (VIOLATED)
_079605_/A_N                            1.500000    1.705184   -0.205184 (VIOLATED)
_079489_/B                              1.500000    1.705183   -0.205183 (VIOLATED)
ANTENNA__079489__B/DIODE                1.500000    1.705183   -0.205183 (VIOLATED)
_079543_/A                              1.500000    1.705168   -0.205168 (VIOLATED)
ANTENNA__079543__A/DIODE                1.500000    1.705167   -0.205167 (VIOLATED)
_079819_/B                              1.500000    1.705166   -0.205166 (VIOLATED)
ANTENNA__079819__B/DIODE                1.500000    1.705166   -0.205166 (VIOLATED)
_079179_/B1                             1.500000    1.705166   -0.205166 (VIOLATED)
ANTENNA__079179__B1/DIODE               1.500000    1.705165   -0.205165 (VIOLATED)
ANTENNA__079628__B2/DIODE               1.500000    1.705157   -0.205157 (VIOLATED)
ANTENNA_hold14930_X/DIODE               1.500000    1.705157   -0.205157 (VIOLATED)
_079628_/B2                             1.500000    1.705157   -0.205157 (VIOLATED)
hold16376/X                             1.498918    1.700232   -0.201314 (VIOLATED)
hold16454/X                             1.498918    1.699828   -0.200910 (VIOLATED)
_104884_/C1                             1.500000    1.700253   -0.200253 (VIOLATED)
_104885_/A2                             1.500000    1.700253   -0.200253 (VIOLATED)
ANTENNA__104884__C1/DIODE               1.500000    1.700252   -0.200252 (VIOLATED)
ANTENNA__104885__A2/DIODE               1.500000    1.700252   -0.200252 (VIOLATED)
_104986_/A2                             1.500000    1.700248   -0.200248 (VIOLATED)
ANTENNA__104986__A2/DIODE               1.500000    1.700248   -0.200248 (VIOLATED)
_104714_/B                              1.500000    1.700243   -0.200243 (VIOLATED)
ANTENNA__104714__B/DIODE                1.500000    1.700243   -0.200243 (VIOLATED)
_105064_/A2                             1.500000    1.700240   -0.200240 (VIOLATED)
_104930_/B                              1.500000    1.700239   -0.200239 (VIOLATED)
ANTENNA__105064__A2/DIODE               1.500000    1.700239   -0.200239 (VIOLATED)
ANTENNA__104930__B/DIODE                1.500000    1.700239   -0.200239 (VIOLATED)
ANTENNA__104987__B/DIODE                1.500000    1.700232   -0.200232 (VIOLATED)
ANTENNA__105037__A2/DIODE               1.500000    1.700232   -0.200232 (VIOLATED)
ANTENNA__105067__B/DIODE                1.500000    1.700232   -0.200232 (VIOLATED)
ANTENNA_fanout7942_A/DIODE              1.500000    1.700232   -0.200232 (VIOLATED)
ANTENNA_hold16376_X/DIODE               1.500000    1.700232   -0.200232 (VIOLATED)
_104987_/B                              1.500000    1.700232   -0.200232 (VIOLATED)
_105037_/A2                             1.500000    1.700232   -0.200232 (VIOLATED)
_105067_/B                              1.500000    1.700232   -0.200232 (VIOLATED)
fanout7942/A                            1.500000    1.700232   -0.200232 (VIOLATED)
ANTENNA__088568__B/DIODE                1.500000    1.699839   -0.199839 (VIOLATED)
_088567_/A1                             1.500000    1.699839   -0.199839 (VIOLATED)
_088568_/B                              1.500000    1.699839   -0.199839 (VIOLATED)
ANTENNA__088567__A1/DIODE               1.500000    1.699839   -0.199839 (VIOLATED)
ANTENNA__088572__A1/DIODE               1.500000    1.699835   -0.199835 (VIOLATED)
_088572_/A1                             1.500000    1.699835   -0.199835 (VIOLATED)
_088571_/A                              1.500000    1.699833   -0.199833 (VIOLATED)
fanout8871/A                            1.500000    1.699831   -0.199831 (VIOLATED)
ANTENNA__088571__A/DIODE                1.500000    1.699831   -0.199831 (VIOLATED)
ANTENNA_fanout8871_A/DIODE              1.500000    1.699831   -0.199831 (VIOLATED)
_088682_/A                              1.500000    1.699831   -0.199831 (VIOLATED)
ANTENNA__088582__A/DIODE                1.500000    1.699828   -0.199828 (VIOLATED)
ANTENNA__088682__A/DIODE                1.500000    1.699828   -0.199828 (VIOLATED)
ANTENNA__088725__A/DIODE                1.500000    1.699828   -0.199828 (VIOLATED)
ANTENNA__088874__A1/DIODE               1.500000    1.699828   -0.199828 (VIOLATED)
ANTENNA_hold16454_X/DIODE               1.500000    1.699828   -0.199828 (VIOLATED)
ANTENNA_hold37963_A/DIODE               1.500000    1.699828   -0.199828 (VIOLATED)
_088582_/A                              1.500000    1.699828   -0.199828 (VIOLATED)
_088725_/A                              1.500000    1.699828   -0.199828 (VIOLATED)
_088874_/A1                             1.500000    1.699828   -0.199828 (VIOLATED)
hold37963/A                             1.500000    1.699828   -0.199828 (VIOLATED)
ANTENNA_wire3660_X/DIODE                1.500000    1.693166   -0.193166 (VIOLATED)
wire3660/X                              1.500000    1.693158   -0.193158 (VIOLATED)
hold15857/X                             1.498918    1.690831   -0.191913 (VIOLATED)
_060819_/A                              1.500000    1.690908   -0.190908 (VIOLATED)
ANTENNA__060819__A/DIODE                1.500000    1.690908   -0.190908 (VIOLATED)
_091394_/A_N                            1.500000    1.690889   -0.190889 (VIOLATED)
ANTENNA__091394__A_N/DIODE              1.500000    1.690888   -0.190888 (VIOLATED)
_091420_/A                              1.500000    1.690883   -0.190883 (VIOLATED)
ANTENNA__091420__A/DIODE                1.500000    1.690882   -0.190883 (VIOLATED)
ANTENNA__091278__A/DIODE                1.500000    1.690882   -0.190882 (VIOLATED)
_091278_/A                              1.500000    1.690881   -0.190881 (VIOLATED)
_091234_/A                              1.500000    1.690875   -0.190875 (VIOLATED)
ANTENNA__091234__A/DIODE                1.500000    1.690875   -0.190875 (VIOLATED)
_091300_/A1                             1.500000    1.690865   -0.190865 (VIOLATED)
ANTENNA__091300__A1/DIODE               1.500000    1.690861   -0.190861 (VIOLATED)
ANTENNA__091233__A/DIODE                1.500000    1.690845   -0.190845 (VIOLATED)
_091233_/A                              1.500000    1.690845   -0.190845 (VIOLATED)
ANTENNA__091110__B2/DIODE               1.500000    1.690831   -0.190831 (VIOLATED)
ANTENNA_fanout8961_A/DIODE              1.500000    1.690831   -0.190831 (VIOLATED)
ANTENNA_hold15857_X/DIODE               1.500000    1.690831   -0.190831 (VIOLATED)
_091110_/B2                             1.500000    1.690831   -0.190831 (VIOLATED)
fanout8961/A                            1.500000    1.690831   -0.190831 (VIOLATED)
hold16808/X                             1.498918    1.685165   -0.186247 (VIOLATED)
_078215_/B1                             1.500000    1.685203   -0.185204 (VIOLATED)
ANTENNA__078215__B1/DIODE               1.500000    1.685203   -0.185203 (VIOLATED)
fanout9763/A                            1.500000    1.685174   -0.185174 (VIOLATED)
ANTENNA_fanout9763_A/DIODE              1.500000    1.685174   -0.185174 (VIOLATED)
_078287_/B2                             1.500000    1.685170   -0.185170 (VIOLATED)
ANTENNA__078287__B2/DIODE               1.500000    1.685169   -0.185169 (VIOLATED)
_078288_/A                              1.500000    1.685169   -0.185169 (VIOLATED)
ANTENNA__078327__A/DIODE                1.500000    1.685167   -0.185167 (VIOLATED)
_078327_/A                              1.500000    1.685167   -0.185167 (VIOLATED)
ANTENNA__078288__A/DIODE                1.500000    1.685166   -0.185166 (VIOLATED)
ANTENNA__078379__A1/DIODE               1.500000    1.685165   -0.185165 (VIOLATED)
ANTENNA_fanout9762_A/DIODE              1.500000    1.685165   -0.185165 (VIOLATED)
ANTENNA_hold16808_X/DIODE               1.500000    1.685165   -0.185165 (VIOLATED)
_078379_/A1                             1.500000    1.685165   -0.185165 (VIOLATED)
fanout9762/A                            1.500000    1.685165   -0.185165 (VIOLATED)
hold16849/X                             1.498918    1.677606   -0.178688 (VIOLATED)
_106422_/B1                             1.500000    1.677724   -0.177724 (VIOLATED)
_106421_/D                              1.500000    1.677723   -0.177723 (VIOLATED)
ANTENNA__106421__D/DIODE                1.500000    1.677723   -0.177723 (VIOLATED)
ANTENNA__106422__B1/DIODE               1.500000    1.677722   -0.177722 (VIOLATED)
fanout5873/A                            1.500000    1.677711   -0.177711 (VIOLATED)
ANTENNA_fanout5873_A/DIODE              1.500000    1.677710   -0.177710 (VIOLATED)
_106452_/B1                             1.500000    1.677705   -0.177705 (VIOLATED)
ANTENNA__106452__B1/DIODE               1.500000    1.677705   -0.177705 (VIOLATED)
_106451_/D                              1.500000    1.677704   -0.177704 (VIOLATED)
ANTENNA__106451__D/DIODE                1.500000    1.677703   -0.177704 (VIOLATED)
_106530_/D                              1.500000    1.677703   -0.177703 (VIOLATED)
ANTENNA__106530__D/DIODE                1.500000    1.677702   -0.177702 (VIOLATED)
_106490_/D                              1.500000    1.677671   -0.177671 (VIOLATED)
ANTENNA__106490__D/DIODE                1.500000    1.677669   -0.177669 (VIOLATED)
_106492_/B1                             1.500000    1.677649   -0.177649 (VIOLATED)
_106491_/D                              1.500000    1.677649   -0.177649 (VIOLATED)
ANTENNA__106492__B1/DIODE               1.500000    1.677639   -0.177639 (VIOLATED)
ANTENNA__106491__D/DIODE                1.500000    1.677628   -0.177628 (VIOLATED)
ANTENNA__106356__B/DIODE                1.500000    1.677607   -0.177607 (VIOLATED)
_106356_/B                              1.500000    1.677607   -0.177607 (VIOLATED)
ANTENNA_hold16849_X/DIODE               1.500000    1.677606   -0.177606 (VIOLATED)
hold15302/X                             1.498918    1.670126   -0.171208 (VIOLATED)
_102231_/D                              1.500000    1.671026   -0.171026 (VIOLATED)
ANTENNA__102231__D/DIODE                1.500000    1.671023   -0.171023 (VIOLATED)
_102260_/A2                             1.500000    1.671020   -0.171020 (VIOLATED)
ANTENNA__102260__A2/DIODE               1.500000    1.671017   -0.171017 (VIOLATED)
ANTENNA_fanout8329_A/DIODE              1.500000    1.670333   -0.170333 (VIOLATED)
fanout8329/A                            1.500000    1.670333   -0.170333 (VIOLATED)
_102602_/A1                             1.500000    1.670266   -0.170266 (VIOLATED)
_102533_/A                              1.500000    1.670265   -0.170265 (VIOLATED)
ANTENNA__102602__A1/DIODE               1.500000    1.670264   -0.170264 (VIOLATED)
ANTENNA__102533__A/DIODE                1.500000    1.670263   -0.170263 (VIOLATED)
_102656_/A1                             1.500000    1.670178   -0.170178 (VIOLATED)
ANTENNA__102656__A1/DIODE               1.500000    1.670173   -0.170173 (VIOLATED)
_102597_/A                              1.500000    1.670156   -0.170156 (VIOLATED)
ANTENNA__102597__A/DIODE                1.500000    1.670149   -0.170149 (VIOLATED)
_102667_/A                              1.500000    1.670142   -0.170142 (VIOLATED)
ANTENNA__102667__A/DIODE                1.500000    1.670142   -0.170142 (VIOLATED)
_102692_/A1                             1.500000    1.670140   -0.170140 (VIOLATED)
ANTENNA__102692__A1/DIODE               1.500000    1.670139   -0.170139 (VIOLATED)
ANTENNA_hold15302_X/DIODE               1.500000    1.670126   -0.170126 (VIOLATED)
ANTENNA_hold38141_A/DIODE               1.500000    1.670126   -0.170126 (VIOLATED)
hold38141/A                             1.500000    1.670126   -0.170126 (VIOLATED)
hold17303/X                             1.498918    1.653343   -0.154425 (VIOLATED)
fanout5871/A                            1.500000    1.653403   -0.153403 (VIOLATED)
ANTENNA_fanout5871_A/DIODE              1.500000    1.653403   -0.153403 (VIOLATED)
_106693_/A2                             1.500000    1.653393   -0.153393 (VIOLATED)
ANTENNA__106693__A2/DIODE               1.500000    1.653392   -0.153392 (VIOLATED)
_106502_/A2                             1.500000    1.653385   -0.153385 (VIOLATED)
ANTENNA__106502__A2/DIODE               1.500000    1.653384   -0.153385 (VIOLATED)
_106532_/B                              1.500000    1.653385   -0.153385 (VIOLATED)
_106449_/B                              1.500000    1.653384   -0.153384 (VIOLATED)
ANTENNA__106532__B/DIODE                1.500000    1.653384   -0.153384 (VIOLATED)
ANTENNA__106449__B/DIODE                1.500000    1.653382   -0.153382 (VIOLATED)
_106497_/A2                             1.500000    1.653380   -0.153380 (VIOLATED)
ANTENNA__106497__A2/DIODE               1.500000    1.653379   -0.153379 (VIOLATED)
_106524_/A2                             1.500000    1.653371   -0.153371 (VIOLATED)
ANTENNA__106524__A2/DIODE               1.500000    1.653371   -0.153371 (VIOLATED)
_106523_/B                              1.500000    1.653358   -0.153358 (VIOLATED)
ANTENNA__106523__B/DIODE                1.500000    1.653348   -0.153349 (VIOLATED)
ANTENNA__106551__A2/DIODE               1.500000    1.653348   -0.153349 (VIOLATED)
_106551_/A2                             1.500000    1.653348   -0.153348 (VIOLATED)
ANTENNA__106357__B/DIODE                1.500000    1.653343   -0.153343 (VIOLATED)
ANTENNA_hold17303_X/DIODE               1.500000    1.653343   -0.153343 (VIOLATED)
_106357_/B                              1.500000    1.653343   -0.153343 (VIOLATED)
ANTENNA_1262/DIODE                      1.500000    1.649925   -0.149925 (VIOLATED)
ANTENNA_1263/DIODE                      1.500000    1.649925   -0.149925 (VIOLATED)
ANTENNA_1261/DIODE                      1.500000    1.649924   -0.149924 (VIOLATED)
ANTENNA_1266/DIODE                      1.500000    1.649924   -0.149924 (VIOLATED)
wire6773/A                              1.500000    1.649923   -0.149923 (VIOLATED)
ANTENNA_1264/DIODE                      1.500000    1.649920   -0.149920 (VIOLATED)
ANTENNA_1265/DIODE                      1.500000    1.649920   -0.149920 (VIOLATED)
hold14022/X                             1.498918    1.648835   -0.149917 (VIOLATED)
ANTENNA_wire6773_A/DIODE                1.500000    1.649914   -0.149914 (VIOLATED)
_091110_/A1                             1.500000    1.649088   -0.149088 (VIOLATED)
ANTENNA__091110__A1/DIODE               1.500000    1.649087   -0.149087 (VIOLATED)
_091119_/A                              1.500000    1.649035   -0.149036 (VIOLATED)
ANTENNA__091119__A/DIODE                1.500000    1.649034   -0.149034 (VIOLATED)
fanout8705/A                            1.500000    1.649023   -0.149023 (VIOLATED)
ANTENNA_fanout8705_A/DIODE              1.500000    1.649022   -0.149022 (VIOLATED)
fanout8704/A                            1.500000    1.649008   -0.149008 (VIOLATED)
ANTENNA_fanout8704_A/DIODE              1.500000    1.649008   -0.149008 (VIOLATED)
_091139_/A                              1.500000    1.648996   -0.148996 (VIOLATED)
_091140_/A1                             1.500000    1.648994   -0.148994 (VIOLATED)
ANTENNA__091139__A/DIODE                1.500000    1.648994   -0.148994 (VIOLATED)
ANTENNA__091140__A1/DIODE               1.500000    1.648993   -0.148993 (VIOLATED)
_091160_/A1                             1.500000    1.648992   -0.148992 (VIOLATED)
ANTENNA_wire6774_X/DIODE                1.500000    1.648986   -0.148986 (VIOLATED)
ANTENNA__091160__A1/DIODE               1.500000    1.648984   -0.148984 (VIOLATED)
wire6774/X                              1.500000    1.648983   -0.148983 (VIOLATED)
_091161_/A                              1.500000    1.648975   -0.148975 (VIOLATED)
ANTENNA__091161__A/DIODE                1.500000    1.648966   -0.148966 (VIOLATED)
ANTENNA_hold14022_X/DIODE               1.500000    1.648835   -0.148835 (VIOLATED)
ANTENNA_hold37288_A/DIODE               1.500000    1.648835   -0.148835 (VIOLATED)
hold37288/A                             1.500000    1.648835   -0.148835 (VIOLATED)
hold13865/X                             1.498918    1.639489   -0.140571 (VIOLATED)
hold28081/X                             1.498918    1.638926   -0.140008 (VIOLATED)
_116429_/A1                             1.500000    1.639653   -0.139653 (VIOLATED)
ANTENNA__116429__A1/DIODE               1.500000    1.639652   -0.139652 (VIOLATED)
_076707_/A                              1.500000    1.639544   -0.139545 (VIOLATED)
_076733_/A1                             1.500000    1.639544   -0.139544 (VIOLATED)
ANTENNA__076707__A/DIODE                1.500000    1.639544   -0.139544 (VIOLATED)
ANTENNA__076733__A1/DIODE               1.500000    1.639544   -0.139544 (VIOLATED)
ANTENNA__076711__A/DIODE                1.500000    1.639489   -0.139489 (VIOLATED)
ANTENNA_hold13865_X/DIODE               1.500000    1.639489   -0.139489 (VIOLATED)
_076711_/A                              1.500000    1.639489   -0.139489 (VIOLATED)
wire6856/A                              1.500000    1.638953   -0.138953 (VIOLATED)
ANTENNA_wire6856_A/DIODE                1.500000    1.638953   -0.138953 (VIOLATED)
ANTENNA__117447__A0/DIODE               1.500000    1.638926   -0.138926 (VIOLATED)
ANTENNA_hold28081_X/DIODE               1.500000    1.638926   -0.138926 (VIOLATED)
_117447_/A0                             1.500000    1.638926   -0.138926 (VIOLATED)
wire6480/A                              1.500000    1.631221   -0.131221 (VIOLATED)
ANTENNA_wire6480_A/DIODE                1.500000    1.631216   -0.131216 (VIOLATED)
hold7139/X                              1.498918    1.629699   -0.130781 (VIOLATED)
ANTENNA_hold35768_A/DIODE               1.500000    1.629699   -0.129699 (VIOLATED)
ANTENNA_hold7139_X/DIODE                1.500000    1.629699   -0.129699 (VIOLATED)
hold35768/A                             1.500000    1.629699   -0.129699 (VIOLATED)
wire3663/A                              1.500000    1.626130   -0.126130 (VIOLATED)
ANTENNA_wire3663_A/DIODE                1.500000    1.626125   -0.126125 (VIOLATED)
hold16231/X                             1.498918    1.620402   -0.121484 (VIOLATED)
_096537_/A1                             1.500000    1.620468   -0.120468 (VIOLATED)
ANTENNA__096537__A1/DIODE               1.500000    1.620467   -0.120467 (VIOLATED)
_096535_/A2                             1.500000    1.620464   -0.120464 (VIOLATED)
ANTENNA__096535__A2/DIODE               1.500000    1.620462   -0.120462 (VIOLATED)
_096536_/A2                             1.500000    1.620457   -0.120457 (VIOLATED)
ANTENNA__096536__A2/DIODE               1.500000    1.620456   -0.120456 (VIOLATED)
_060789_/A                              1.500000    1.620436   -0.120436 (VIOLATED)
ANTENNA__060789__A/DIODE                1.500000    1.620436   -0.120436 (VIOLATED)
_096423_/B                              1.500000    1.620426   -0.120426 (VIOLATED)
ANTENNA__096423__B/DIODE                1.500000    1.620425   -0.120426 (VIOLATED)
_096421_/B2                             1.500000    1.620410   -0.120410 (VIOLATED)
ANTENNA__096421__B2/DIODE               1.500000    1.620408   -0.120408 (VIOLATED)
_096424_/B                              1.500000    1.620407   -0.120407 (VIOLATED)
ANTENNA__096424__B/DIODE                1.500000    1.620405   -0.120405 (VIOLATED)
ANTENNA__096331__B/DIODE                1.500000    1.620402   -0.120402 (VIOLATED)
ANTENNA_fanout8428_A/DIODE              1.500000    1.620402   -0.120402 (VIOLATED)
ANTENNA_hold16231_X/DIODE               1.500000    1.620402   -0.120402 (VIOLATED)
_096331_/B                              1.500000    1.620402   -0.120402 (VIOLATED)
fanout8428/A                            1.500000    1.620402   -0.120402 (VIOLATED)
ANTENNA_wire3664_X/DIODE                1.500000    1.619974   -0.119974 (VIOLATED)
wire3664/X                              1.500000    1.619968   -0.119968 (VIOLATED)
hold17540/X                             1.498918    1.614242   -0.115324 (VIOLATED)
_108833_/A1                             1.500000    1.614255   -0.114255 (VIOLATED)
ANTENNA__108834__B/DIODE                1.500000    1.614255   -0.114255 (VIOLATED)
_108834_/B                              1.500000    1.614255   -0.114255 (VIOLATED)
ANTENNA__108833__A1/DIODE               1.500000    1.614254   -0.114254 (VIOLATED)
_108837_/B2                             1.500000    1.614245   -0.114245 (VIOLATED)
ANTENNA__108837__B2/DIODE               1.500000    1.614245   -0.114245 (VIOLATED)
ANTENNA__060714__A/DIODE                1.500000    1.614242   -0.114242 (VIOLATED)
ANTENNA__108868__A/DIODE                1.500000    1.614242   -0.114242 (VIOLATED)
ANTENNA__108889__A/DIODE                1.500000    1.614242   -0.114242 (VIOLATED)
ANTENNA__108922__B2/DIODE               1.500000    1.614242   -0.114242 (VIOLATED)
ANTENNA__108944__A/DIODE                1.500000    1.614242   -0.114242 (VIOLATED)
ANTENNA__108996__A/DIODE                1.500000    1.614242   -0.114242 (VIOLATED)
ANTENNA_hold17540_X/DIODE               1.500000    1.614242   -0.114242 (VIOLATED)
_060714_/A                              1.500000    1.614242   -0.114242 (VIOLATED)
_108868_/A                              1.500000    1.614242   -0.114242 (VIOLATED)
_108889_/A                              1.500000    1.614242   -0.114242 (VIOLATED)
_108922_/B2                             1.500000    1.614242   -0.114242 (VIOLATED)
_108944_/A                              1.500000    1.614242   -0.114242 (VIOLATED)
_108996_/A                              1.500000    1.614242   -0.114242 (VIOLATED)
hold15028/X                             1.498918    1.610896   -0.111978 (VIOLATED)
_109373_/A2                             1.500000    1.611203   -0.111203 (VIOLATED)
ANTENNA__109373__A2/DIODE               1.500000    1.611200   -0.111200 (VIOLATED)
_109276_/B                              1.500000    1.611194   -0.111194 (VIOLATED)
ANTENNA__109276__B/DIODE                1.500000    1.611192   -0.111192 (VIOLATED)
_108944_/B                              1.500000    1.611132   -0.111132 (VIOLATED)
ANTENNA__108944__B/DIODE                1.500000    1.611130   -0.111130 (VIOLATED)
_108997_/B                              1.500000    1.611099   -0.111099 (VIOLATED)
ANTENNA__108997__B/DIODE                1.500000    1.611099   -0.111099 (VIOLATED)
fanout7960/A                            1.500000    1.611083   -0.111083 (VIOLATED)
ANTENNA_fanout7960_A/DIODE              1.500000    1.611075   -0.111075 (VIOLATED)
ANTENNA_hold15028_X/DIODE               1.500000    1.610896   -0.110896 (VIOLATED)
ANTENNA_hold37575_A/DIODE               1.500000    1.610896   -0.110896 (VIOLATED)
hold37575/A                             1.500000    1.610896   -0.110896 (VIOLATED)
hold17004/X                             1.498918    1.605504   -0.106586 (VIOLATED)
hold15232/X                             1.498918    1.605246   -0.106328 (VIOLATED)
_107284_/C                              1.500000    1.605567   -0.105568 (VIOLATED)
ANTENNA__107284__C/DIODE                1.500000    1.605566   -0.105566 (VIOLATED)
ANTENNA__107283__C/DIODE                1.500000    1.605563   -0.105563 (VIOLATED)
_107283_/C                              1.500000    1.605563   -0.105563 (VIOLATED)
_107354_/A2                             1.500000    1.605550   -0.105550 (VIOLATED)
ANTENNA__107355__C/DIODE                1.500000    1.605542   -0.105542 (VIOLATED)
_107355_/C                              1.500000    1.605542   -0.105542 (VIOLATED)
ANTENNA__107354__A2/DIODE               1.500000    1.605538   -0.105538 (VIOLATED)
ANTENNA_fanout8049_A/DIODE              1.500000    1.605509   -0.105509 (VIOLATED)
fanout8049/A                            1.500000    1.605505   -0.105505 (VIOLATED)
ANTENNA__107623__A/DIODE                1.500000    1.605504   -0.105504 (VIOLATED)
ANTENNA__107628__A1/DIODE               1.500000    1.605504   -0.105504 (VIOLATED)
ANTENNA__107696__A/DIODE                1.500000    1.605504   -0.105504 (VIOLATED)
ANTENNA_hold17004_X/DIODE               1.500000    1.605504   -0.105504 (VIOLATED)
ANTENNA_hold37977_A/DIODE               1.500000    1.605504   -0.105504 (VIOLATED)
_107623_/A                              1.500000    1.605504   -0.105504 (VIOLATED)
_107628_/A1                             1.500000    1.605504   -0.105504 (VIOLATED)
_107696_/A                              1.500000    1.605504   -0.105504 (VIOLATED)
hold37977/A                             1.500000    1.605504   -0.105504 (VIOLATED)
_105023_/A1                             1.500000    1.605271   -0.105272 (VIOLATED)
ANTENNA__105023__A1/DIODE               1.500000    1.605271   -0.105271 (VIOLATED)
_105031_/A1                             1.500000    1.605268   -0.105268 (VIOLATED)
ANTENNA__105031__A1/DIODE               1.500000    1.605268   -0.105268 (VIOLATED)
_105030_/A                              1.500000    1.605265   -0.105265 (VIOLATED)
ANTENNA__105030__A/DIODE                1.500000    1.605265   -0.105265 (VIOLATED)
fanout7950/A                            1.500000    1.605263   -0.105263 (VIOLATED)
ANTENNA_fanout7950_A/DIODE              1.500000    1.605263   -0.105263 (VIOLATED)
_104779_/C                              1.500000    1.605256   -0.105256 (VIOLATED)
_104782_/A2                             1.500000    1.605256   -0.105256 (VIOLATED)
ANTENNA__104779__C/DIODE                1.500000    1.605255   -0.105255 (VIOLATED)
ANTENNA__104782__A2/DIODE               1.500000    1.605253   -0.105253 (VIOLATED)
ANTENNA__104778__A/DIODE                1.500000    1.605246   -0.105246 (VIOLATED)
ANTENNA__104852__A/DIODE                1.500000    1.605246   -0.105246 (VIOLATED)
ANTENNA__104925__A/DIODE                1.500000    1.605246   -0.105246 (VIOLATED)
ANTENNA_hold15232_X/DIODE               1.500000    1.605246   -0.105246 (VIOLATED)
ANTENNA_hold37832_A/DIODE               1.500000    1.605246   -0.105246 (VIOLATED)
_104778_/A                              1.500000    1.605246   -0.105246 (VIOLATED)
_104852_/A                              1.500000    1.605246   -0.105246 (VIOLATED)
_104925_/A                              1.500000    1.605246   -0.105246 (VIOLATED)
hold37832/A                             1.500000    1.605246   -0.105246 (VIOLATED)
hold17323/X                             1.498918    1.601239   -0.102321 (VIOLATED)
_075901_/B                              1.500000    1.601256   -0.101256 (VIOLATED)
ANTENNA__075901__B/DIODE                1.500000    1.601256   -0.101256 (VIOLATED)
fanout9929/A                            1.500000    1.601253   -0.101253 (VIOLATED)
ANTENNA__075204__A2/DIODE               1.500000    1.601252   -0.101252 (VIOLATED)
ANTENNA_fanout9929_A/DIODE              1.500000    1.601252   -0.101252 (VIOLATED)
_075204_/A2                             1.500000    1.601252   -0.101252 (VIOLATED)
_075258_/A                              1.500000    1.601243   -0.101243 (VIOLATED)
_075502_/A                              1.500000    1.601242   -0.101242 (VIOLATED)
ANTENNA__075502__A/DIODE                1.500000    1.601242   -0.101242 (VIOLATED)
ANTENNA__075258__A/DIODE                1.500000    1.601241   -0.101241 (VIOLATED)
ANTENNA__075503__A1/DIODE               1.500000    1.601240   -0.101240 (VIOLATED)
_075503_/A1                             1.500000    1.601240   -0.101240 (VIOLATED)
ANTENNA__075433__A/DIODE                1.500000    1.601239   -0.101239 (VIOLATED)
ANTENNA__075537__A/DIODE                1.500000    1.601239   -0.101239 (VIOLATED)
ANTENNA__075538__A/DIODE                1.500000    1.601239   -0.101239 (VIOLATED)
ANTENNA_hold17323_X/DIODE               1.500000    1.601239   -0.101239 (VIOLATED)
_075433_/A                              1.500000    1.601239   -0.101239 (VIOLATED)
_075537_/A                              1.500000    1.601239   -0.101239 (VIOLATED)
_075538_/A                              1.500000    1.601239   -0.101239 (VIOLATED)
hold18065/X                             1.498918    1.599837   -0.100919 (VIOLATED)
hold17636/X                             1.498918    1.599149   -0.100231 (VIOLATED)
_084708_/A1                             1.500000    1.599921   -0.099921 (VIOLATED)
_084707_/B                              1.500000    1.599921   -0.099921 (VIOLATED)
ANTENNA__084708__A1/DIODE               1.500000    1.599920   -0.099920 (VIOLATED)
ANTENNA__084707__B/DIODE                1.500000    1.599919   -0.099920 (VIOLATED)
_084652_/C                              1.500000    1.599909   -0.099909 (VIOLATED)
ANTENNA__084652__C/DIODE                1.500000    1.599907   -0.099907 (VIOLATED)
_084653_/A2                             1.500000    1.599905   -0.099906 (VIOLATED)
ANTENNA__084653__A2/DIODE               1.500000    1.599904   -0.099904 (VIOLATED)
_084603_/A2                             1.500000    1.599886   -0.099886 (VIOLATED)
_084602_/C                              1.500000    1.599885   -0.099886 (VIOLATED)
ANTENNA__084603__A2/DIODE               1.500000    1.599885   -0.099885 (VIOLATED)
ANTENNA__084602__C/DIODE                1.500000    1.599884   -0.099884 (VIOLATED)
_084574_/A2                             1.500000    1.599871   -0.099871 (VIOLATED)
_084573_/C                              1.500000    1.599858   -0.099858 (VIOLATED)
ANTENNA__084573__C/DIODE                1.500000    1.599855   -0.099855 (VIOLATED)
ANTENNA__084574__A2/DIODE               1.500000    1.599848   -0.099848 (VIOLATED)
ANTENNA__084506__B/DIODE                1.500000    1.599837   -0.099837 (VIOLATED)
ANTENNA__084551__B/DIODE                1.500000    1.599837   -0.099837 (VIOLATED)
ANTENNA_hold18065_X/DIODE               1.500000    1.599837   -0.099837 (VIOLATED)
_084506_/B                              1.500000    1.599837   -0.099837 (VIOLATED)
_084551_/B                              1.500000    1.599837   -0.099837 (VIOLATED)
_107316_/C                              1.500000    1.599237   -0.099237 (VIOLATED)
_107317_/A2                             1.500000    1.599236   -0.099236 (VIOLATED)
ANTENNA__107316__C/DIODE                1.500000    1.599234   -0.099234 (VIOLATED)
ANTENNA__107317__A2/DIODE               1.500000    1.599233   -0.099233 (VIOLATED)
_107315_/C                              1.500000    1.599230   -0.099230 (VIOLATED)
ANTENNA__107315__C/DIODE                1.500000    1.599227   -0.099227 (VIOLATED)
_107274_/C                              1.500000    1.599219   -0.099219 (VIOLATED)
ANTENNA__107274__C/DIODE                1.500000    1.599218   -0.099219 (VIOLATED)
_107273_/C                              1.500000    1.599213   -0.099213 (VIOLATED)
ANTENNA__107273__C/DIODE                1.500000    1.599211   -0.099212 (VIOLATED)
_107275_/A2                             1.500000    1.599209   -0.099209 (VIOLATED)
ANTENNA__107275__A2/DIODE               1.500000    1.599209   -0.099209 (VIOLATED)
_107245_/A2                             1.500000    1.599181   -0.099181 (VIOLATED)
_107243_/C                              1.500000    1.599176   -0.099176 (VIOLATED)
ANTENNA__107243__C/DIODE                1.500000    1.599176   -0.099176 (VIOLATED)
ANTENNA__107245__A2/DIODE               1.500000    1.599166   -0.099166 (VIOLATED)
_107220_/B                              1.500000    1.599151   -0.099151 (VIOLATED)
ANTENNA__107220__B/DIODE                1.500000    1.599149   -0.099150 (VIOLATED)
ANTENNA__107184__B/DIODE                1.500000    1.599149   -0.099149 (VIOLATED)
ANTENNA_hold17636_X/DIODE               1.500000    1.599149   -0.099149 (VIOLATED)
_107184_/B                              1.500000    1.599149   -0.099149 (VIOLATED)
hold18047/X                             1.498918    1.587918   -0.089000 (VIOLATED)
_095722_/B1                             1.500000    1.588059   -0.088059 (VIOLATED)
ANTENNA__095722__B1/DIODE               1.500000    1.588058   -0.088058 (VIOLATED)
_095724_/D                              1.500000    1.588056   -0.088056 (VIOLATED)
ANTENNA__095724__D/DIODE                1.500000    1.588055   -0.088055 (VIOLATED)
_096017_/A1                             1.500000    1.588039   -0.088039 (VIOLATED)
ANTENNA__096017__A1/DIODE               1.500000    1.588038   -0.088038 (VIOLATED)
_095938_/A1                             1.500000    1.588037   -0.088037 (VIOLATED)
ANTENNA__095938__A1/DIODE               1.500000    1.588037   -0.088037 (VIOLATED)
fanout8742/A                            1.500000    1.588034   -0.088034 (VIOLATED)
ANTENNA__095933__A1/DIODE               1.500000    1.588032   -0.088032 (VIOLATED)
_095933_/A1                             1.500000    1.588031   -0.088031 (VIOLATED)
ANTENNA_fanout8742_A/DIODE              1.500000    1.588031   -0.088031 (VIOLATED)
ANTENNA__095867__A/DIODE                1.500000    1.588019   -0.088019 (VIOLATED)
_095867_/A                              1.500000    1.588018   -0.088018 (VIOLATED)
ANTENNA__095866__A/DIODE                1.500000    1.587988   -0.087988 (VIOLATED)
_095866_/A                              1.500000    1.587978   -0.087978 (VIOLATED)
ANTENNA__095958__A/DIODE                1.500000    1.587952   -0.087953 (VIOLATED)
_095958_/A                              1.500000    1.587952   -0.087952 (VIOLATED)
ANTENNA__096218__B/DIODE                1.500000    1.587918   -0.087918 (VIOLATED)
ANTENNA_hold18047_X/DIODE               1.500000    1.587918   -0.087918 (VIOLATED)
_096218_/B                              1.500000    1.587918   -0.087918 (VIOLATED)
wire6351/A                              1.500000    1.584889   -0.084889 (VIOLATED)
ANTENNA_wire6351_A/DIODE                1.500000    1.584863   -0.084863 (VIOLATED)
hold8531/X                              1.498918    1.573424   -0.074506 (VIOLATED)
wire6784/A                              1.500000    1.574489   -0.074489 (VIOLATED)
ANTENNA_wire6784_A/DIODE                1.500000    1.574489   -0.074489 (VIOLATED)
ANTENNA_hold33766_A/DIODE               1.500000    1.573424   -0.073424 (VIOLATED)
ANTENNA_hold8531_X/DIODE                1.500000    1.573424   -0.073424 (VIOLATED)
hold33766/A                             1.500000    1.573424   -0.073424 (VIOLATED)
hold16438/X                             1.498918    1.571077   -0.072159 (VIOLATED)
_109637_/B                              1.500000    1.571101   -0.071101 (VIOLATED)
ANTENNA__109637__B/DIODE                1.500000    1.571100   -0.071100 (VIOLATED)
_109653_/B                              1.500000    1.571093   -0.071093 (VIOLATED)
ANTENNA__109653__B/DIODE                1.500000    1.571092   -0.071092 (VIOLATED)
ANTENNA__109736__A1/DIODE               1.500000    1.571087   -0.071087 (VIOLATED)
_109736_/A1                             1.500000    1.571087   -0.071087 (VIOLATED)
_109832_/A2                             1.500000    1.571086   -0.071086 (VIOLATED)
ANTENNA__109832__A2/DIODE               1.500000    1.571086   -0.071086 (VIOLATED)
ANTENNA__109674__B/DIODE                1.500000    1.571082   -0.071082 (VIOLATED)
ANTENNA__109609__B/DIODE                1.500000    1.571082   -0.071082 (VIOLATED)
_109609_/B                              1.500000    1.571082   -0.071082 (VIOLATED)
_109674_/B                              1.500000    1.571082   -0.071082 (VIOLATED)
_109675_/B                              1.500000    1.571078   -0.071078 (VIOLATED)
ANTENNA__109675__B/DIODE                1.500000    1.571078   -0.071078 (VIOLATED)
ANTENNA_hold16438_X/DIODE               1.500000    1.571077   -0.071077 (VIOLATED)
hold12918/X                             1.498918    1.567162   -0.068244 (VIOLATED)
hold29246/X                             1.498918    1.566572   -0.067654 (VIOLATED)
_117781_/A1                             1.500000    1.567449   -0.067449 (VIOLATED)
ANTENNA__117781__A1/DIODE               1.500000    1.567449   -0.067449 (VIOLATED)
wire6423/A                              1.500000    1.567181   -0.067181 (VIOLATED)
ANTENNA_wire6423_A/DIODE                1.500000    1.567180   -0.067180 (VIOLATED)
ANTENNA_hold12918_X/DIODE               1.500000    1.567162   -0.067162 (VIOLATED)
ANTENNA_hold36165_A/DIODE               1.500000    1.567162   -0.067162 (VIOLATED)
hold36165/A                             1.500000    1.567162   -0.067162 (VIOLATED)
ANTENNA__093901__B1/DIODE               1.500000    1.566572   -0.066573 (VIOLATED)
ANTENNA__093902__A/DIODE                1.500000    1.566572   -0.066573 (VIOLATED)
ANTENNA__093907__A1/DIODE               1.500000    1.566572   -0.066573 (VIOLATED)
ANTENNA_hold29246_X/DIODE               1.500000    1.566572   -0.066573 (VIOLATED)
_093901_/B1                             1.500000    1.566572   -0.066573 (VIOLATED)
_093902_/A                              1.500000    1.566572   -0.066573 (VIOLATED)
_093907_/A1                             1.500000    1.566572   -0.066573 (VIOLATED)
_082872_/Y                              1.496266    1.551834   -0.055568 (VIOLATED)
wire3457/A                              1.500000    1.551864   -0.051864 (VIOLATED)
ANTENNA_wire3457_A/DIODE                1.500000    1.551864   -0.051864 (VIOLATED)
ANTENNA__082872__Y/DIODE                1.500000    1.551834   -0.051834 (VIOLATED)
hold25/X                                1.498918    1.550445   -0.051527 (VIOLATED)
_061212_/A                              1.500000    1.550479   -0.050479 (VIOLATED)
ANTENNA__061212__A/DIODE                1.500000    1.550479   -0.050479 (VIOLATED)
_114113_/A1                             1.500000    1.550477   -0.050477 (VIOLATED)
ANTENNA__114113__A1/DIODE               1.500000    1.550476   -0.050477 (VIOLATED)
ANTENNA__114552__A1/DIODE               1.500000    1.550449   -0.050450 (VIOLATED)
_114552_/A1                             1.500000    1.550449   -0.050450 (VIOLATED)
ANTENNA_fanout11098_A/DIODE             1.500000    1.550448   -0.050448 (VIOLATED)
fanout11098/A                           1.500000    1.550448   -0.050448 (VIOLATED)
ANTENNA__114856__A1/DIODE               1.500000    1.550445   -0.050445 (VIOLATED)
ANTENNA__115056__B2/DIODE               1.500000    1.550445   -0.050445 (VIOLATED)
ANTENNA_hold25_X/DIODE                  1.500000    1.550445   -0.050445 (VIOLATED)
ANTENNA_hold39359_A/DIODE               1.500000    1.550445   -0.050445 (VIOLATED)
_114856_/A1                             1.500000    1.550445   -0.050445 (VIOLATED)
_115056_/B2                             1.500000    1.550445   -0.050445 (VIOLATED)
hold39359/A                             1.500000    1.550445   -0.050445 (VIOLATED)
hold17605/X                             1.498918    1.548111   -0.049193 (VIOLATED)
fanout9469/A                            1.500000    1.548115   -0.048115 (VIOLATED)
ANTENNA_fanout9469_A/DIODE              1.500000    1.548115   -0.048115 (VIOLATED)
ANTENNA__082936__B2/DIODE               1.500000    1.548111   -0.048111 (VIOLATED)
ANTENNA__083013__A/DIODE                1.500000    1.548111   -0.048111 (VIOLATED)
ANTENNA__083014__B2/DIODE               1.500000    1.548111   -0.048111 (VIOLATED)
ANTENNA__083056__B2/DIODE               1.500000    1.548111   -0.048111 (VIOLATED)
ANTENNA__083057__A/DIODE                1.500000    1.548111   -0.048111 (VIOLATED)
ANTENNA__083058__A/DIODE                1.500000    1.548111   -0.048111 (VIOLATED)
ANTENNA__083102__A/DIODE                1.500000    1.548111   -0.048111 (VIOLATED)
ANTENNA__083680__B/DIODE                1.500000    1.548111   -0.048111 (VIOLATED)
ANTENNA_hold17605_X/DIODE               1.500000    1.548111   -0.048111 (VIOLATED)
_082936_/B2                             1.500000    1.548111   -0.048111 (VIOLATED)
_083013_/A                              1.500000    1.548111   -0.048111 (VIOLATED)
_083014_/B2                             1.500000    1.548111   -0.048111 (VIOLATED)
_083056_/B2                             1.500000    1.548111   -0.048111 (VIOLATED)
_083057_/A                              1.500000    1.548111   -0.048111 (VIOLATED)
_083058_/A                              1.500000    1.548111   -0.048111 (VIOLATED)
_083102_/A                              1.500000    1.548111   -0.048111 (VIOLATED)
_083680_/B                              1.500000    1.548111   -0.048111 (VIOLATED)
wire2997/A                              1.500000    1.542416   -0.042416 (VIOLATED)
ANTENNA_wire2997_A/DIODE                1.500000    1.542414   -0.042414 (VIOLATED)
hold14034/X                             1.498918    1.541267   -0.042349 (VIOLATED)
ANTENNA_wire2998_X/DIODE                1.500000    1.541643   -0.041643 (VIOLATED)
wire2998/X                              1.500000    1.541636   -0.041636 (VIOLATED)
ANTENNA_fanout10127_A/DIODE             1.500000    1.541311   -0.041311 (VIOLATED)
fanout10127/A                           1.500000    1.541311   -0.041311 (VIOLATED)
_071469_/B1                             1.500000    1.541302   -0.041302 (VIOLATED)
_071468_/D                              1.500000    1.541302   -0.041302 (VIOLATED)
ANTENNA__071468__D/DIODE                1.500000    1.541301   -0.041301 (VIOLATED)
ANTENNA__071469__B1/DIODE               1.500000    1.541301   -0.041301 (VIOLATED)
ANTENNA_fanout10128_A/DIODE             1.500000    1.541292   -0.041292 (VIOLATED)
fanout10128/A                           1.500000    1.541291   -0.041291 (VIOLATED)
_071504_/A2                             1.500000    1.541289   -0.041289 (VIOLATED)
ANTENNA__071504__A2/DIODE               1.500000    1.541288   -0.041289 (VIOLATED)
ANTENNA__071503__C/DIODE                1.500000    1.541288   -0.041288 (VIOLATED)
_071503_/C                              1.500000    1.541288   -0.041288 (VIOLATED)
_071547_/B1                             1.500000    1.541277   -0.041277 (VIOLATED)
ANTENNA__071547__B1/DIODE               1.500000    1.541274   -0.041274 (VIOLATED)
_071546_/D                              1.500000    1.541271   -0.041271 (VIOLATED)
ANTENNA__071546__D/DIODE                1.500000    1.541270   -0.041270 (VIOLATED)
ANTENNA_hold14034_X/DIODE               1.500000    1.541267   -0.041267 (VIOLATED)
ANTENNA_hold37409_A/DIODE               1.500000    1.541267   -0.041267 (VIOLATED)
hold37409/A                             1.500000    1.541267   -0.041267 (VIOLATED)
hold14882/X                             1.498918    1.537596   -0.038678 (VIOLATED)
_102301_/A1                             1.500000    1.537950   -0.037950 (VIOLATED)
ANTENNA__102301__A1/DIODE               1.500000    1.537949   -0.037949 (VIOLATED)
_102328_/A1                             1.500000    1.537944   -0.037944 (VIOLATED)
ANTENNA__102328__A1/DIODE               1.500000    1.537944   -0.037944 (VIOLATED)
_102451_/A                              1.500000    1.537917   -0.037917 (VIOLATED)
ANTENNA__102451__A/DIODE                1.500000    1.537916   -0.037916 (VIOLATED)
fanout8336/A                            1.500000    1.537825   -0.037825 (VIOLATED)
ANTENNA_fanout8336_A/DIODE              1.500000    1.537824   -0.037824 (VIOLATED)
_102203_/A                              1.500000    1.537791   -0.037791 (VIOLATED)
ANTENNA__102203__A/DIODE                1.500000    1.537791   -0.037791 (VIOLATED)
_102178_/B                              1.500000    1.537745   -0.037745 (VIOLATED)
ANTENNA__102178__B/DIODE                1.500000    1.537733   -0.037733 (VIOLATED)
ANTENNA__102188__C/DIODE                1.500000    1.537726   -0.037726 (VIOLATED)
_102188_/C                              1.500000    1.537719   -0.037719 (VIOLATED)
_102177_/B1                             1.500000    1.537624   -0.037624 (VIOLATED)
ANTENNA__102177__B1/DIODE               1.500000    1.537617   -0.037617 (VIOLATED)
ANTENNA_hold14882_X/DIODE               1.500000    1.537596   -0.037596 (VIOLATED)
ANTENNA_hold38073_A/DIODE               1.500000    1.537596   -0.037596 (VIOLATED)
hold38073/A                             1.500000    1.537596   -0.037596 (VIOLATED)
hold16903/X                             1.498918    1.535780   -0.036862 (VIOLATED)
hold15740/X                             1.498918    1.535753   -0.036835 (VIOLATED)
_063766_/A                              1.500000    1.535947   -0.035947 (VIOLATED)
ANTENNA__063766__A/DIODE                1.500000    1.535945   -0.035945 (VIOLATED)
_063741_/A                              1.500000    1.535918   -0.035918 (VIOLATED)
ANTENNA__063741__A/DIODE                1.500000    1.535916   -0.035916 (VIOLATED)
_063742_/B2                             1.500000    1.535905   -0.035905 (VIOLATED)
ANTENNA__063742__B2/DIODE               1.500000    1.535904   -0.035904 (VIOLATED)
_063719_/A                              1.500000    1.535860   -0.035860 (VIOLATED)
ANTENNA__063719__A/DIODE                1.500000    1.535860   -0.035860 (VIOLATED)
_063704_/A                              1.500000    1.535813   -0.035813 (VIOLATED)
ANTENNA__063704__A/DIODE                1.500000    1.535813   -0.035813 (VIOLATED)
_082726_/B                              1.500000    1.535793   -0.035793 (VIOLATED)
ANTENNA__082726__B/DIODE                1.500000    1.535793   -0.035793 (VIOLATED)
_082656_/B                              1.500000    1.535790   -0.035790 (VIOLATED)
ANTENNA__082656__B/DIODE                1.500000    1.535789   -0.035789 (VIOLATED)
_063695_/B                              1.500000    1.535788   -0.035788 (VIOLATED)
_082603_/B                              1.500000    1.535785   -0.035785 (VIOLATED)
ANTENNA__063695__B/DIODE                1.500000    1.535783   -0.035783 (VIOLATED)
ANTENNA__082603__B/DIODE                1.500000    1.535783   -0.035783 (VIOLATED)
ANTENNA__082317__A2/DIODE               1.500000    1.535780   -0.035780 (VIOLATED)
ANTENNA__082356__C1/DIODE               1.500000    1.535780   -0.035780 (VIOLATED)
ANTENNA__082564__C/DIODE                1.500000    1.535780   -0.035780 (VIOLATED)
ANTENNA__082882__B/DIODE                1.500000    1.535780   -0.035780 (VIOLATED)
ANTENNA_fanout9533_A/DIODE              1.500000    1.535780   -0.035780 (VIOLATED)
ANTENNA_hold16903_X/DIODE               1.500000    1.535780   -0.035780 (VIOLATED)
_082317_/A2                             1.500000    1.535780   -0.035780 (VIOLATED)
_082356_/C1                             1.500000    1.535780   -0.035780 (VIOLATED)
_082564_/C                              1.500000    1.535780   -0.035780 (VIOLATED)
_082882_/B                              1.500000    1.535780   -0.035780 (VIOLATED)
fanout9533/A                            1.500000    1.535780   -0.035780 (VIOLATED)
_063696_/A1                             1.500000    1.535766   -0.035766 (VIOLATED)
ANTENNA__063696__A1/DIODE               1.500000    1.535766   -0.035766 (VIOLATED)
ANTENNA__063690__C/DIODE                1.500000    1.535753   -0.035753 (VIOLATED)
ANTENNA__063691__A2/DIODE               1.500000    1.535753   -0.035753 (VIOLATED)
ANTENNA_hold15740_X/DIODE               1.500000    1.535753   -0.035753 (VIOLATED)
ANTENNA_hold37925_A/DIODE               1.500000    1.535753   -0.035753 (VIOLATED)
_063690_/C                              1.500000    1.535753   -0.035753 (VIOLATED)
_063691_/A2                             1.500000    1.535753   -0.035753 (VIOLATED)
hold37925/A                             1.500000    1.535753   -0.035753 (VIOLATED)
hold16866/X                             1.498918    1.528700   -0.029782 (VIOLATED)
ANTENNA_fanout5995_A/DIODE              1.500000    1.528701   -0.028701 (VIOLATED)
fanout5995/A                            1.500000    1.528701   -0.028701 (VIOLATED)
ANTENNA__111244__B/DIODE                1.500000    1.528700   -0.028700 (VIOLATED)
ANTENNA__111338__B/DIODE                1.500000    1.528700   -0.028700 (VIOLATED)
ANTENNA__111386__B/DIODE                1.500000    1.528700   -0.028700 (VIOLATED)
ANTENNA__111393__A2/DIODE               1.500000    1.528700   -0.028700 (VIOLATED)
ANTENNA__111411__A2/DIODE               1.500000    1.528700   -0.028700 (VIOLATED)
ANTENNA__111414__A2/DIODE               1.500000    1.528700   -0.028700 (VIOLATED)
ANTENNA__111421__B/DIODE                1.500000    1.528700   -0.028700 (VIOLATED)
ANTENNA_hold16866_X/DIODE               1.500000    1.528700   -0.028700 (VIOLATED)
_111244_/B                              1.500000    1.528700   -0.028700 (VIOLATED)
_111338_/B                              1.500000    1.528700   -0.028700 (VIOLATED)
_111386_/B                              1.500000    1.528700   -0.028700 (VIOLATED)
_111393_/A2                             1.500000    1.528700   -0.028700 (VIOLATED)
_111411_/A2                             1.500000    1.528700   -0.028700 (VIOLATED)
_111414_/A2                             1.500000    1.528700   -0.028700 (VIOLATED)
_111421_/B                              1.500000    1.528700   -0.028700 (VIOLATED)
hold16730/X                             1.498918    1.525123   -0.026205 (VIOLATED)
_091978_/C                              1.500000    1.525135   -0.025135 (VIOLATED)
ANTENNA__091978__C/DIODE                1.500000    1.525135   -0.025135 (VIOLATED)
ANTENNA__092106__A/DIODE                1.500000    1.525135   -0.025135 (VIOLATED)
ANTENNA_fanout6129_A/DIODE              1.500000    1.525135   -0.025135 (VIOLATED)
fanout6129/A                            1.500000    1.525135   -0.025135 (VIOLATED)
ANTENNA__091979__A2/DIODE               1.500000    1.525135   -0.025135 (VIOLATED)
_092106_/A                              1.500000    1.525135   -0.025135 (VIOLATED)
_091979_/A2                             1.500000    1.525134   -0.025134 (VIOLATED)
_091957_/B                              1.500000    1.525132   -0.025132 (VIOLATED)
ANTENNA__091957__B/DIODE                1.500000    1.525131   -0.025131 (VIOLATED)
_092042_/A1                             1.500000    1.525129   -0.025129 (VIOLATED)
ANTENNA__092042__A1/DIODE               1.500000    1.525129   -0.025129 (VIOLATED)
_092006_/A                              1.500000    1.525128   -0.025128 (VIOLATED)
_092041_/B                              1.500000    1.525128   -0.025128 (VIOLATED)
ANTENNA__092041__B/DIODE                1.500000    1.525128   -0.025128 (VIOLATED)
ANTENNA__092006__A/DIODE                1.500000    1.525128   -0.025128 (VIOLATED)
ANTENNA__092077__B/DIODE                1.500000    1.525123   -0.025123 (VIOLATED)
ANTENNA__092816__B/DIODE                1.500000    1.525123   -0.025123 (VIOLATED)
ANTENNA_hold16730_X/DIODE               1.500000    1.525123   -0.025123 (VIOLATED)
_092077_/B                              1.500000    1.525123   -0.025123 (VIOLATED)
_092816_/B                              1.500000    1.525123   -0.025123 (VIOLATED)
hold15999/X                             1.498918    1.523882   -0.024964 (VIOLATED)
_078617_/A2                             1.500000    1.523967   -0.023967 (VIOLATED)
ANTENNA__078617__A2/DIODE               1.500000    1.523967   -0.023967 (VIOLATED)
_078337_/B                              1.500000    1.523959   -0.023959 (VIOLATED)
ANTENNA__078337__B/DIODE                1.500000    1.523958   -0.023958 (VIOLATED)
_078336_/B1                             1.500000    1.523947   -0.023947 (VIOLATED)
ANTENNA__078336__B1/DIODE               1.500000    1.523944   -0.023945 (VIOLATED)
ANTENNA__078372__B/DIODE                1.500000    1.523923   -0.023923 (VIOLATED)
_078372_/B                              1.500000    1.523922   -0.023922 (VIOLATED)
_078335_/B                              1.500000    1.523917   -0.023917 (VIOLATED)
ANTENNA__078335__B/DIODE                1.500000    1.523917   -0.023917 (VIOLATED)
_060886_/A                              1.500000    1.523888   -0.023888 (VIOLATED)
ANTENNA__060886__A/DIODE                1.500000    1.523887   -0.023887 (VIOLATED)
ANTENNA__078654__C/DIODE                1.500000    1.523882   -0.023882 (VIOLATED)
ANTENNA_fanout9745_A/DIODE              1.500000    1.523882   -0.023882 (VIOLATED)
ANTENNA_hold15999_X/DIODE               1.500000    1.523882   -0.023882 (VIOLATED)
_078654_/C                              1.500000    1.523882   -0.023882 (VIOLATED)
fanout9745/A                            1.500000    1.523882   -0.023882 (VIOLATED)
ANTENNA_wire1522_A/DIODE                1.500000    1.521252   -0.021252 (VIOLATED)
wire1522/A                              1.500000    1.521251   -0.021251 (VIOLATED)
neuro_inst/Vcc_read                     0.500000    0.520873   -0.020873 (VIOLATED)
hold17722/X                             1.498918    1.517623   -0.018705 (VIOLATED)
neuro_inst/dc_bias                      0.500000    0.517664   -0.017664 (VIOLATED)
_094501_/B                              1.500000    1.517636   -0.017636 (VIOLATED)
ANTENNA__094501__B/DIODE                1.500000    1.517636   -0.017636 (VIOLATED)
_094219_/A1                             1.500000    1.517627   -0.017627 (VIOLATED)
ANTENNA__094219__A1/DIODE               1.500000    1.517627   -0.017627 (VIOLATED)
_094295_/A1                             1.500000    1.517626   -0.017626 (VIOLATED)
_094214_/A1                             1.500000    1.517626   -0.017626 (VIOLATED)
ANTENNA__094214__A1/DIODE               1.500000    1.517626   -0.017626 (VIOLATED)
ANTENNA__094295__A1/DIODE               1.500000    1.517626   -0.017626 (VIOLATED)
ANTENNA_fanout8838_A/DIODE              1.500000    1.517624   -0.017624 (VIOLATED)
fanout8838/A                            1.500000    1.517624   -0.017624 (VIOLATED)
_094149_/A                              1.500000    1.517624   -0.017624 (VIOLATED)
ANTENNA__094149__A/DIODE                1.500000    1.517623   -0.017623 (VIOLATED)
_093691_/B                              1.500000    1.517623   -0.017623 (VIOLATED)
ANTENNA__093691__B/DIODE                1.500000    1.517623   -0.017623 (VIOLATED)
ANTENNA__094006__B/DIODE                1.500000    1.517623   -0.017623 (VIOLATED)
ANTENNA__094174__A/DIODE                1.500000    1.517623   -0.017623 (VIOLATED)
ANTENNA_hold17722_X/DIODE               1.500000    1.517623   -0.017623 (VIOLATED)
_094006_/B                              1.500000    1.517623   -0.017623 (VIOLATED)
_094174_/A                              1.500000    1.517623   -0.017623 (VIOLATED)
hold17578/X                             1.498918    1.513699   -0.014781 (VIOLATED)
ANTENNA_fanout9283_A/DIODE              1.500000    1.513721   -0.013721 (VIOLATED)
fanout9283/A                            1.500000    1.513721   -0.013721 (VIOLATED)
fanout9282/A                            1.500000    1.513714   -0.013714 (VIOLATED)
ANTENNA_fanout9282_A/DIODE              1.500000    1.513713   -0.013714 (VIOLATED)
_081412_/C1                             1.500000    1.513712   -0.013712 (VIOLATED)
ANTENNA__081412__C1/DIODE               1.500000    1.513712   -0.013712 (VIOLATED)
_081592_/A2                             1.500000    1.513700   -0.013700 (VIOLATED)
ANTENNA__081592__A2/DIODE               1.500000    1.513700   -0.013700 (VIOLATED)
ANTENNA__081455__B/DIODE                1.500000    1.513699   -0.013699 (VIOLATED)
ANTENNA__081456__B/DIODE                1.500000    1.513699   -0.013699 (VIOLATED)
ANTENNA__081539__B/DIODE                1.500000    1.513699   -0.013699 (VIOLATED)
ANTENNA__081594__B/DIODE                1.500000    1.513699   -0.013699 (VIOLATED)
ANTENNA__081699__A2/DIODE               1.500000    1.513699   -0.013699 (VIOLATED)
ANTENNA_hold17578_X/DIODE               1.500000    1.513699   -0.013699 (VIOLATED)
_081455_/B                              1.500000    1.513699   -0.013699 (VIOLATED)
_081456_/B                              1.500000    1.513699   -0.013699 (VIOLATED)
_081539_/B                              1.500000    1.513699   -0.013699 (VIOLATED)
_081594_/B                              1.500000    1.513699   -0.013699 (VIOLATED)
_081699_/A2                             1.500000    1.513699   -0.013699 (VIOLATED)
hold16323/X                             1.498918    1.510825   -0.011907 (VIOLATED)
_113942_/X                              1.498428    1.509513   -0.011085 (VIOLATED)
_088839_/A2                             1.500000    1.510855   -0.010856 (VIOLATED)
ANTENNA__088839__A2/DIODE               1.500000    1.510855   -0.010855 (VIOLATED)
_088739_/B                              1.500000    1.510854   -0.010854 (VIOLATED)
ANTENNA__088739__B/DIODE                1.500000    1.510854   -0.010854 (VIOLATED)
_088694_/B                              1.500000    1.510852   -0.010852 (VIOLATED)
_088695_/B1                             1.500000    1.510852   -0.010852 (VIOLATED)
ANTENNA__088695__B1/DIODE               1.500000    1.510852   -0.010852 (VIOLATED)
ANTENNA__088694__B/DIODE                1.500000    1.510852   -0.010852 (VIOLATED)
_088843_/B                              1.500000    1.510844   -0.010844 (VIOLATED)
ANTENNA__088843__B/DIODE                1.500000    1.510844   -0.010844 (VIOLATED)
_088842_/B                              1.500000    1.510830   -0.010830 (VIOLATED)
ANTENNA__088842__B/DIODE                1.500000    1.510829   -0.010830 (VIOLATED)
ANTENNA__088557__B/DIODE                1.500000    1.510825   -0.010825 (VIOLATED)
ANTENNA__088758__C1/DIODE               1.500000    1.510825   -0.010825 (VIOLATED)
ANTENNA__088794__A2/DIODE               1.500000    1.510825   -0.010825 (VIOLATED)
ANTENNA_fanout8858_A/DIODE              1.500000    1.510825   -0.010825 (VIOLATED)
ANTENNA_hold16323_X/DIODE               1.500000    1.510825   -0.010825 (VIOLATED)
_088557_/B                              1.500000    1.510825   -0.010825 (VIOLATED)
_088758_/C1                             1.500000    1.510825   -0.010825 (VIOLATED)
_088794_/A2                             1.500000    1.510825   -0.010825 (VIOLATED)
fanout8858/A                            1.500000    1.510825   -0.010825 (VIOLATED)
ANTENNA__113942__X/DIODE                1.500000    1.509528   -0.009528 (VIOLATED)
hold15243/X                             1.498918    1.506073   -0.007155 (VIOLATED)
hold17839/X                             1.498918    1.505850   -0.006932 (VIOLATED)
hold16442/X                             1.498918    1.505628   -0.006710 (VIOLATED)
hold16977/X                             1.498918    1.505254   -0.006336 (VIOLATED)
_074686_/A                              1.500000    1.506086   -0.006086 (VIOLATED)
_074687_/A                              1.500000    1.506086   -0.006086 (VIOLATED)
ANTENNA__074686__A/DIODE                1.500000    1.506086   -0.006086 (VIOLATED)
ANTENNA__074687__A/DIODE                1.500000    1.506086   -0.006086 (VIOLATED)
_074630_/A                              1.500000    1.506085   -0.006085 (VIOLATED)
ANTENNA__074630__A/DIODE                1.500000    1.506084   -0.006084 (VIOLATED)
_074596_/A                              1.500000    1.506082   -0.006082 (VIOLATED)
ANTENNA__074596__A/DIODE                1.500000    1.506081   -0.006081 (VIOLATED)
ANTENNA__074501__A/DIODE                1.500000    1.506078   -0.006078 (VIOLATED)
_074501_/A                              1.500000    1.506078   -0.006078 (VIOLATED)
_074403_/B                              1.500000    1.506074   -0.006074 (VIOLATED)
ANTENNA__074403__B/DIODE                1.500000    1.506074   -0.006074 (VIOLATED)
_074439_/B                              1.500000    1.506074   -0.006074 (VIOLATED)
ANTENNA__074417__B/DIODE                1.500000    1.506073   -0.006073 (VIOLATED)
ANTENNA__074439__B/DIODE                1.500000    1.506073   -0.006073 (VIOLATED)
ANTENNA_hold15243_X/DIODE               1.500000    1.506073   -0.006073 (VIOLATED)
ANTENNA_hold37913_A/DIODE               1.500000    1.506073   -0.006073 (VIOLATED)
_074417_/B                              1.500000    1.506073   -0.006073 (VIOLATED)
hold37913/A                             1.500000    1.506073   -0.006073 (VIOLATED)
_095386_/A                              1.500000    1.505893   -0.005893 (VIOLATED)
ANTENNA__095386__A/DIODE                1.500000    1.505891   -0.005891 (VIOLATED)
ANTENNA__095312__B/DIODE                1.500000    1.505884   -0.005884 (VIOLATED)
_095312_/B                              1.500000    1.505884   -0.005884 (VIOLATED)
_095412_/A                              1.500000    1.505875   -0.005875 (VIOLATED)
ANTENNA__095412__A/DIODE                1.500000    1.505874   -0.005874 (VIOLATED)
_095497_/A                              1.500000    1.505865   -0.005865 (VIOLATED)
ANTENNA__095497__A/DIODE                1.500000    1.505865   -0.005865 (VIOLATED)
_095449_/A                              1.500000    1.505864   -0.005864 (VIOLATED)
ANTENNA__095449__A/DIODE                1.500000    1.505863   -0.005863 (VIOLATED)
ANTENNA__095668__A0/DIODE               1.500000    1.505853   -0.005853 (VIOLATED)
_095668_/A0                             1.500000    1.505853   -0.005853 (VIOLATED)
ANTENNA_hold17839_X/DIODE               1.500000    1.505850   -0.005850 (VIOLATED)
_091381_/A2                             1.500000    1.505711   -0.005711 (VIOLATED)
ANTENNA__091381__A2/DIODE               1.500000    1.505711   -0.005711 (VIOLATED)
_091380_/A2                             1.500000    1.505705   -0.005705 (VIOLATED)
ANTENNA__091380__A2/DIODE               1.500000    1.505705   -0.005705 (VIOLATED)
_091382_/B                              1.500000    1.505694   -0.005694 (VIOLATED)
ANTENNA__091382__B/DIODE                1.500000    1.505694   -0.005694 (VIOLATED)
_091219_/B                              1.500000    1.505683   -0.005683 (VIOLATED)
ANTENNA__091219__B/DIODE                1.500000    1.505679   -0.005679 (VIOLATED)
_091263_/B                              1.500000    1.505670   -0.005670 (VIOLATED)
ANTENNA__091263__B/DIODE                1.500000    1.505669   -0.005669 (VIOLATED)
_091220_/B                              1.500000    1.505658   -0.005658 (VIOLATED)
ANTENNA__091220__B/DIODE                1.500000    1.505655   -0.005655 (VIOLATED)
_091196_/B                              1.500000    1.505648   -0.005648 (VIOLATED)
ANTENNA__091196__B/DIODE                1.500000    1.505648   -0.005648 (VIOLATED)
ANTENNA__060818__A/DIODE                1.500000    1.505628   -0.005628 (VIOLATED)
ANTENNA__091120__A/DIODE                1.500000    1.505628   -0.005628 (VIOLATED)
ANTENNA_fanout8707_A/DIODE              1.500000    1.505628   -0.005628 (VIOLATED)
ANTENNA_hold16442_X/DIODE               1.500000    1.505628   -0.005628 (VIOLATED)
_060818_/A                              1.500000    1.505628   -0.005628 (VIOLATED)
_091120_/A                              1.500000    1.505628   -0.005628 (VIOLATED)
fanout8707/A                            1.500000    1.505628   -0.005628 (VIOLATED)
_102306_/A1                             1.500000    1.505455   -0.005455 (VIOLATED)
ANTENNA__102306__A1/DIODE               1.500000    1.505454   -0.005455 (VIOLATED)
_102253_/A                              1.500000    1.505449   -0.005449 (VIOLATED)
ANTENNA__102253__A/DIODE                1.500000    1.505446   -0.005446 (VIOLATED)
_113194_/X                              1.498428    1.503856   -0.005428 (VIOLATED)
ANTENNA__102204__A/DIODE                1.500000    1.505325   -0.005325 (VIOLATED)
ANTENNA__102398__A1/DIODE               1.500000    1.505324   -0.005324 (VIOLATED)
_102204_/A                              1.500000    1.505316   -0.005317 (VIOLATED)
_102398_/A1                             1.500000    1.505314   -0.005314 (VIOLATED)
_102187_/A                              1.500000    1.505273   -0.005273 (VIOLATED)
ANTENNA__102187__A/DIODE                1.500000    1.505271   -0.005271 (VIOLATED)
_060760_/A                              1.500000    1.505256   -0.005256 (VIOLATED)
ANTENNA__060760__A/DIODE                1.500000    1.505255   -0.005256 (VIOLATED)
ANTENNA__102173__C/DIODE                1.500000    1.505254   -0.005254 (VIOLATED)
ANTENNA__102174__A2/DIODE               1.500000    1.505254   -0.005254 (VIOLATED)
ANTENNA__102177__A1/DIODE               1.500000    1.505254   -0.005254 (VIOLATED)
ANTENNA_hold16977_X/DIODE               1.500000    1.505254   -0.005254 (VIOLATED)
_102173_/C                              1.500000    1.505254   -0.005254 (VIOLATED)
_102174_/A2                             1.500000    1.505254   -0.005254 (VIOLATED)
_102177_/A1                             1.500000    1.505254   -0.005254 (VIOLATED)
wire1678/A                              1.500000    1.504671   -0.004671 (VIOLATED)
ANTENNA_wire1678_A/DIODE                1.500000    1.504670   -0.004670 (VIOLATED)
ANTENNA__113194__X/DIODE                1.500000    1.503864   -0.003864 (VIOLATED)

max fanout

Pin                                   Limit Fanout  Slack
---------------------------------------------------------
clkbuf_8_148__f_wb_clk_i/X               10     41    -31 (VIOLATED)
clkbuf_8_50__f_wb_clk_i/X                10     39    -29 (VIOLATED)
clkbuf_8_41__f_wb_clk_i/X                10     37    -27 (VIOLATED)
clkbuf_8_149__f_wb_clk_i/X               10     35    -25 (VIOLATED)
clkbuf_8_151__f_wb_clk_i/X               10     35    -25 (VIOLATED)
clkbuf_8_26__f_wb_clk_i/X                10     35    -25 (VIOLATED)
clkbuf_8_40__f_wb_clk_i/X                10     35    -25 (VIOLATED)
clkbuf_8_47__f_wb_clk_i/X                10     35    -25 (VIOLATED)
clkbuf_8_178__f_wb_clk_i/X               10     33    -23 (VIOLATED)
clkbuf_8_27__f_wb_clk_i/X                10     33    -23 (VIOLATED)
clkbuf_8_51__f_wb_clk_i/X                10     33    -23 (VIOLATED)
clkbuf_8_73__f_wb_clk_i/X                10     33    -23 (VIOLATED)
clkbuf_8_145__f_wb_clk_i/X               10     31    -21 (VIOLATED)
clkbuf_8_156__f_wb_clk_i/X               10     31    -21 (VIOLATED)
clkbuf_8_52__f_wb_clk_i/X                10     31    -21 (VIOLATED)
clkbuf_8_53__f_wb_clk_i/X                10     31    -21 (VIOLATED)
clkbuf_8_57__f_wb_clk_i/X                10     31    -21 (VIOLATED)
clkbuf_8_96__f_wb_clk_i/X                10     31    -21 (VIOLATED)
clkbuf_8_19__f_wb_clk_i/X                10     29    -19 (VIOLATED)
clkbuf_8_25__f_wb_clk_i/X                10     29    -19 (VIOLATED)
clkbuf_8_36__f_wb_clk_i/X                10     29    -19 (VIOLATED)
clkbuf_8_76__f_wb_clk_i/X                10     29    -19 (VIOLATED)
clkbuf_8_99__f_wb_clk_i/X                10     29    -19 (VIOLATED)
clkbuf_8_101__f_wb_clk_i/X               10     27    -17 (VIOLATED)
clkbuf_8_121__f_wb_clk_i/X               10     27    -17 (VIOLATED)
clkbuf_8_150__f_wb_clk_i/X               10     27    -17 (VIOLATED)
clkbuf_8_200__f_wb_clk_i/X               10     27    -17 (VIOLATED)
clkbuf_8_24__f_wb_clk_i/X                10     27    -17 (VIOLATED)
clkbuf_8_30__f_wb_clk_i/X                10     27    -17 (VIOLATED)
clkbuf_8_31__f_wb_clk_i/X                10     27    -17 (VIOLATED)
clkbuf_8_32__f_wb_clk_i/X                10     27    -17 (VIOLATED)
clkbuf_8_38__f_wb_clk_i/X                10     27    -17 (VIOLATED)
clkbuf_8_42__f_wb_clk_i/X                10     27    -17 (VIOLATED)
clkbuf_8_43__f_wb_clk_i/X                10     27    -17 (VIOLATED)
clkbuf_8_45__f_wb_clk_i/X                10     27    -17 (VIOLATED)
clkbuf_8_46__f_wb_clk_i/X                10     27    -17 (VIOLATED)
clkbuf_8_48__f_wb_clk_i/X                10     27    -17 (VIOLATED)
clkbuf_8_54__f_wb_clk_i/X                10     27    -17 (VIOLATED)
clkbuf_8_6__f_wb_clk_i/X                 10     27    -17 (VIOLATED)
clkbuf_8_72__f_wb_clk_i/X                10     27    -17 (VIOLATED)
clkbuf_8_127__f_wb_clk_i/X               10     25    -15 (VIOLATED)
clkbuf_8_12__f_wb_clk_i/X                10     25    -15 (VIOLATED)
clkbuf_8_13__f_wb_clk_i/X                10     25    -15 (VIOLATED)
clkbuf_8_157__f_wb_clk_i/X               10     25    -15 (VIOLATED)
clkbuf_8_1__f_wb_clk_i/X                 10     25    -15 (VIOLATED)
clkbuf_8_2__f_wb_clk_i/X                 10     25    -15 (VIOLATED)
clkbuf_8_37__f_wb_clk_i/X                10     25    -15 (VIOLATED)
clkbuf_8_44__f_wb_clk_i/X                10     25    -15 (VIOLATED)
clkbuf_8_4__f_wb_clk_i/X                 10     25    -15 (VIOLATED)
clkbuf_8_56__f_wb_clk_i/X                10     25    -15 (VIOLATED)
clkbuf_8_5__f_wb_clk_i/X                 10     25    -15 (VIOLATED)
clkbuf_8_74__f_wb_clk_i/X                10     25    -15 (VIOLATED)
clkbuf_8_79__f_wb_clk_i/X                10     25    -15 (VIOLATED)
clkbuf_8_83__f_wb_clk_i/X                10     25    -15 (VIOLATED)
clkbuf_8_97__f_wb_clk_i/X                10     25    -15 (VIOLATED)
clkbuf_8_98__f_wb_clk_i/X                10     25    -15 (VIOLATED)
clkbuf_8_100__f_wb_clk_i/X               10     23    -13 (VIOLATED)
clkbuf_8_10__f_wb_clk_i/X                10     23    -13 (VIOLATED)
clkbuf_8_11__f_wb_clk_i/X                10     23    -13 (VIOLATED)
clkbuf_8_120__f_wb_clk_i/X               10     23    -13 (VIOLATED)
clkbuf_8_123__f_wb_clk_i/X               10     23    -13 (VIOLATED)
clkbuf_8_130__f_wb_clk_i/X               10     23    -13 (VIOLATED)
clkbuf_8_141__f_wb_clk_i/X               10     23    -13 (VIOLATED)
clkbuf_8_144__f_wb_clk_i/X               10     23    -13 (VIOLATED)
clkbuf_8_146__f_wb_clk_i/X               10     23    -13 (VIOLATED)
clkbuf_8_15__f_wb_clk_i/X                10     23    -13 (VIOLATED)
clkbuf_8_182__f_wb_clk_i/X               10     23    -13 (VIOLATED)
clkbuf_8_183__f_wb_clk_i/X               10     23    -13 (VIOLATED)
clkbuf_8_187__f_wb_clk_i/X               10     23    -13 (VIOLATED)
clkbuf_8_18__f_wb_clk_i/X                10     23    -13 (VIOLATED)
clkbuf_8_23__f_wb_clk_i/X                10     23    -13 (VIOLATED)
clkbuf_8_28__f_wb_clk_i/X                10     23    -13 (VIOLATED)
clkbuf_8_39__f_wb_clk_i/X                10     23    -13 (VIOLATED)
clkbuf_8_3__f_wb_clk_i/X                 10     23    -13 (VIOLATED)
clkbuf_8_49__f_wb_clk_i/X                10     23    -13 (VIOLATED)
clkbuf_8_69__f_wb_clk_i/X                10     23    -13 (VIOLATED)
clkbuf_8_75__f_wb_clk_i/X                10     23    -13 (VIOLATED)
clkbuf_8_77__f_wb_clk_i/X                10     23    -13 (VIOLATED)
clkbuf_8_78__f_wb_clk_i/X                10     23    -13 (VIOLATED)
clkbuf_8_7__f_wb_clk_i/X                 10     23    -13 (VIOLATED)
clkbuf_8_94__f_wb_clk_i/X                10     23    -13 (VIOLATED)
clkbuf_8_95__f_wb_clk_i/X                10     23    -13 (VIOLATED)
fanout4535/X                             10     22    -12 (VIOLATED)
_060713_/Y                               10     21    -11 (VIOLATED)
_060785_/Y                               10     21    -11 (VIOLATED)
_060997_/Y                               10     21    -11 (VIOLATED)
_061405_/Y                               10     21    -11 (VIOLATED)
_092176_/Y                               10     21    -11 (VIOLATED)
_101465_/Y                               10     21    -11 (VIOLATED)
_104933_/Y                               10     21    -11 (VIOLATED)
_106050_/Y                               10     21    -11 (VIOLATED)
clkbuf_8_0__f_wb_clk_i/X                 10     21    -11 (VIOLATED)
clkbuf_8_107__f_wb_clk_i/X               10     21    -11 (VIOLATED)
clkbuf_8_122__f_wb_clk_i/X               10     21    -11 (VIOLATED)
clkbuf_8_126__f_wb_clk_i/X               10     21    -11 (VIOLATED)
clkbuf_8_136__f_wb_clk_i/X               10     21    -11 (VIOLATED)
clkbuf_8_140__f_wb_clk_i/X               10     21    -11 (VIOLATED)
clkbuf_8_147__f_wb_clk_i/X               10     21    -11 (VIOLATED)
clkbuf_8_154__f_wb_clk_i/X               10     21    -11 (VIOLATED)
clkbuf_8_159__f_wb_clk_i/X               10     21    -11 (VIOLATED)
clkbuf_8_177__f_wb_clk_i/X               10     21    -11 (VIOLATED)
clkbuf_8_179__f_wb_clk_i/X               10     21    -11 (VIOLATED)
clkbuf_8_201__f_wb_clk_i/X               10     21    -11 (VIOLATED)
clkbuf_8_22__f_wb_clk_i/X                10     21    -11 (VIOLATED)
clkbuf_8_243__f_wb_clk_i/X               10     21    -11 (VIOLATED)
clkbuf_8_247__f_wb_clk_i/X               10     21    -11 (VIOLATED)
clkbuf_8_255__f_wb_clk_i/X               10     21    -11 (VIOLATED)
clkbuf_8_33__f_wb_clk_i/X                10     21    -11 (VIOLATED)
clkbuf_8_55__f_wb_clk_i/X                10     21    -11 (VIOLATED)
clkbuf_8_61__f_wb_clk_i/X                10     21    -11 (VIOLATED)
clkbuf_8_66__f_wb_clk_i/X                10     21    -11 (VIOLATED)
clkbuf_8_80__f_wb_clk_i/X                10     21    -11 (VIOLATED)
clkbuf_8_81__f_wb_clk_i/X                10     21    -11 (VIOLATED)
fanout10002/X                            10     21    -11 (VIOLATED)
fanout10006/X                            10     21    -11 (VIOLATED)
fanout10011/X                            10     21    -11 (VIOLATED)
fanout10019/X                            10     21    -11 (VIOLATED)
fanout10020/X                            10     21    -11 (VIOLATED)
fanout10021/X                            10     21    -11 (VIOLATED)
fanout10024/X                            10     21    -11 (VIOLATED)
fanout10027/X                            10     21    -11 (VIOLATED)
fanout10029/X                            10     21    -11 (VIOLATED)
fanout10031/X                            10     21    -11 (VIOLATED)
fanout10033/X                            10     21    -11 (VIOLATED)
fanout10035/X                            10     21    -11 (VIOLATED)
fanout10037/X                            10     21    -11 (VIOLATED)
fanout10047/X                            10     21    -11 (VIOLATED)
fanout10050/X                            10     21    -11 (VIOLATED)
fanout10056/X                            10     21    -11 (VIOLATED)
fanout10059/X                            10     21    -11 (VIOLATED)
fanout10062/X                            10     21    -11 (VIOLATED)
fanout10064/X                            10     21    -11 (VIOLATED)
fanout10068/X                            10     21    -11 (VIOLATED)
fanout10070/X                            10     21    -11 (VIOLATED)
fanout10073/X                            10     21    -11 (VIOLATED)
fanout10075/X                            10     21    -11 (VIOLATED)
fanout10082/X                            10     21    -11 (VIOLATED)
fanout10083/X                            10     21    -11 (VIOLATED)
fanout10086/X                            10     21    -11 (VIOLATED)
fanout10089/X                            10     21    -11 (VIOLATED)
fanout10091/X                            10     21    -11 (VIOLATED)
fanout10093/X                            10     21    -11 (VIOLATED)
fanout10095/X                            10     21    -11 (VIOLATED)
fanout10098/X                            10     21    -11 (VIOLATED)
fanout10101/X                            10     21    -11 (VIOLATED)
fanout10103/X                            10     21    -11 (VIOLATED)
fanout10107/X                            10     21    -11 (VIOLATED)
fanout10109/X                            10     21    -11 (VIOLATED)
fanout10115/X                            10     21    -11 (VIOLATED)
fanout10116/X                            10     21    -11 (VIOLATED)
fanout10117/X                            10     21    -11 (VIOLATED)
fanout10122/X                            10     21    -11 (VIOLATED)
fanout10124/X                            10     21    -11 (VIOLATED)
fanout10127/X                            10     21    -11 (VIOLATED)
fanout10130/X                            10     21    -11 (VIOLATED)
fanout10133/X                            10     21    -11 (VIOLATED)
fanout10135/X                            10     21    -11 (VIOLATED)
fanout10137/X                            10     21    -11 (VIOLATED)
fanout10139/X                            10     21    -11 (VIOLATED)
fanout10141/X                            10     21    -11 (VIOLATED)
fanout10143/X                            10     21    -11 (VIOLATED)
fanout10145/X                            10     21    -11 (VIOLATED)
fanout10147/X                            10     21    -11 (VIOLATED)
fanout10149/X                            10     21    -11 (VIOLATED)
fanout10150/X                            10     21    -11 (VIOLATED)
fanout10151/X                            10     21    -11 (VIOLATED)
fanout10153/X                            10     21    -11 (VIOLATED)
fanout10154/X                            10     21    -11 (VIOLATED)
fanout10162/X                            10     21    -11 (VIOLATED)
fanout10164/X                            10     21    -11 (VIOLATED)
fanout10167/X                            10     21    -11 (VIOLATED)
fanout10170/X                            10     21    -11 (VIOLATED)
fanout10174/X                            10     21    -11 (VIOLATED)
fanout10177/X                            10     21    -11 (VIOLATED)
fanout10180/X                            10     21    -11 (VIOLATED)
fanout10183/X                            10     21    -11 (VIOLATED)
fanout10185/X                            10     21    -11 (VIOLATED)
fanout10187/X                            10     21    -11 (VIOLATED)
fanout10188/X                            10     21    -11 (VIOLATED)
fanout10189/X                            10     21    -11 (VIOLATED)
fanout10191/X                            10     21    -11 (VIOLATED)
fanout10193/X                            10     21    -11 (VIOLATED)
fanout10195/X                            10     21    -11 (VIOLATED)
fanout10198/X                            10     21    -11 (VIOLATED)
fanout10200/X                            10     21    -11 (VIOLATED)
fanout10201/X                            10     21    -11 (VIOLATED)
fanout10203/X                            10     21    -11 (VIOLATED)
fanout10206/X                            10     21    -11 (VIOLATED)
fanout10210/X                            10     21    -11 (VIOLATED)
fanout10213/X                            10     21    -11 (VIOLATED)
fanout10216/X                            10     21    -11 (VIOLATED)
fanout10219/X                            10     21    -11 (VIOLATED)
fanout10222/X                            10     21    -11 (VIOLATED)
fanout10225/X                            10     21    -11 (VIOLATED)
fanout10227/X                            10     21    -11 (VIOLATED)
fanout10230/X                            10     21    -11 (VIOLATED)
fanout10232/X                            10     21    -11 (VIOLATED)
fanout10233/X                            10     21    -11 (VIOLATED)
fanout10234/X                            10     21    -11 (VIOLATED)
fanout10235/X                            10     21    -11 (VIOLATED)
fanout10236/X                            10     21    -11 (VIOLATED)
fanout10237/X                            10     21    -11 (VIOLATED)
fanout10239/X                            10     21    -11 (VIOLATED)
fanout10242/X                            10     21    -11 (VIOLATED)
fanout10243/X                            10     21    -11 (VIOLATED)
fanout10245/X                            10     21    -11 (VIOLATED)
fanout10248/X                            10     21    -11 (VIOLATED)
fanout10253/X                            10     21    -11 (VIOLATED)
fanout10255/X                            10     21    -11 (VIOLATED)
fanout10257/X                            10     21    -11 (VIOLATED)
fanout10260/X                            10     21    -11 (VIOLATED)
fanout10265/X                            10     21    -11 (VIOLATED)
fanout10268/X                            10     21    -11 (VIOLATED)
fanout10270/X                            10     21    -11 (VIOLATED)
fanout10272/X                            10     21    -11 (VIOLATED)
fanout10275/X                            10     21    -11 (VIOLATED)
fanout10277/X                            10     21    -11 (VIOLATED)
fanout10281/X                            10     21    -11 (VIOLATED)
fanout10282/X                            10     21    -11 (VIOLATED)
fanout10293/X                            10     21    -11 (VIOLATED)
fanout10300/X                            10     21    -11 (VIOLATED)
fanout10302/X                            10     21    -11 (VIOLATED)
fanout10308/X                            10     21    -11 (VIOLATED)
fanout10309/X                            10     21    -11 (VIOLATED)
fanout10311/X                            10     21    -11 (VIOLATED)
fanout10313/X                            10     21    -11 (VIOLATED)
fanout10317/X                            10     21    -11 (VIOLATED)
fanout10319/X                            10     21    -11 (VIOLATED)
fanout10322/X                            10     21    -11 (VIOLATED)
fanout10324/X                            10     21    -11 (VIOLATED)
fanout10325/X                            10     21    -11 (VIOLATED)
fanout10328/X                            10     21    -11 (VIOLATED)
fanout10330/X                            10     21    -11 (VIOLATED)
fanout10332/X                            10     21    -11 (VIOLATED)
fanout10334/X                            10     21    -11 (VIOLATED)
fanout10336/X                            10     21    -11 (VIOLATED)
fanout10338/X                            10     21    -11 (VIOLATED)
fanout10340/X                            10     21    -11 (VIOLATED)
fanout10341/X                            10     21    -11 (VIOLATED)
fanout10343/X                            10     21    -11 (VIOLATED)
fanout10345/X                            10     21    -11 (VIOLATED)
fanout10347/X                            10     21    -11 (VIOLATED)
fanout10349/X                            10     21    -11 (VIOLATED)
fanout10350/X                            10     21    -11 (VIOLATED)
fanout10351/X                            10     21    -11 (VIOLATED)
fanout10352/X                            10     21    -11 (VIOLATED)
fanout10361/X                            10     21    -11 (VIOLATED)
fanout10362/X                            10     21    -11 (VIOLATED)
fanout10363/X                            10     21    -11 (VIOLATED)
fanout10364/X                            10     21    -11 (VIOLATED)
fanout10365/X                            10     21    -11 (VIOLATED)
fanout10367/X                            10     21    -11 (VIOLATED)
fanout10369/X                            10     21    -11 (VIOLATED)
fanout10370/X                            10     21    -11 (VIOLATED)
fanout10373/X                            10     21    -11 (VIOLATED)
fanout10378/X                            10     21    -11 (VIOLATED)
fanout10380/X                            10     21    -11 (VIOLATED)
fanout10383/X                            10     21    -11 (VIOLATED)
fanout10386/X                            10     21    -11 (VIOLATED)
fanout10389/X                            10     21    -11 (VIOLATED)
fanout10390/X                            10     21    -11 (VIOLATED)
fanout10392/X                            10     21    -11 (VIOLATED)
fanout10395/X                            10     21    -11 (VIOLATED)
fanout10396/X                            10     21    -11 (VIOLATED)
fanout10406/X                            10     21    -11 (VIOLATED)
fanout10409/X                            10     21    -11 (VIOLATED)
fanout10411/X                            10     21    -11 (VIOLATED)
fanout10413/X                            10     21    -11 (VIOLATED)
fanout10416/X                            10     21    -11 (VIOLATED)
fanout10418/X                            10     21    -11 (VIOLATED)
fanout10419/X                            10     21    -11 (VIOLATED)
fanout10421/X                            10     21    -11 (VIOLATED)
fanout10423/X                            10     21    -11 (VIOLATED)
fanout10436/X                            10     21    -11 (VIOLATED)
fanout10437/X                            10     21    -11 (VIOLATED)
fanout10438/X                            10     21    -11 (VIOLATED)
fanout10441/X                            10     21    -11 (VIOLATED)
fanout10442/X                            10     21    -11 (VIOLATED)
fanout10444/X                            10     21    -11 (VIOLATED)
fanout10447/X                            10     21    -11 (VIOLATED)
fanout10450/X                            10     21    -11 (VIOLATED)
fanout10453/X                            10     21    -11 (VIOLATED)
fanout10456/X                            10     21    -11 (VIOLATED)
fanout10470/X                            10     21    -11 (VIOLATED)
fanout10475/X                            10     21    -11 (VIOLATED)
fanout10477/X                            10     21    -11 (VIOLATED)
fanout10479/X                            10     21    -11 (VIOLATED)
fanout10481/X                            10     21    -11 (VIOLATED)
fanout10483/X                            10     21    -11 (VIOLATED)
fanout10485/X                            10     21    -11 (VIOLATED)
fanout10490/X                            10     21    -11 (VIOLATED)
fanout10492/X                            10     21    -11 (VIOLATED)
fanout10495/X                            10     21    -11 (VIOLATED)
fanout10498/X                            10     21    -11 (VIOLATED)
fanout10501/X                            10     21    -11 (VIOLATED)
fanout10504/X                            10     21    -11 (VIOLATED)
fanout10510/X                            10     21    -11 (VIOLATED)
fanout10512/X                            10     21    -11 (VIOLATED)
fanout10514/X                            10     21    -11 (VIOLATED)
fanout10516/X                            10     21    -11 (VIOLATED)
fanout10519/X                            10     21    -11 (VIOLATED)
fanout10522/X                            10     21    -11 (VIOLATED)
fanout10524/X                            10     21    -11 (VIOLATED)
fanout10528/X                            10     21    -11 (VIOLATED)
fanout10532/X                            10     21    -11 (VIOLATED)
fanout10537/X                            10     21    -11 (VIOLATED)
fanout10544/X                            10     21    -11 (VIOLATED)
fanout10545/X                            10     21    -11 (VIOLATED)
fanout10548/X                            10     21    -11 (VIOLATED)
fanout10563/X                            10     21    -11 (VIOLATED)
fanout10571/X                            10     21    -11 (VIOLATED)
fanout10572/X                            10     21    -11 (VIOLATED)
fanout10574/X                            10     21    -11 (VIOLATED)
fanout10575/X                            10     21    -11 (VIOLATED)
fanout10576/X                            10     21    -11 (VIOLATED)
fanout10577/X                            10     21    -11 (VIOLATED)
fanout10578/X                            10     21    -11 (VIOLATED)
fanout10579/X                            10     21    -11 (VIOLATED)
fanout10580/X                            10     21    -11 (VIOLATED)
fanout10581/X                            10     21    -11 (VIOLATED)
fanout10584/X                            10     21    -11 (VIOLATED)
fanout10585/X                            10     21    -11 (VIOLATED)
fanout10586/X                            10     21    -11 (VIOLATED)
fanout10588/X                            10     21    -11 (VIOLATED)
fanout10590/X                            10     21    -11 (VIOLATED)
fanout10591/X                            10     21    -11 (VIOLATED)
fanout10593/X                            10     21    -11 (VIOLATED)
fanout10597/X                            10     21    -11 (VIOLATED)
fanout10599/X                            10     21    -11 (VIOLATED)
fanout10600/X                            10     21    -11 (VIOLATED)
fanout10601/X                            10     21    -11 (VIOLATED)
fanout10603/X                            10     21    -11 (VIOLATED)
fanout10604/X                            10     21    -11 (VIOLATED)
fanout10605/X                            10     21    -11 (VIOLATED)
fanout10607/X                            10     21    -11 (VIOLATED)
fanout10609/X                            10     21    -11 (VIOLATED)
fanout10611/X                            10     21    -11 (VIOLATED)
fanout10612/X                            10     21    -11 (VIOLATED)
fanout10613/X                            10     21    -11 (VIOLATED)
fanout10614/X                            10     21    -11 (VIOLATED)
fanout10616/X                            10     21    -11 (VIOLATED)
fanout10618/X                            10     21    -11 (VIOLATED)
fanout10620/X                            10     21    -11 (VIOLATED)
fanout10621/X                            10     21    -11 (VIOLATED)
fanout10622/X                            10     21    -11 (VIOLATED)
fanout10631/X                            10     21    -11 (VIOLATED)
fanout10634/X                            10     21    -11 (VIOLATED)
fanout10635/X                            10     21    -11 (VIOLATED)
fanout10636/X                            10     21    -11 (VIOLATED)
fanout10639/X                            10     21    -11 (VIOLATED)
fanout10641/X                            10     21    -11 (VIOLATED)
fanout10642/X                            10     21    -11 (VIOLATED)
fanout10643/X                            10     21    -11 (VIOLATED)
fanout10644/X                            10     21    -11 (VIOLATED)
fanout10646/X                            10     21    -11 (VIOLATED)
fanout10647/X                            10     21    -11 (VIOLATED)
fanout10649/X                            10     21    -11 (VIOLATED)
fanout10650/X                            10     21    -11 (VIOLATED)
fanout10652/X                            10     21    -11 (VIOLATED)
fanout10653/X                            10     21    -11 (VIOLATED)
fanout10654/X                            10     21    -11 (VIOLATED)
fanout10660/X                            10     21    -11 (VIOLATED)
fanout10661/X                            10     21    -11 (VIOLATED)
fanout10662/X                            10     21    -11 (VIOLATED)
fanout10666/X                            10     21    -11 (VIOLATED)
fanout10667/X                            10     21    -11 (VIOLATED)
fanout10668/X                            10     21    -11 (VIOLATED)
fanout10669/X                            10     21    -11 (VIOLATED)
fanout10672/X                            10     21    -11 (VIOLATED)
fanout10674/X                            10     21    -11 (VIOLATED)
fanout10675/X                            10     21    -11 (VIOLATED)
fanout10676/X                            10     21    -11 (VIOLATED)
fanout10679/X                            10     21    -11 (VIOLATED)
fanout10680/X                            10     21    -11 (VIOLATED)
fanout10683/X                            10     21    -11 (VIOLATED)
fanout10685/X                            10     21    -11 (VIOLATED)
fanout10687/X                            10     21    -11 (VIOLATED)
fanout10688/X                            10     21    -11 (VIOLATED)
fanout10690/X                            10     21    -11 (VIOLATED)
fanout10693/X                            10     21    -11 (VIOLATED)
fanout10694/X                            10     21    -11 (VIOLATED)
fanout10698/X                            10     21    -11 (VIOLATED)
fanout10699/X                            10     21    -11 (VIOLATED)
fanout10706/X                            10     21    -11 (VIOLATED)
fanout10707/X                            10     21    -11 (VIOLATED)
fanout10710/X                            10     21    -11 (VIOLATED)
fanout10712/X                            10     21    -11 (VIOLATED)
fanout10713/X                            10     21    -11 (VIOLATED)
fanout10716/X                            10     21    -11 (VIOLATED)
fanout10718/X                            10     21    -11 (VIOLATED)
fanout10720/X                            10     21    -11 (VIOLATED)
fanout10721/X                            10     21    -11 (VIOLATED)
fanout10725/X                            10     21    -11 (VIOLATED)
fanout10726/X                            10     21    -11 (VIOLATED)
fanout10728/X                            10     21    -11 (VIOLATED)
fanout10731/X                            10     21    -11 (VIOLATED)
fanout10733/X                            10     21    -11 (VIOLATED)
fanout10736/X                            10     21    -11 (VIOLATED)
fanout10737/X                            10     21    -11 (VIOLATED)
fanout10740/X                            10     21    -11 (VIOLATED)
fanout10741/X                            10     21    -11 (VIOLATED)
fanout10744/X                            10     21    -11 (VIOLATED)
fanout10745/X                            10     21    -11 (VIOLATED)
fanout10747/X                            10     21    -11 (VIOLATED)
fanout10748/X                            10     21    -11 (VIOLATED)
fanout10750/X                            10     21    -11 (VIOLATED)
fanout10755/X                            10     21    -11 (VIOLATED)
fanout10760/X                            10     21    -11 (VIOLATED)
fanout10761/X                            10     21    -11 (VIOLATED)
fanout10763/X                            10     21    -11 (VIOLATED)
fanout10766/X                            10     21    -11 (VIOLATED)
fanout10769/X                            10     21    -11 (VIOLATED)
fanout10777/X                            10     21    -11 (VIOLATED)
fanout10779/X                            10     21    -11 (VIOLATED)
fanout10781/X                            10     21    -11 (VIOLATED)
fanout10783/X                            10     21    -11 (VIOLATED)
fanout10785/X                            10     21    -11 (VIOLATED)
fanout10787/X                            10     21    -11 (VIOLATED)
fanout10788/X                            10     21    -11 (VIOLATED)
fanout1079/X                             10     21    -11 (VIOLATED)
fanout10790/X                            10     21    -11 (VIOLATED)
fanout10792/X                            10     21    -11 (VIOLATED)
fanout10794/X                            10     21    -11 (VIOLATED)
fanout10796/X                            10     21    -11 (VIOLATED)
fanout10797/X                            10     21    -11 (VIOLATED)
fanout10800/X                            10     21    -11 (VIOLATED)
fanout10802/X                            10     21    -11 (VIOLATED)
fanout10804/X                            10     21    -11 (VIOLATED)
fanout10805/X                            10     21    -11 (VIOLATED)
fanout10806/X                            10     21    -11 (VIOLATED)
fanout1081/X                             10     21    -11 (VIOLATED)
fanout10812/X                            10     21    -11 (VIOLATED)
fanout10813/X                            10     21    -11 (VIOLATED)
fanout10814/X                            10     21    -11 (VIOLATED)
fanout10815/X                            10     21    -11 (VIOLATED)
fanout10821/X                            10     21    -11 (VIOLATED)
fanout10824/X                            10     21    -11 (VIOLATED)
fanout10826/X                            10     21    -11 (VIOLATED)
fanout10828/X                            10     21    -11 (VIOLATED)
fanout10832/X                            10     21    -11 (VIOLATED)
fanout10833/X                            10     21    -11 (VIOLATED)
fanout10834/X                            10     21    -11 (VIOLATED)
fanout10835/X                            10     21    -11 (VIOLATED)
fanout10837/X                            10     21    -11 (VIOLATED)
fanout10838/X                            10     21    -11 (VIOLATED)
fanout10839/X                            10     21    -11 (VIOLATED)
fanout10842/X                            10     21    -11 (VIOLATED)
fanout10843/X                            10     21    -11 (VIOLATED)
fanout10844/X                            10     21    -11 (VIOLATED)
fanout10846/X                            10     21    -11 (VIOLATED)
fanout10847/X                            10     21    -11 (VIOLATED)
fanout10848/X                            10     21    -11 (VIOLATED)
fanout10849/X                            10     21    -11 (VIOLATED)
fanout10851/X                            10     21    -11 (VIOLATED)
fanout10852/X                            10     21    -11 (VIOLATED)
fanout10868/X                            10     21    -11 (VIOLATED)
fanout10869/X                            10     21    -11 (VIOLATED)
fanout10873/X                            10     21    -11 (VIOLATED)
fanout10875/X                            10     21    -11 (VIOLATED)
fanout10882/X                            10     21    -11 (VIOLATED)
fanout10884/X                            10     21    -11 (VIOLATED)
fanout10885/X                            10     21    -11 (VIOLATED)
fanout10887/X                            10     21    -11 (VIOLATED)
fanout1089/X                             10     21    -11 (VIOLATED)
fanout10893/X                            10     21    -11 (VIOLATED)
fanout10896/X                            10     21    -11 (VIOLATED)
fanout10897/X                            10     21    -11 (VIOLATED)
fanout10898/X                            10     21    -11 (VIOLATED)
fanout10899/X                            10     21    -11 (VIOLATED)
fanout10903/X                            10     21    -11 (VIOLATED)
fanout10904/X                            10     21    -11 (VIOLATED)
fanout10905/X                            10     21    -11 (VIOLATED)
fanout10934/X                            10     21    -11 (VIOLATED)
fanout10936/X                            10     21    -11 (VIOLATED)
fanout10945/X                            10     21    -11 (VIOLATED)
fanout10947/X                            10     21    -11 (VIOLATED)
fanout10949/X                            10     21    -11 (VIOLATED)
fanout10950/X                            10     21    -11 (VIOLATED)
fanout10951/X                            10     21    -11 (VIOLATED)
fanout10954/X                            10     21    -11 (VIOLATED)
fanout10961/X                            10     21    -11 (VIOLATED)
fanout10962/X                            10     21    -11 (VIOLATED)
fanout10966/X                            10     21    -11 (VIOLATED)
fanout10973/X                            10     21    -11 (VIOLATED)
fanout10975/X                            10     21    -11 (VIOLATED)
fanout10977/X                            10     21    -11 (VIOLATED)
fanout10978/X                            10     21    -11 (VIOLATED)
fanout10980/X                            10     21    -11 (VIOLATED)
fanout10982/X                            10     21    -11 (VIOLATED)
fanout10983/X                            10     21    -11 (VIOLATED)
fanout10985/X                            10     21    -11 (VIOLATED)
fanout10988/X                            10     21    -11 (VIOLATED)
fanout10990/X                            10     21    -11 (VIOLATED)
fanout10992/X                            10     21    -11 (VIOLATED)
fanout10994/X                            10     21    -11 (VIOLATED)
fanout10998/X                            10     21    -11 (VIOLATED)
fanout11000/X                            10     21    -11 (VIOLATED)
fanout11003/X                            10     21    -11 (VIOLATED)
fanout11004/X                            10     21    -11 (VIOLATED)
fanout11005/X                            10     21    -11 (VIOLATED)
fanout11006/X                            10     21    -11 (VIOLATED)
fanout11011/X                            10     21    -11 (VIOLATED)
fanout11013/X                            10     21    -11 (VIOLATED)
fanout11015/X                            10     21    -11 (VIOLATED)
fanout11016/X                            10     21    -11 (VIOLATED)
fanout11018/X                            10     21    -11 (VIOLATED)
fanout11020/X                            10     21    -11 (VIOLATED)
fanout11021/X                            10     21    -11 (VIOLATED)
fanout11023/X                            10     21    -11 (VIOLATED)
fanout11026/X                            10     21    -11 (VIOLATED)
fanout11029/X                            10     21    -11 (VIOLATED)
fanout11031/X                            10     21    -11 (VIOLATED)
fanout11032/X                            10     21    -11 (VIOLATED)
fanout11035/X                            10     21    -11 (VIOLATED)
fanout11037/X                            10     21    -11 (VIOLATED)
fanout11038/X                            10     21    -11 (VIOLATED)
fanout11040/X                            10     21    -11 (VIOLATED)
fanout11041/X                            10     21    -11 (VIOLATED)
fanout11044/X                            10     21    -11 (VIOLATED)
fanout11054/X                            10     21    -11 (VIOLATED)
fanout11055/X                            10     21    -11 (VIOLATED)
fanout11058/X                            10     21    -11 (VIOLATED)
fanout11060/X                            10     21    -11 (VIOLATED)
fanout11062/X                            10     21    -11 (VIOLATED)
fanout11064/X                            10     21    -11 (VIOLATED)
fanout11066/X                            10     21    -11 (VIOLATED)
fanout11070/X                            10     21    -11 (VIOLATED)
fanout11072/X                            10     21    -11 (VIOLATED)
fanout11074/X                            10     21    -11 (VIOLATED)
fanout11075/X                            10     21    -11 (VIOLATED)
fanout11077/X                            10     21    -11 (VIOLATED)
fanout11080/X                            10     21    -11 (VIOLATED)
fanout11082/X                            10     21    -11 (VIOLATED)
fanout11085/X                            10     21    -11 (VIOLATED)
fanout11086/X                            10     21    -11 (VIOLATED)
fanout11095/X                            10     21    -11 (VIOLATED)
fanout11097/X                            10     21    -11 (VIOLATED)
fanout11100/X                            10     21    -11 (VIOLATED)
fanout11106/X                            10     21    -11 (VIOLATED)
fanout11111/X                            10     21    -11 (VIOLATED)
fanout11114/X                            10     21    -11 (VIOLATED)
fanout11119/X                            10     21    -11 (VIOLATED)
fanout11123/X                            10     21    -11 (VIOLATED)
fanout11125/X                            10     21    -11 (VIOLATED)
fanout11127/X                            10     21    -11 (VIOLATED)
fanout11131/X                            10     21    -11 (VIOLATED)
fanout11133/X                            10     21    -11 (VIOLATED)
fanout11135/X                            10     21    -11 (VIOLATED)
fanout11139/X                            10     21    -11 (VIOLATED)
fanout11141/X                            10     21    -11 (VIOLATED)
fanout11143/X                            10     21    -11 (VIOLATED)
fanout11144/X                            10     21    -11 (VIOLATED)
fanout11146/X                            10     21    -11 (VIOLATED)
fanout11149/X                            10     21    -11 (VIOLATED)
fanout11151/X                            10     21    -11 (VIOLATED)
fanout11154/X                            10     21    -11 (VIOLATED)
fanout11155/X                            10     21    -11 (VIOLATED)
fanout11211/X                            10     21    -11 (VIOLATED)
fanout11229/X                            10     21    -11 (VIOLATED)
fanout11241/X                            10     21    -11 (VIOLATED)
fanout11245/X                            10     21    -11 (VIOLATED)
fanout11259/X                            10     21    -11 (VIOLATED)
fanout11268/X                            10     21    -11 (VIOLATED)
fanout11272/X                            10     21    -11 (VIOLATED)
fanout11286/X                            10     21    -11 (VIOLATED)
fanout11301/X                            10     21    -11 (VIOLATED)
fanout11313/X                            10     21    -11 (VIOLATED)
fanout11314/X                            10     21    -11 (VIOLATED)
fanout11326/X                            10     21    -11 (VIOLATED)
fanout11327/X                            10     21    -11 (VIOLATED)
fanout11336/X                            10     21    -11 (VIOLATED)
fanout11342/X                            10     21    -11 (VIOLATED)
fanout11354/X                            10     21    -11 (VIOLATED)
fanout11355/X                            10     21    -11 (VIOLATED)
fanout11374/X                            10     21    -11 (VIOLATED)
fanout11388/X                            10     21    -11 (VIOLATED)
fanout11389/X                            10     21    -11 (VIOLATED)
fanout11433/X                            10     21    -11 (VIOLATED)
fanout11447/X                            10     21    -11 (VIOLATED)
fanout11460/X                            10     21    -11 (VIOLATED)
fanout11474/X                            10     21    -11 (VIOLATED)
fanout1148/X                             10     21    -11 (VIOLATED)
fanout11489/X                            10     21    -11 (VIOLATED)
fanout1150/X                             10     21    -11 (VIOLATED)
fanout11504/X                            10     21    -11 (VIOLATED)
fanout11510/X                            10     21    -11 (VIOLATED)
fanout11519/X                            10     21    -11 (VIOLATED)
fanout11521/X                            10     21    -11 (VIOLATED)
fanout11524/X                            10     21    -11 (VIOLATED)
fanout11527/X                            10     21    -11 (VIOLATED)
fanout11531/X                            10     21    -11 (VIOLATED)
fanout11532/X                            10     21    -11 (VIOLATED)
fanout11533/X                            10     21    -11 (VIOLATED)
fanout11537/X                            10     21    -11 (VIOLATED)
fanout11541/X                            10     21    -11 (VIOLATED)
fanout11547/X                            10     21    -11 (VIOLATED)
fanout11553/X                            10     21    -11 (VIOLATED)
fanout11558/X                            10     21    -11 (VIOLATED)
fanout11561/X                            10     21    -11 (VIOLATED)
fanout11563/X                            10     21    -11 (VIOLATED)
fanout11564/X                            10     21    -11 (VIOLATED)
fanout11568/X                            10     21    -11 (VIOLATED)
fanout11569/X                            10     21    -11 (VIOLATED)
fanout11570/X                            10     21    -11 (VIOLATED)
fanout11573/X                            10     21    -11 (VIOLATED)
fanout11574/X                            10     21    -11 (VIOLATED)
fanout11575/X                            10     21    -11 (VIOLATED)
fanout11584/X                            10     21    -11 (VIOLATED)
fanout11605/X                            10     21    -11 (VIOLATED)
fanout11611/X                            10     21    -11 (VIOLATED)
fanout11612/X                            10     21    -11 (VIOLATED)
fanout11615/X                            10     21    -11 (VIOLATED)
fanout11621/X                            10     21    -11 (VIOLATED)
fanout11624/X                            10     21    -11 (VIOLATED)
fanout11638/X                            10     21    -11 (VIOLATED)
fanout11642/X                            10     21    -11 (VIOLATED)
fanout11648/X                            10     21    -11 (VIOLATED)
fanout11650/X                            10     21    -11 (VIOLATED)
fanout11652/X                            10     21    -11 (VIOLATED)
fanout11653/X                            10     21    -11 (VIOLATED)
fanout11654/X                            10     21    -11 (VIOLATED)
fanout11655/X                            10     21    -11 (VIOLATED)
fanout1166/X                             10     21    -11 (VIOLATED)
fanout11675/X                            10     21    -11 (VIOLATED)
fanout11680/X                            10     21    -11 (VIOLATED)
fanout11683/X                            10     21    -11 (VIOLATED)
fanout11685/X                            10     21    -11 (VIOLATED)
fanout11691/X                            10     21    -11 (VIOLATED)
fanout11699/X                            10     21    -11 (VIOLATED)
fanout11704/X                            10     21    -11 (VIOLATED)
fanout11706/X                            10     21    -11 (VIOLATED)
fanout11712/X                            10     21    -11 (VIOLATED)
fanout11725/X                            10     21    -11 (VIOLATED)
fanout11726/X                            10     21    -11 (VIOLATED)
fanout11733/X                            10     21    -11 (VIOLATED)
fanout11734/X                            10     21    -11 (VIOLATED)
fanout11736/X                            10     21    -11 (VIOLATED)
fanout11745/X                            10     21    -11 (VIOLATED)
fanout11748/X                            10     21    -11 (VIOLATED)
fanout11749/X                            10     21    -11 (VIOLATED)
fanout11751/X                            10     21    -11 (VIOLATED)
fanout11752/X                            10     21    -11 (VIOLATED)
fanout11755/X                            10     21    -11 (VIOLATED)
fanout11779/X                            10     21    -11 (VIOLATED)
fanout11792/X                            10     21    -11 (VIOLATED)
fanout11806/X                            10     21    -11 (VIOLATED)
fanout11821/X                            10     21    -11 (VIOLATED)
fanout11838/X                            10     21    -11 (VIOLATED)
fanout11851/X                            10     21    -11 (VIOLATED)
fanout11865/X                            10     21    -11 (VIOLATED)
fanout11880/X                            10     21    -11 (VIOLATED)
fanout11893/X                            10     21    -11 (VIOLATED)
fanout11906/X                            10     21    -11 (VIOLATED)
fanout11928/X                            10     21    -11 (VIOLATED)
fanout1445/X                             10     21    -11 (VIOLATED)
fanout1447/X                             10     21    -11 (VIOLATED)
fanout1449/X                             10     21    -11 (VIOLATED)
fanout1455/X                             10     21    -11 (VIOLATED)
fanout1457/X                             10     21    -11 (VIOLATED)
fanout1458/X                             10     21    -11 (VIOLATED)
fanout1462/X                             10     21    -11 (VIOLATED)
fanout1466/X                             10     21    -11 (VIOLATED)
fanout1471/X                             10     21    -11 (VIOLATED)
fanout1473/X                             10     21    -11 (VIOLATED)
fanout1475/X                             10     21    -11 (VIOLATED)
fanout1476/X                             10     21    -11 (VIOLATED)
fanout1478/X                             10     21    -11 (VIOLATED)
fanout1660/X                             10     21    -11 (VIOLATED)
fanout1700/X                             10     21    -11 (VIOLATED)
fanout1718/X                             10     21    -11 (VIOLATED)
fanout1719/X                             10     21    -11 (VIOLATED)
fanout1720/X                             10     21    -11 (VIOLATED)
fanout1722/X                             10     21    -11 (VIOLATED)
fanout1724/X                             10     21    -11 (VIOLATED)
fanout1725/X                             10     21    -11 (VIOLATED)
fanout1726/X                             10     21    -11 (VIOLATED)
fanout1727/X                             10     21    -11 (VIOLATED)
fanout1728/X                             10     21    -11 (VIOLATED)
fanout1732/X                             10     21    -11 (VIOLATED)
fanout1734/X                             10     21    -11 (VIOLATED)
fanout1736/X                             10     21    -11 (VIOLATED)
fanout1741/X                             10     21    -11 (VIOLATED)
fanout1743/X                             10     21    -11 (VIOLATED)
fanout1745/X                             10     21    -11 (VIOLATED)
fanout1752/X                             10     21    -11 (VIOLATED)
fanout1754/X                             10     21    -11 (VIOLATED)
fanout1756/X                             10     21    -11 (VIOLATED)
fanout1757/X                             10     21    -11 (VIOLATED)
fanout1760/X                             10     21    -11 (VIOLATED)
fanout1762/X                             10     21    -11 (VIOLATED)
fanout1765/X                             10     21    -11 (VIOLATED)
fanout1767/X                             10     21    -11 (VIOLATED)
fanout1769/X                             10     21    -11 (VIOLATED)
fanout1770/X                             10     21    -11 (VIOLATED)
fanout1771/X                             10     21    -11 (VIOLATED)
fanout1776/X                             10     21    -11 (VIOLATED)
fanout1778/X                             10     21    -11 (VIOLATED)
fanout1781/X                             10     21    -11 (VIOLATED)
fanout1785/X                             10     21    -11 (VIOLATED)
fanout1788/X                             10     21    -11 (VIOLATED)
fanout1790/X                             10     21    -11 (VIOLATED)
fanout1792/X                             10     21    -11 (VIOLATED)
fanout1795/X                             10     21    -11 (VIOLATED)
fanout1797/X                             10     21    -11 (VIOLATED)
fanout1799/X                             10     21    -11 (VIOLATED)
fanout1801/X                             10     21    -11 (VIOLATED)
fanout211/X                              10     21    -11 (VIOLATED)
fanout213/X                              10     21    -11 (VIOLATED)
fanout2338/X                             10     21    -11 (VIOLATED)
fanout2455/X                             10     21    -11 (VIOLATED)
fanout2526/X                             10     21    -11 (VIOLATED)
fanout257/X                              10     21    -11 (VIOLATED)
fanout258/X                              10     21    -11 (VIOLATED)
fanout262/X                              10     21    -11 (VIOLATED)
fanout268/X                              10     21    -11 (VIOLATED)
fanout270/X                              10     21    -11 (VIOLATED)
fanout281/X                              10     21    -11 (VIOLATED)
fanout283/X                              10     21    -11 (VIOLATED)
fanout2894/X                             10     21    -11 (VIOLATED)
fanout296/X                              10     21    -11 (VIOLATED)
fanout298/X                              10     21    -11 (VIOLATED)
fanout300/X                              10     21    -11 (VIOLATED)
fanout302/X                              10     21    -11 (VIOLATED)
fanout313/X                              10     21    -11 (VIOLATED)
fanout314/X                              10     21    -11 (VIOLATED)
fanout316/X                              10     21    -11 (VIOLATED)
fanout329/X                              10     21    -11 (VIOLATED)
fanout331/X                              10     21    -11 (VIOLATED)
fanout3349/X                             10     21    -11 (VIOLATED)
fanout3360/X                             10     21    -11 (VIOLATED)
fanout3368/X                             10     21    -11 (VIOLATED)
fanout346/X                              10     21    -11 (VIOLATED)
fanout347/X                              10     21    -11 (VIOLATED)
fanout3483/X                             10     21    -11 (VIOLATED)
fanout3489/X                             10     21    -11 (VIOLATED)
fanout3491/X                             10     21    -11 (VIOLATED)
fanout350/X                              10     21    -11 (VIOLATED)
fanout3500/X                             10     21    -11 (VIOLATED)
fanout3508/X                             10     21    -11 (VIOLATED)
fanout3509/X                             10     21    -11 (VIOLATED)
fanout3515/X                             10     21    -11 (VIOLATED)
fanout3519/X                             10     21    -11 (VIOLATED)
fanout352/X                              10     21    -11 (VIOLATED)
fanout3523/X                             10     21    -11 (VIOLATED)
fanout3524/X                             10     21    -11 (VIOLATED)
fanout3531/X                             10     21    -11 (VIOLATED)
fanout3536/X                             10     21    -11 (VIOLATED)
fanout3538/X                             10     21    -11 (VIOLATED)
fanout3539/X                             10     21    -11 (VIOLATED)
fanout3543/X                             10     21    -11 (VIOLATED)
fanout359/X                              10     21    -11 (VIOLATED)
fanout361/X                              10     21    -11 (VIOLATED)
fanout3622/X                             10     21    -11 (VIOLATED)
fanout369/X                              10     21    -11 (VIOLATED)
fanout371/X                              10     21    -11 (VIOLATED)
fanout3742/X                             10     21    -11 (VIOLATED)
fanout3765/X                             10     21    -11 (VIOLATED)
fanout3778/X                             10     21    -11 (VIOLATED)
fanout3803/X                             10     21    -11 (VIOLATED)
fanout3811/X                             10     21    -11 (VIOLATED)
fanout388/X                              10     21    -11 (VIOLATED)
fanout396/X                              10     21    -11 (VIOLATED)
fanout398/X                              10     21    -11 (VIOLATED)
fanout400/X                              10     21    -11 (VIOLATED)
fanout4025/X                             10     21    -11 (VIOLATED)
fanout4032/X                             10     21    -11 (VIOLATED)
fanout4033/X                             10     21    -11 (VIOLATED)
fanout4035/X                             10     21    -11 (VIOLATED)
fanout4036/X                             10     21    -11 (VIOLATED)
fanout4037/X                             10     21    -11 (VIOLATED)
fanout4038/X                             10     21    -11 (VIOLATED)
fanout4039/X                             10     21    -11 (VIOLATED)
fanout4040/X                             10     21    -11 (VIOLATED)
fanout4042/X                             10     21    -11 (VIOLATED)
fanout4043/X                             10     21    -11 (VIOLATED)
fanout4044/X                             10     21    -11 (VIOLATED)
fanout4046/X                             10     21    -11 (VIOLATED)
fanout4048/X                             10     21    -11 (VIOLATED)
fanout4049/X                             10     21    -11 (VIOLATED)
fanout4050/X                             10     21    -11 (VIOLATED)
fanout4055/X                             10     21    -11 (VIOLATED)
fanout4056/X                             10     21    -11 (VIOLATED)
fanout4059/X                             10     21    -11 (VIOLATED)
fanout4061/X                             10     21    -11 (VIOLATED)
fanout4064/X                             10     21    -11 (VIOLATED)
fanout4065/X                             10     21    -11 (VIOLATED)
fanout4067/X                             10     21    -11 (VIOLATED)
fanout4068/X                             10     21    -11 (VIOLATED)
fanout4070/X                             10     21    -11 (VIOLATED)
fanout4071/X                             10     21    -11 (VIOLATED)
fanout4072/X                             10     21    -11 (VIOLATED)
fanout4073/X                             10     21    -11 (VIOLATED)
fanout4075/X                             10     21    -11 (VIOLATED)
fanout4077/X                             10     21    -11 (VIOLATED)
fanout4079/X                             10     21    -11 (VIOLATED)
fanout4080/X                             10     21    -11 (VIOLATED)
fanout4089/X                             10     21    -11 (VIOLATED)
fanout4090/X                             10     21    -11 (VIOLATED)
fanout4091/X                             10     21    -11 (VIOLATED)
fanout4094/X                             10     21    -11 (VIOLATED)
fanout4095/X                             10     21    -11 (VIOLATED)
fanout4101/X                             10     21    -11 (VIOLATED)
fanout4102/X                             10     21    -11 (VIOLATED)
fanout4106/X                             10     21    -11 (VIOLATED)
fanout4108/X                             10     21    -11 (VIOLATED)
fanout4113/X                             10     21    -11 (VIOLATED)
fanout4115/X                             10     21    -11 (VIOLATED)
fanout4117/X                             10     21    -11 (VIOLATED)
fanout4118/X                             10     21    -11 (VIOLATED)
fanout4119/X                             10     21    -11 (VIOLATED)
fanout4120/X                             10     21    -11 (VIOLATED)
fanout4122/X                             10     21    -11 (VIOLATED)
fanout4126/X                             10     21    -11 (VIOLATED)
fanout4127/X                             10     21    -11 (VIOLATED)
fanout4129/X                             10     21    -11 (VIOLATED)
fanout4130/X                             10     21    -11 (VIOLATED)
fanout4131/X                             10     21    -11 (VIOLATED)
fanout4133/X                             10     21    -11 (VIOLATED)
fanout4135/X                             10     21    -11 (VIOLATED)
fanout4136/X                             10     21    -11 (VIOLATED)
fanout4139/X                             10     21    -11 (VIOLATED)
fanout4140/X                             10     21    -11 (VIOLATED)
fanout4141/X                             10     21    -11 (VIOLATED)
fanout4145/X                             10     21    -11 (VIOLATED)
fanout4149/X                             10     21    -11 (VIOLATED)
fanout4150/X                             10     21    -11 (VIOLATED)
fanout4152/X                             10     21    -11 (VIOLATED)
fanout4154/X                             10     21    -11 (VIOLATED)
fanout4156/X                             10     21    -11 (VIOLATED)
fanout4158/X                             10     21    -11 (VIOLATED)
fanout4159/X                             10     21    -11 (VIOLATED)
fanout4160/X                             10     21    -11 (VIOLATED)
fanout4162/X                             10     21    -11 (VIOLATED)
fanout4167/X                             10     21    -11 (VIOLATED)
fanout4168/X                             10     21    -11 (VIOLATED)
fanout4169/X                             10     21    -11 (VIOLATED)
fanout417/X                              10     21    -11 (VIOLATED)
fanout4174/X                             10     21    -11 (VIOLATED)
fanout4176/X                             10     21    -11 (VIOLATED)
fanout4177/X                             10     21    -11 (VIOLATED)
fanout4180/X                             10     21    -11 (VIOLATED)
fanout4182/X                             10     21    -11 (VIOLATED)
fanout4183/X                             10     21    -11 (VIOLATED)
fanout4184/X                             10     21    -11 (VIOLATED)
fanout4189/X                             10     21    -11 (VIOLATED)
fanout419/X                              10     21    -11 (VIOLATED)
fanout4191/X                             10     21    -11 (VIOLATED)
fanout4195/X                             10     21    -11 (VIOLATED)
fanout4197/X                             10     21    -11 (VIOLATED)
fanout4199/X                             10     21    -11 (VIOLATED)
fanout4200/X                             10     21    -11 (VIOLATED)
fanout4205/X                             10     21    -11 (VIOLATED)
fanout4206/X                             10     21    -11 (VIOLATED)
fanout4207/X                             10     21    -11 (VIOLATED)
fanout4211/X                             10     21    -11 (VIOLATED)
fanout4212/X                             10     21    -11 (VIOLATED)
fanout4213/X                             10     21    -11 (VIOLATED)
fanout4215/X                             10     21    -11 (VIOLATED)
fanout4217/X                             10     21    -11 (VIOLATED)
fanout4219/X                             10     21    -11 (VIOLATED)
fanout4228/X                             10     21    -11 (VIOLATED)
fanout4229/X                             10     21    -11 (VIOLATED)
fanout4231/X                             10     21    -11 (VIOLATED)
fanout4232/X                             10     21    -11 (VIOLATED)
fanout4235/X                             10     21    -11 (VIOLATED)
fanout4236/X                             10     21    -11 (VIOLATED)
fanout4238/X                             10     21    -11 (VIOLATED)
fanout4240/X                             10     21    -11 (VIOLATED)
fanout4241/X                             10     21    -11 (VIOLATED)
fanout4243/X                             10     21    -11 (VIOLATED)
fanout4245/X                             10     21    -11 (VIOLATED)
fanout4246/X                             10     21    -11 (VIOLATED)
fanout4248/X                             10     21    -11 (VIOLATED)
fanout4249/X                             10     21    -11 (VIOLATED)
fanout4250/X                             10     21    -11 (VIOLATED)
fanout4251/X                             10     21    -11 (VIOLATED)
fanout4258/X                             10     21    -11 (VIOLATED)
fanout4260/X                             10     21    -11 (VIOLATED)
fanout4261/X                             10     21    -11 (VIOLATED)
fanout4262/X                             10     21    -11 (VIOLATED)
fanout4268/X                             10     21    -11 (VIOLATED)
fanout4269/X                             10     21    -11 (VIOLATED)
fanout4271/X                             10     21    -11 (VIOLATED)
fanout4273/X                             10     21    -11 (VIOLATED)
fanout4275/X                             10     21    -11 (VIOLATED)
fanout4277/X                             10     21    -11 (VIOLATED)
fanout4278/X                             10     21    -11 (VIOLATED)
fanout4279/X                             10     21    -11 (VIOLATED)
fanout4283/X                             10     21    -11 (VIOLATED)
fanout4285/X                             10     21    -11 (VIOLATED)
fanout4286/X                             10     21    -11 (VIOLATED)
fanout430/X                              10     21    -11 (VIOLATED)
fanout4305/X                             10     21    -11 (VIOLATED)
fanout4306/X                             10     21    -11 (VIOLATED)
fanout4307/X                             10     21    -11 (VIOLATED)
fanout4309/X                             10     21    -11 (VIOLATED)
fanout431/X                              10     21    -11 (VIOLATED)
fanout4310/X                             10     21    -11 (VIOLATED)
fanout4311/X                             10     21    -11 (VIOLATED)
fanout4312/X                             10     21    -11 (VIOLATED)
fanout4314/X                             10     21    -11 (VIOLATED)
fanout4318/X                             10     21    -11 (VIOLATED)
fanout432/X                              10     21    -11 (VIOLATED)
fanout4321/X                             10     21    -11 (VIOLATED)
fanout4323/X                             10     21    -11 (VIOLATED)
fanout4325/X                             10     21    -11 (VIOLATED)
fanout4327/X                             10     21    -11 (VIOLATED)
fanout4328/X                             10     21    -11 (VIOLATED)
fanout4334/X                             10     21    -11 (VIOLATED)
fanout4335/X                             10     21    -11 (VIOLATED)
fanout4340/X                             10     21    -11 (VIOLATED)
fanout4343/X                             10     21    -11 (VIOLATED)
fanout4345/X                             10     21    -11 (VIOLATED)
fanout4350/X                             10     21    -11 (VIOLATED)
fanout4352/X                             10     21    -11 (VIOLATED)
fanout4353/X                             10     21    -11 (VIOLATED)
fanout437/X                              10     21    -11 (VIOLATED)
fanout4386/X                             10     21    -11 (VIOLATED)
fanout4388/X                             10     21    -11 (VIOLATED)
fanout4395/X                             10     21    -11 (VIOLATED)
fanout4396/X                             10     21    -11 (VIOLATED)
fanout4399/X                             10     21    -11 (VIOLATED)
fanout4401/X                             10     21    -11 (VIOLATED)
fanout4402/X                             10     21    -11 (VIOLATED)
fanout4404/X                             10     21    -11 (VIOLATED)
fanout4405/X                             10     21    -11 (VIOLATED)
fanout4407/X                             10     21    -11 (VIOLATED)
fanout4408/X                             10     21    -11 (VIOLATED)
fanout4409/X                             10     21    -11 (VIOLATED)
fanout4410/X                             10     21    -11 (VIOLATED)
fanout4412/X                             10     21    -11 (VIOLATED)
fanout4415/X                             10     21    -11 (VIOLATED)
fanout4416/X                             10     21    -11 (VIOLATED)
fanout4417/X                             10     21    -11 (VIOLATED)
fanout4418/X                             10     21    -11 (VIOLATED)
fanout4420/X                             10     21    -11 (VIOLATED)
fanout4423/X                             10     21    -11 (VIOLATED)
fanout4424/X                             10     21    -11 (VIOLATED)
fanout4425/X                             10     21    -11 (VIOLATED)
fanout4426/X                             10     21    -11 (VIOLATED)
fanout4427/X                             10     21    -11 (VIOLATED)
fanout4428/X                             10     21    -11 (VIOLATED)
fanout4430/X                             10     21    -11 (VIOLATED)
fanout4431/X                             10     21    -11 (VIOLATED)
fanout4433/X                             10     21    -11 (VIOLATED)
fanout4434/X                             10     21    -11 (VIOLATED)
fanout4435/X                             10     21    -11 (VIOLATED)
fanout4437/X                             10     21    -11 (VIOLATED)
fanout4438/X                             10     21    -11 (VIOLATED)
fanout444/X                              10     21    -11 (VIOLATED)
fanout4441/X                             10     21    -11 (VIOLATED)
fanout4443/X                             10     21    -11 (VIOLATED)
fanout4444/X                             10     21    -11 (VIOLATED)
fanout4446/X                             10     21    -11 (VIOLATED)
fanout4449/X                             10     21    -11 (VIOLATED)
fanout4451/X                             10     21    -11 (VIOLATED)
fanout4452/X                             10     21    -11 (VIOLATED)
fanout4454/X                             10     21    -11 (VIOLATED)
fanout4455/X                             10     21    -11 (VIOLATED)
fanout446/X                              10     21    -11 (VIOLATED)
fanout4464/X                             10     21    -11 (VIOLATED)
fanout4465/X                             10     21    -11 (VIOLATED)
fanout4466/X                             10     21    -11 (VIOLATED)
fanout4470/X                             10     21    -11 (VIOLATED)
fanout4472/X                             10     21    -11 (VIOLATED)
fanout4474/X                             10     21    -11 (VIOLATED)
fanout4478/X                             10     21    -11 (VIOLATED)
fanout4479/X                             10     21    -11 (VIOLATED)
fanout4480/X                             10     21    -11 (VIOLATED)
fanout4482/X                             10     21    -11 (VIOLATED)
fanout4485/X                             10     21    -11 (VIOLATED)
fanout4486/X                             10     21    -11 (VIOLATED)
fanout4487/X                             10     21    -11 (VIOLATED)
fanout4492/X                             10     21    -11 (VIOLATED)
fanout4493/X                             10     21    -11 (VIOLATED)
fanout4494/X                             10     21    -11 (VIOLATED)
fanout4495/X                             10     21    -11 (VIOLATED)
fanout4499/X                             10     21    -11 (VIOLATED)
fanout4500/X                             10     21    -11 (VIOLATED)
fanout4501/X                             10     21    -11 (VIOLATED)
fanout4502/X                             10     21    -11 (VIOLATED)
fanout4503/X                             10     21    -11 (VIOLATED)
fanout4505/X                             10     21    -11 (VIOLATED)
fanout4508/X                             10     21    -11 (VIOLATED)
fanout4510/X                             10     21    -11 (VIOLATED)
fanout4512/X                             10     21    -11 (VIOLATED)
fanout4513/X                             10     21    -11 (VIOLATED)
fanout4516/X                             10     21    -11 (VIOLATED)
fanout4517/X                             10     21    -11 (VIOLATED)
fanout4519/X                             10     21    -11 (VIOLATED)
fanout4520/X                             10     21    -11 (VIOLATED)
fanout4522/X                             10     21    -11 (VIOLATED)
fanout4524/X                             10     21    -11 (VIOLATED)
fanout4527/X                             10     21    -11 (VIOLATED)
fanout4529/X                             10     21    -11 (VIOLATED)
fanout4530/X                             10     21    -11 (VIOLATED)
fanout4531/X                             10     21    -11 (VIOLATED)
fanout4532/X                             10     21    -11 (VIOLATED)
fanout4534/X                             10     21    -11 (VIOLATED)
fanout4544/X                             10     21    -11 (VIOLATED)
fanout4546/X                             10     21    -11 (VIOLATED)
fanout4548/X                             10     21    -11 (VIOLATED)
fanout455/X                              10     21    -11 (VIOLATED)
fanout4550/X                             10     21    -11 (VIOLATED)
fanout4553/X                             10     21    -11 (VIOLATED)
fanout4554/X                             10     21    -11 (VIOLATED)
fanout4556/X                             10     21    -11 (VIOLATED)
fanout4557/X                             10     21    -11 (VIOLATED)
fanout4560/X                             10     21    -11 (VIOLATED)
fanout4561/X                             10     21    -11 (VIOLATED)
fanout4563/X                             10     21    -11 (VIOLATED)
fanout4564/X                             10     21    -11 (VIOLATED)
fanout4567/X                             10     21    -11 (VIOLATED)
fanout4569/X                             10     21    -11 (VIOLATED)
fanout4571/X                             10     21    -11 (VIOLATED)
fanout4573/X                             10     21    -11 (VIOLATED)
fanout4574/X                             10     21    -11 (VIOLATED)
fanout4575/X                             10     21    -11 (VIOLATED)
fanout4577/X                             10     21    -11 (VIOLATED)
fanout4579/X                             10     21    -11 (VIOLATED)
fanout4580/X                             10     21    -11 (VIOLATED)
fanout4583/X                             10     21    -11 (VIOLATED)
fanout4584/X                             10     21    -11 (VIOLATED)
fanout4586/X                             10     21    -11 (VIOLATED)
fanout4587/X                             10     21    -11 (VIOLATED)
fanout4588/X                             10     21    -11 (VIOLATED)
fanout4589/X                             10     21    -11 (VIOLATED)
fanout4590/X                             10     21    -11 (VIOLATED)
fanout4592/X                             10     21    -11 (VIOLATED)
fanout4593/X                             10     21    -11 (VIOLATED)
fanout4599/X                             10     21    -11 (VIOLATED)
fanout4600/X                             10     21    -11 (VIOLATED)
fanout4601/X                             10     21    -11 (VIOLATED)
fanout4602/X                             10     21    -11 (VIOLATED)
fanout4604/X                             10     21    -11 (VIOLATED)
fanout4605/X                             10     21    -11 (VIOLATED)
fanout4611/X                             10     21    -11 (VIOLATED)
fanout4613/X                             10     21    -11 (VIOLATED)
fanout4615/X                             10     21    -11 (VIOLATED)
fanout4620/X                             10     21    -11 (VIOLATED)
fanout4621/X                             10     21    -11 (VIOLATED)
fanout4622/X                             10     21    -11 (VIOLATED)
fanout4623/X                             10     21    -11 (VIOLATED)
fanout4624/X                             10     21    -11 (VIOLATED)
fanout4630/X                             10     21    -11 (VIOLATED)
fanout4632/X                             10     21    -11 (VIOLATED)
fanout4643/X                             10     21    -11 (VIOLATED)
fanout4644/X                             10     21    -11 (VIOLATED)
fanout4645/X                             10     21    -11 (VIOLATED)
fanout4647/X                             10     21    -11 (VIOLATED)
fanout4648/X                             10     21    -11 (VIOLATED)
fanout4649/X                             10     21    -11 (VIOLATED)
fanout4652/X                             10     21    -11 (VIOLATED)
fanout4653/X                             10     21    -11 (VIOLATED)
fanout4654/X                             10     21    -11 (VIOLATED)
fanout4656/X                             10     21    -11 (VIOLATED)
fanout4658/X                             10     21    -11 (VIOLATED)
fanout4659/X                             10     21    -11 (VIOLATED)
fanout4662/X                             10     21    -11 (VIOLATED)
fanout4663/X                             10     21    -11 (VIOLATED)
fanout4665/X                             10     21    -11 (VIOLATED)
fanout4667/X                             10     21    -11 (VIOLATED)
fanout4668/X                             10     21    -11 (VIOLATED)
fanout4672/X                             10     21    -11 (VIOLATED)
fanout4673/X                             10     21    -11 (VIOLATED)
fanout4674/X                             10     21    -11 (VIOLATED)
fanout4676/X                             10     21    -11 (VIOLATED)
fanout4678/X                             10     21    -11 (VIOLATED)
fanout4682/X                             10     21    -11 (VIOLATED)
fanout4683/X                             10     21    -11 (VIOLATED)
fanout4684/X                             10     21    -11 (VIOLATED)
fanout4689/X                             10     21    -11 (VIOLATED)
fanout4690/X                             10     21    -11 (VIOLATED)
fanout4693/X                             10     21    -11 (VIOLATED)
fanout4697/X                             10     21    -11 (VIOLATED)
fanout4700/X                             10     21    -11 (VIOLATED)
fanout4702/X                             10     21    -11 (VIOLATED)
fanout4703/X                             10     21    -11 (VIOLATED)
fanout4706/X                             10     21    -11 (VIOLATED)
fanout4710/X                             10     21    -11 (VIOLATED)
fanout4712/X                             10     21    -11 (VIOLATED)
fanout4713/X                             10     21    -11 (VIOLATED)
fanout4719/X                             10     21    -11 (VIOLATED)
fanout472/X                              10     21    -11 (VIOLATED)
fanout4720/X                             10     21    -11 (VIOLATED)
fanout4721/X                             10     21    -11 (VIOLATED)
fanout4722/X                             10     21    -11 (VIOLATED)
fanout4724/X                             10     21    -11 (VIOLATED)
fanout4725/X                             10     21    -11 (VIOLATED)
fanout4726/X                             10     21    -11 (VIOLATED)
fanout473/X                              10     21    -11 (VIOLATED)
fanout4744/X                             10     21    -11 (VIOLATED)
fanout4746/X                             10     21    -11 (VIOLATED)
fanout4747/X                             10     21    -11 (VIOLATED)
fanout4749/X                             10     21    -11 (VIOLATED)
fanout475/X                              10     21    -11 (VIOLATED)
fanout4751/X                             10     21    -11 (VIOLATED)
fanout4752/X                             10     21    -11 (VIOLATED)
fanout4753/X                             10     21    -11 (VIOLATED)
fanout4754/X                             10     21    -11 (VIOLATED)
fanout4756/X                             10     21    -11 (VIOLATED)
fanout4757/X                             10     21    -11 (VIOLATED)
fanout4762/X                             10     21    -11 (VIOLATED)
fanout4766/X                             10     21    -11 (VIOLATED)
fanout4769/X                             10     21    -11 (VIOLATED)
fanout4772/X                             10     21    -11 (VIOLATED)
fanout4778/X                             10     21    -11 (VIOLATED)
fanout4779/X                             10     21    -11 (VIOLATED)
fanout4785/X                             10     21    -11 (VIOLATED)
fanout4787/X                             10     21    -11 (VIOLATED)
fanout4789/X                             10     21    -11 (VIOLATED)
fanout4792/X                             10     21    -11 (VIOLATED)
fanout4794/X                             10     21    -11 (VIOLATED)
fanout4803/X                             10     21    -11 (VIOLATED)
fanout4807/X                             10     21    -11 (VIOLATED)
fanout4808/X                             10     21    -11 (VIOLATED)
fanout4809/X                             10     21    -11 (VIOLATED)
fanout481/X                              10     21    -11 (VIOLATED)
fanout4810/X                             10     21    -11 (VIOLATED)
fanout4811/X                             10     21    -11 (VIOLATED)
fanout4815/X                             10     21    -11 (VIOLATED)
fanout482/X                              10     21    -11 (VIOLATED)
fanout483/X                              10     21    -11 (VIOLATED)
fanout4848/X                             10     21    -11 (VIOLATED)
fanout4850/X                             10     21    -11 (VIOLATED)
fanout4853/X                             10     21    -11 (VIOLATED)
fanout4854/X                             10     21    -11 (VIOLATED)
fanout4855/X                             10     21    -11 (VIOLATED)
fanout4856/X                             10     21    -11 (VIOLATED)
fanout4859/X                             10     21    -11 (VIOLATED)
fanout4860/X                             10     21    -11 (VIOLATED)
fanout4861/X                             10     21    -11 (VIOLATED)
fanout4867/X                             10     21    -11 (VIOLATED)
fanout4869/X                             10     21    -11 (VIOLATED)
fanout4870/X                             10     21    -11 (VIOLATED)
fanout4871/X                             10     21    -11 (VIOLATED)
fanout4872/X                             10     21    -11 (VIOLATED)
fanout4875/X                             10     21    -11 (VIOLATED)
fanout4877/X                             10     21    -11 (VIOLATED)
fanout4878/X                             10     21    -11 (VIOLATED)
fanout4880/X                             10     21    -11 (VIOLATED)
fanout4881/X                             10     21    -11 (VIOLATED)
fanout4882/X                             10     21    -11 (VIOLATED)
fanout4892/X                             10     21    -11 (VIOLATED)
fanout4893/X                             10     21    -11 (VIOLATED)
fanout4894/X                             10     21    -11 (VIOLATED)
fanout4897/X                             10     21    -11 (VIOLATED)
fanout4901/X                             10     21    -11 (VIOLATED)
fanout4905/X                             10     21    -11 (VIOLATED)
fanout4910/X                             10     21    -11 (VIOLATED)
fanout4911/X                             10     21    -11 (VIOLATED)
fanout4913/X                             10     21    -11 (VIOLATED)
fanout4914/X                             10     21    -11 (VIOLATED)
fanout4915/X                             10     21    -11 (VIOLATED)
fanout4916/X                             10     21    -11 (VIOLATED)
fanout4917/X                             10     21    -11 (VIOLATED)
fanout4919/X                             10     21    -11 (VIOLATED)
fanout4921/X                             10     21    -11 (VIOLATED)
fanout4926/X                             10     21    -11 (VIOLATED)
fanout4927/X                             10     21    -11 (VIOLATED)
fanout4931/X                             10     21    -11 (VIOLATED)
fanout4934/X                             10     21    -11 (VIOLATED)
fanout4935/X                             10     21    -11 (VIOLATED)
fanout4936/X                             10     21    -11 (VIOLATED)
fanout4938/X                             10     21    -11 (VIOLATED)
fanout4941/X                             10     21    -11 (VIOLATED)
fanout4943/X                             10     21    -11 (VIOLATED)
fanout4946/X                             10     21    -11 (VIOLATED)
fanout4947/X                             10     21    -11 (VIOLATED)
fanout4950/X                             10     21    -11 (VIOLATED)
fanout4951/X                             10     21    -11 (VIOLATED)
fanout4952/X                             10     21    -11 (VIOLATED)
fanout4954/X                             10     21    -11 (VIOLATED)
fanout4956/X                             10     21    -11 (VIOLATED)
fanout4959/X                             10     21    -11 (VIOLATED)
fanout4960/X                             10     21    -11 (VIOLATED)
fanout4961/X                             10     21    -11 (VIOLATED)
fanout4962/X                             10     21    -11 (VIOLATED)
fanout4968/X                             10     21    -11 (VIOLATED)
fanout4974/X                             10     21    -11 (VIOLATED)
fanout4975/X                             10     21    -11 (VIOLATED)
fanout4977/X                             10     21    -11 (VIOLATED)
fanout4980/X                             10     21    -11 (VIOLATED)
fanout4982/X                             10     21    -11 (VIOLATED)
fanout4989/X                             10     21    -11 (VIOLATED)
fanout4991/X                             10     21    -11 (VIOLATED)
fanout4992/X                             10     21    -11 (VIOLATED)
fanout4993/X                             10     21    -11 (VIOLATED)
fanout4994/X                             10     21    -11 (VIOLATED)
fanout4997/X                             10     21    -11 (VIOLATED)
fanout4999/X                             10     21    -11 (VIOLATED)
fanout5001/X                             10     21    -11 (VIOLATED)
fanout5003/X                             10     21    -11 (VIOLATED)
fanout5007/X                             10     21    -11 (VIOLATED)
fanout5018/X                             10     21    -11 (VIOLATED)
fanout5020/X                             10     21    -11 (VIOLATED)
fanout5022/X                             10     21    -11 (VIOLATED)
fanout5029/X                             10     21    -11 (VIOLATED)
fanout5030/X                             10     21    -11 (VIOLATED)
fanout5031/X                             10     21    -11 (VIOLATED)
fanout5032/X                             10     21    -11 (VIOLATED)
fanout5050/X                             10     21    -11 (VIOLATED)
fanout5052/X                             10     21    -11 (VIOLATED)
fanout5056/X                             10     21    -11 (VIOLATED)
fanout5057/X                             10     21    -11 (VIOLATED)
fanout506/X                              10     21    -11 (VIOLATED)
fanout5060/X                             10     21    -11 (VIOLATED)
fanout5064/X                             10     21    -11 (VIOLATED)
fanout5065/X                             10     21    -11 (VIOLATED)
fanout508/X                              10     21    -11 (VIOLATED)
fanout5082/X                             10     21    -11 (VIOLATED)
fanout5083/X                             10     21    -11 (VIOLATED)
fanout5087/X                             10     21    -11 (VIOLATED)
fanout5088/X                             10     21    -11 (VIOLATED)
fanout5089/X                             10     21    -11 (VIOLATED)
fanout5096/X                             10     21    -11 (VIOLATED)
fanout5098/X                             10     21    -11 (VIOLATED)
fanout5099/X                             10     21    -11 (VIOLATED)
fanout5189/X                             10     21    -11 (VIOLATED)
fanout5193/X                             10     21    -11 (VIOLATED)
fanout5197/X                             10     21    -11 (VIOLATED)
fanout5198/X                             10     21    -11 (VIOLATED)
fanout5199/X                             10     21    -11 (VIOLATED)
fanout5204/X                             10     21    -11 (VIOLATED)
fanout5206/X                             10     21    -11 (VIOLATED)
fanout5207/X                             10     21    -11 (VIOLATED)
fanout5209/X                             10     21    -11 (VIOLATED)
fanout5211/X                             10     21    -11 (VIOLATED)
fanout5216/X                             10     21    -11 (VIOLATED)
fanout5217/X                             10     21    -11 (VIOLATED)
fanout5219/X                             10     21    -11 (VIOLATED)
fanout5221/X                             10     21    -11 (VIOLATED)
fanout5222/X                             10     21    -11 (VIOLATED)
fanout5223/X                             10     21    -11 (VIOLATED)
fanout5224/X                             10     21    -11 (VIOLATED)
fanout5226/X                             10     21    -11 (VIOLATED)
fanout5227/X                             10     21    -11 (VIOLATED)
fanout5230/X                             10     21    -11 (VIOLATED)
fanout5232/X                             10     21    -11 (VIOLATED)
fanout5234/X                             10     21    -11 (VIOLATED)
fanout5236/X                             10     21    -11 (VIOLATED)
fanout5237/X                             10     21    -11 (VIOLATED)
fanout5239/X                             10     21    -11 (VIOLATED)
fanout5242/X                             10     21    -11 (VIOLATED)
fanout5244/X                             10     21    -11 (VIOLATED)
fanout5245/X                             10     21    -11 (VIOLATED)
fanout5246/X                             10     21    -11 (VIOLATED)
fanout5248/X                             10     21    -11 (VIOLATED)
fanout5249/X                             10     21    -11 (VIOLATED)
fanout525/X                              10     21    -11 (VIOLATED)
fanout5252/X                             10     21    -11 (VIOLATED)
fanout5253/X                             10     21    -11 (VIOLATED)
fanout5254/X                             10     21    -11 (VIOLATED)
fanout5255/X                             10     21    -11 (VIOLATED)
fanout5257/X                             10     21    -11 (VIOLATED)
fanout5258/X                             10     21    -11 (VIOLATED)
fanout5261/X                             10     21    -11 (VIOLATED)
fanout5263/X                             10     21    -11 (VIOLATED)
fanout5265/X                             10     21    -11 (VIOLATED)
fanout5266/X                             10     21    -11 (VIOLATED)
fanout5267/X                             10     21    -11 (VIOLATED)
fanout5268/X                             10     21    -11 (VIOLATED)
fanout5277/X                             10     21    -11 (VIOLATED)
fanout5279/X                             10     21    -11 (VIOLATED)
fanout528/X                              10     21    -11 (VIOLATED)
fanout5284/X                             10     21    -11 (VIOLATED)
fanout5286/X                             10     21    -11 (VIOLATED)
fanout5288/X                             10     21    -11 (VIOLATED)
fanout5289/X                             10     21    -11 (VIOLATED)
fanout5290/X                             10     21    -11 (VIOLATED)
fanout5291/X                             10     21    -11 (VIOLATED)
fanout5293/X                             10     21    -11 (VIOLATED)
fanout5295/X                             10     21    -11 (VIOLATED)
fanout5297/X                             10     21    -11 (VIOLATED)
fanout5299/X                             10     21    -11 (VIOLATED)
fanout5302/X                             10     21    -11 (VIOLATED)
fanout5303/X                             10     21    -11 (VIOLATED)
fanout5304/X                             10     21    -11 (VIOLATED)
fanout5308/X                             10     21    -11 (VIOLATED)
fanout5311/X                             10     21    -11 (VIOLATED)
fanout5312/X                             10     21    -11 (VIOLATED)
fanout5315/X                             10     21    -11 (VIOLATED)
fanout5316/X                             10     21    -11 (VIOLATED)
fanout5319/X                             10     21    -11 (VIOLATED)
fanout5320/X                             10     21    -11 (VIOLATED)
fanout5321/X                             10     21    -11 (VIOLATED)
fanout5324/X                             10     21    -11 (VIOLATED)
fanout5325/X                             10     21    -11 (VIOLATED)
fanout5327/X                             10     21    -11 (VIOLATED)
fanout5328/X                             10     21    -11 (VIOLATED)
fanout5330/X                             10     21    -11 (VIOLATED)
fanout5336/X                             10     21    -11 (VIOLATED)
fanout5338/X                             10     21    -11 (VIOLATED)
fanout5341/X                             10     21    -11 (VIOLATED)
fanout5342/X                             10     21    -11 (VIOLATED)
fanout5351/X                             10     21    -11 (VIOLATED)
fanout5353/X                             10     21    -11 (VIOLATED)
fanout5354/X                             10     21    -11 (VIOLATED)
fanout5356/X                             10     21    -11 (VIOLATED)
fanout5358/X                             10     21    -11 (VIOLATED)
fanout5360/X                             10     21    -11 (VIOLATED)
fanout5361/X                             10     21    -11 (VIOLATED)
fanout5364/X                             10     21    -11 (VIOLATED)
fanout5367/X                             10     21    -11 (VIOLATED)
fanout5368/X                             10     21    -11 (VIOLATED)
fanout5371/X                             10     21    -11 (VIOLATED)
fanout5372/X                             10     21    -11 (VIOLATED)
fanout5373/X                             10     21    -11 (VIOLATED)
fanout5374/X                             10     21    -11 (VIOLATED)
fanout5375/X                             10     21    -11 (VIOLATED)
fanout5377/X                             10     21    -11 (VIOLATED)
fanout5378/X                             10     21    -11 (VIOLATED)
fanout5381/X                             10     21    -11 (VIOLATED)
fanout5382/X                             10     21    -11 (VIOLATED)
fanout5384/X                             10     21    -11 (VIOLATED)
fanout5385/X                             10     21    -11 (VIOLATED)
fanout5387/X                             10     21    -11 (VIOLATED)
fanout5388/X                             10     21    -11 (VIOLATED)
fanout5389/X                             10     21    -11 (VIOLATED)
fanout5397/X                             10     21    -11 (VIOLATED)
fanout5400/X                             10     21    -11 (VIOLATED)
fanout5402/X                             10     21    -11 (VIOLATED)
fanout5403/X                             10     21    -11 (VIOLATED)
fanout5404/X                             10     21    -11 (VIOLATED)
fanout5408/X                             10     21    -11 (VIOLATED)
fanout5414/X                             10     21    -11 (VIOLATED)
fanout5416/X                             10     21    -11 (VIOLATED)
fanout5418/X                             10     21    -11 (VIOLATED)
fanout5420/X                             10     21    -11 (VIOLATED)
fanout5423/X                             10     21    -11 (VIOLATED)
fanout5425/X                             10     21    -11 (VIOLATED)
fanout5427/X                             10     21    -11 (VIOLATED)
fanout5428/X                             10     21    -11 (VIOLATED)
fanout5429/X                             10     21    -11 (VIOLATED)
fanout5432/X                             10     21    -11 (VIOLATED)
fanout5434/X                             10     21    -11 (VIOLATED)
fanout5435/X                             10     21    -11 (VIOLATED)
fanout5438/X                             10     21    -11 (VIOLATED)
fanout5439/X                             10     21    -11 (VIOLATED)
fanout5441/X                             10     21    -11 (VIOLATED)
fanout5443/X                             10     21    -11 (VIOLATED)
fanout5447/X                             10     21    -11 (VIOLATED)
fanout5448/X                             10     21    -11 (VIOLATED)
fanout5449/X                             10     21    -11 (VIOLATED)
fanout5450/X                             10     21    -11 (VIOLATED)
fanout5459/X                             10     21    -11 (VIOLATED)
fanout5461/X                             10     21    -11 (VIOLATED)
fanout5463/X                             10     21    -11 (VIOLATED)
fanout5467/X                             10     21    -11 (VIOLATED)
fanout5470/X                             10     21    -11 (VIOLATED)
fanout5471/X                             10     21    -11 (VIOLATED)
fanout5473/X                             10     21    -11 (VIOLATED)
fanout5474/X                             10     21    -11 (VIOLATED)
fanout5477/X                             10     21    -11 (VIOLATED)
fanout5478/X                             10     21    -11 (VIOLATED)
fanout5480/X                             10     21    -11 (VIOLATED)
fanout5481/X                             10     21    -11 (VIOLATED)
fanout5484/X                             10     21    -11 (VIOLATED)
fanout5485/X                             10     21    -11 (VIOLATED)
fanout5486/X                             10     21    -11 (VIOLATED)
fanout5505/X                             10     21    -11 (VIOLATED)
fanout5509/X                             10     21    -11 (VIOLATED)
fanout5510/X                             10     21    -11 (VIOLATED)
fanout5513/X                             10     21    -11 (VIOLATED)
fanout5514/X                             10     21    -11 (VIOLATED)
fanout5520/X                             10     21    -11 (VIOLATED)
fanout5533/X                             10     21    -11 (VIOLATED)
fanout5534/X                             10     21    -11 (VIOLATED)
fanout5537/X                             10     21    -11 (VIOLATED)
fanout5540/X                             10     21    -11 (VIOLATED)
fanout5541/X                             10     21    -11 (VIOLATED)
fanout5542/X                             10     21    -11 (VIOLATED)
fanout555/X                              10     21    -11 (VIOLATED)
fanout557/X                              10     21    -11 (VIOLATED)
fanout5580/X                             10     21    -11 (VIOLATED)
fanout5581/X                             10     21    -11 (VIOLATED)
fanout5582/X                             10     21    -11 (VIOLATED)
fanout5583/X                             10     21    -11 (VIOLATED)
fanout5585/X                             10     21    -11 (VIOLATED)
fanout5586/X                             10     21    -11 (VIOLATED)
fanout5587/X                             10     21    -11 (VIOLATED)
fanout5590/X                             10     21    -11 (VIOLATED)
fanout5591/X                             10     21    -11 (VIOLATED)
fanout5592/X                             10     21    -11 (VIOLATED)
fanout5593/X                             10     21    -11 (VIOLATED)
fanout5594/X                             10     21    -11 (VIOLATED)
fanout5595/X                             10     21    -11 (VIOLATED)
fanout5597/X                             10     21    -11 (VIOLATED)
fanout5600/X                             10     21    -11 (VIOLATED)
fanout5603/X                             10     21    -11 (VIOLATED)
fanout5604/X                             10     21    -11 (VIOLATED)
fanout5606/X                             10     21    -11 (VIOLATED)
fanout5607/X                             10     21    -11 (VIOLATED)
fanout5615/X                             10     21    -11 (VIOLATED)
fanout5616/X                             10     21    -11 (VIOLATED)
fanout5618/X                             10     21    -11 (VIOLATED)
fanout5619/X                             10     21    -11 (VIOLATED)
fanout5620/X                             10     21    -11 (VIOLATED)
fanout5621/X                             10     21    -11 (VIOLATED)
fanout5623/X                             10     21    -11 (VIOLATED)
fanout5625/X                             10     21    -11 (VIOLATED)
fanout5626/X                             10     21    -11 (VIOLATED)
fanout5628/X                             10     21    -11 (VIOLATED)
fanout5629/X                             10     21    -11 (VIOLATED)
fanout5630/X                             10     21    -11 (VIOLATED)
fanout5639/X                             10     21    -11 (VIOLATED)
fanout5649/X                             10     21    -11 (VIOLATED)
fanout5667/X                             10     21    -11 (VIOLATED)
fanout5670/X                             10     21    -11 (VIOLATED)
fanout5697/X                             10     21    -11 (VIOLATED)
fanout5699/X                             10     21    -11 (VIOLATED)
fanout570/X                              10     21    -11 (VIOLATED)
fanout5700/X                             10     21    -11 (VIOLATED)
fanout572/X                              10     21    -11 (VIOLATED)
fanout5720/X                             10     21    -11 (VIOLATED)
fanout5722/X                             10     21    -11 (VIOLATED)
fanout5727/X                             10     21    -11 (VIOLATED)
fanout5731/X                             10     21    -11 (VIOLATED)
fanout5850/X                             10     21    -11 (VIOLATED)
fanout5852/X                             10     21    -11 (VIOLATED)
fanout5853/X                             10     21    -11 (VIOLATED)
fanout5854/X                             10     21    -11 (VIOLATED)
fanout5855/X                             10     21    -11 (VIOLATED)
fanout5856/X                             10     21    -11 (VIOLATED)
fanout5857/X                             10     21    -11 (VIOLATED)
fanout5858/X                             10     21    -11 (VIOLATED)
fanout5859/X                             10     21    -11 (VIOLATED)
fanout586/X                              10     21    -11 (VIOLATED)
fanout5860/X                             10     21    -11 (VIOLATED)
fanout5861/X                             10     21    -11 (VIOLATED)
fanout5862/X                             10     21    -11 (VIOLATED)
fanout5867/X                             10     21    -11 (VIOLATED)
fanout587/X                              10     21    -11 (VIOLATED)
fanout5871/X                             10     21    -11 (VIOLATED)
fanout5873/X                             10     21    -11 (VIOLATED)
fanout5875/X                             10     21    -11 (VIOLATED)
fanout5880/X                             10     21    -11 (VIOLATED)
fanout5881/X                             10     21    -11 (VIOLATED)
fanout5886/X                             10     21    -11 (VIOLATED)
fanout5889/X                             10     21    -11 (VIOLATED)
fanout5892/X                             10     21    -11 (VIOLATED)
fanout5895/X                             10     21    -11 (VIOLATED)
fanout5898/X                             10     21    -11 (VIOLATED)
fanout5900/X                             10     21    -11 (VIOLATED)
fanout5902/X                             10     21    -11 (VIOLATED)
fanout5905/X                             10     21    -11 (VIOLATED)
fanout5906/X                             10     21    -11 (VIOLATED)
fanout5908/X                             10     21    -11 (VIOLATED)
fanout5909/X                             10     21    -11 (VIOLATED)
fanout591/X                              10     21    -11 (VIOLATED)
fanout5911/X                             10     21    -11 (VIOLATED)
fanout5915/X                             10     21    -11 (VIOLATED)
fanout5918/X                             10     21    -11 (VIOLATED)
fanout5921/X                             10     21    -11 (VIOLATED)
fanout593/X                              10     21    -11 (VIOLATED)
fanout5931/X                             10     21    -11 (VIOLATED)
fanout5933/X                             10     21    -11 (VIOLATED)
fanout5936/X                             10     21    -11 (VIOLATED)
fanout5938/X                             10     21    -11 (VIOLATED)
fanout5940/X                             10     21    -11 (VIOLATED)
fanout5950/X                             10     21    -11 (VIOLATED)
fanout5953/X                             10     21    -11 (VIOLATED)
fanout5956/X                             10     21    -11 (VIOLATED)
fanout5959/X                             10     21    -11 (VIOLATED)
fanout5962/X                             10     21    -11 (VIOLATED)
fanout5964/X                             10     21    -11 (VIOLATED)
fanout5965/X                             10     21    -11 (VIOLATED)
fanout5968/X                             10     21    -11 (VIOLATED)
fanout5972/X                             10     21    -11 (VIOLATED)
fanout5974/X                             10     21    -11 (VIOLATED)
fanout5977/X                             10     21    -11 (VIOLATED)
fanout5980/X                             10     21    -11 (VIOLATED)
fanout5984/X                             10     21    -11 (VIOLATED)
fanout5987/X                             10     21    -11 (VIOLATED)
fanout5991/X                             10     21    -11 (VIOLATED)
fanout5993/X                             10     21    -11 (VIOLATED)
fanout5995/X                             10     21    -11 (VIOLATED)
fanout5997/X                             10     21    -11 (VIOLATED)
fanout6000/X                             10     21    -11 (VIOLATED)
fanout6003/X                             10     21    -11 (VIOLATED)
fanout6005/X                             10     21    -11 (VIOLATED)
fanout6006/X                             10     21    -11 (VIOLATED)
fanout6008/X                             10     21    -11 (VIOLATED)
fanout601/X                              10     21    -11 (VIOLATED)
fanout6012/X                             10     21    -11 (VIOLATED)
fanout6014/X                             10     21    -11 (VIOLATED)
fanout6016/X                             10     21    -11 (VIOLATED)
fanout6018/X                             10     21    -11 (VIOLATED)
fanout6021/X                             10     21    -11 (VIOLATED)
fanout6024/X                             10     21    -11 (VIOLATED)
fanout6026/X                             10     21    -11 (VIOLATED)
fanout6027/X                             10     21    -11 (VIOLATED)
fanout6029/X                             10     21    -11 (VIOLATED)
fanout6030/X                             10     21    -11 (VIOLATED)
fanout6032/X                             10     21    -11 (VIOLATED)
fanout6033/X                             10     21    -11 (VIOLATED)
fanout6034/X                             10     21    -11 (VIOLATED)
fanout6037/X                             10     21    -11 (VIOLATED)
fanout604/X                              10     21    -11 (VIOLATED)
fanout6040/X                             10     21    -11 (VIOLATED)
fanout6043/X                             10     21    -11 (VIOLATED)
fanout6045/X                             10     21    -11 (VIOLATED)
fanout6048/X                             10     21    -11 (VIOLATED)
fanout6050/X                             10     21    -11 (VIOLATED)
fanout6053/X                             10     21    -11 (VIOLATED)
fanout6056/X                             10     21    -11 (VIOLATED)
fanout6058/X                             10     21    -11 (VIOLATED)
fanout6061/X                             10     21    -11 (VIOLATED)
fanout6066/X                             10     21    -11 (VIOLATED)
fanout6069/X                             10     21    -11 (VIOLATED)
fanout6072/X                             10     21    -11 (VIOLATED)
fanout6075/X                             10     21    -11 (VIOLATED)
fanout6076/X                             10     21    -11 (VIOLATED)
fanout6078/X                             10     21    -11 (VIOLATED)
fanout6080/X                             10     21    -11 (VIOLATED)
fanout6084/X                             10     21    -11 (VIOLATED)
fanout6087/X                             10     21    -11 (VIOLATED)
fanout6090/X                             10     21    -11 (VIOLATED)
fanout6093/X                             10     21    -11 (VIOLATED)
fanout6096/X                             10     21    -11 (VIOLATED)
fanout6101/X                             10     21    -11 (VIOLATED)
fanout6103/X                             10     21    -11 (VIOLATED)
fanout6116/X                             10     21    -11 (VIOLATED)
fanout6117/X                             10     21    -11 (VIOLATED)
fanout6119/X                             10     21    -11 (VIOLATED)
fanout6123/X                             10     21    -11 (VIOLATED)
fanout6125/X                             10     21    -11 (VIOLATED)
fanout6127/X                             10     21    -11 (VIOLATED)
fanout6129/X                             10     21    -11 (VIOLATED)
fanout6131/X                             10     21    -11 (VIOLATED)
fanout6132/X                             10     21    -11 (VIOLATED)
fanout6134/X                             10     21    -11 (VIOLATED)
fanout6136/X                             10     21    -11 (VIOLATED)
fanout614/X                              10     21    -11 (VIOLATED)
fanout6141/X                             10     21    -11 (VIOLATED)
fanout6144/X                             10     21    -11 (VIOLATED)
fanout6147/X                             10     21    -11 (VIOLATED)
fanout6148/X                             10     21    -11 (VIOLATED)
fanout6151/X                             10     21    -11 (VIOLATED)
fanout6153/X                             10     21    -11 (VIOLATED)
fanout6155/X                             10     21    -11 (VIOLATED)
fanout6157/X                             10     21    -11 (VIOLATED)
fanout6158/X                             10     21    -11 (VIOLATED)
fanout616/X                              10     21    -11 (VIOLATED)
fanout6163/X                             10     21    -11 (VIOLATED)
fanout6166/X                             10     21    -11 (VIOLATED)
fanout6169/X                             10     21    -11 (VIOLATED)
fanout6170/X                             10     21    -11 (VIOLATED)
fanout6172/X                             10     21    -11 (VIOLATED)
fanout6175/X                             10     21    -11 (VIOLATED)
fanout6178/X                             10     21    -11 (VIOLATED)
fanout6181/X                             10     21    -11 (VIOLATED)
fanout6184/X                             10     21    -11 (VIOLATED)
fanout621/X                              10     21    -11 (VIOLATED)
fanout623/X                              10     21    -11 (VIOLATED)
fanout627/X                              10     21    -11 (VIOLATED)
fanout637/X                              10     21    -11 (VIOLATED)
fanout639/X                              10     21    -11 (VIOLATED)
fanout645/X                              10     21    -11 (VIOLATED)
fanout647/X                              10     21    -11 (VIOLATED)
fanout650/X                              10     21    -11 (VIOLATED)
fanout651/X                              10     21    -11 (VIOLATED)
fanout652/X                              10     21    -11 (VIOLATED)
fanout654/X                              10     21    -11 (VIOLATED)
fanout656/X                              10     21    -11 (VIOLATED)
fanout657/X                              10     21    -11 (VIOLATED)
fanout686/X                              10     21    -11 (VIOLATED)
fanout688/X                              10     21    -11 (VIOLATED)
fanout695/X                              10     21    -11 (VIOLATED)
fanout697/X                              10     21    -11 (VIOLATED)
fanout706/X                              10     21    -11 (VIOLATED)
fanout708/X                              10     21    -11 (VIOLATED)
fanout725/X                              10     21    -11 (VIOLATED)
fanout727/X                              10     21    -11 (VIOLATED)
fanout731/X                              10     21    -11 (VIOLATED)
fanout733/X                              10     21    -11 (VIOLATED)
fanout739/X                              10     21    -11 (VIOLATED)
fanout741/X                              10     21    -11 (VIOLATED)
fanout742/X                              10     21    -11 (VIOLATED)
fanout745/X                              10     21    -11 (VIOLATED)
fanout748/X                              10     21    -11 (VIOLATED)
fanout757/X                              10     21    -11 (VIOLATED)
fanout7655/X                             10     21    -11 (VIOLATED)
fanout7658/X                             10     21    -11 (VIOLATED)
fanout7660/X                             10     21    -11 (VIOLATED)
fanout7663/X                             10     21    -11 (VIOLATED)
fanout7665/X                             10     21    -11 (VIOLATED)
fanout7668/X                             10     21    -11 (VIOLATED)
fanout7670/X                             10     21    -11 (VIOLATED)
fanout7675/X                             10     21    -11 (VIOLATED)
fanout7678/X                             10     21    -11 (VIOLATED)
fanout768/X                              10     21    -11 (VIOLATED)
fanout7699/X                             10     21    -11 (VIOLATED)
fanout770/X                              10     21    -11 (VIOLATED)
fanout7703/X                             10     21    -11 (VIOLATED)
fanout7705/X                             10     21    -11 (VIOLATED)
fanout7709/X                             10     21    -11 (VIOLATED)
fanout7710/X                             10     21    -11 (VIOLATED)
fanout7714/X                             10     21    -11 (VIOLATED)
fanout7726/X                             10     21    -11 (VIOLATED)
fanout7736/X                             10     21    -11 (VIOLATED)
fanout7738/X                             10     21    -11 (VIOLATED)
fanout7741/X                             10     21    -11 (VIOLATED)
fanout7745/X                             10     21    -11 (VIOLATED)
fanout7747/X                             10     21    -11 (VIOLATED)
fanout7748/X                             10     21    -11 (VIOLATED)
fanout7761/X                             10     21    -11 (VIOLATED)
fanout7764/X                             10     21    -11 (VIOLATED)
fanout7768/X                             10     21    -11 (VIOLATED)
fanout7769/X                             10     21    -11 (VIOLATED)
fanout777/X                              10     21    -11 (VIOLATED)
fanout7789/X                             10     21    -11 (VIOLATED)
fanout779/X                              10     21    -11 (VIOLATED)
fanout7802/X                             10     21    -11 (VIOLATED)
fanout7807/X                             10     21    -11 (VIOLATED)
fanout7808/X                             10     21    -11 (VIOLATED)
fanout7822/X                             10     21    -11 (VIOLATED)
fanout7828/X                             10     21    -11 (VIOLATED)
fanout7835/X                             10     21    -11 (VIOLATED)
fanout7836/X                             10     21    -11 (VIOLATED)
fanout787/X                              10     21    -11 (VIOLATED)
fanout7872/X                             10     21    -11 (VIOLATED)
fanout7874/X                             10     21    -11 (VIOLATED)
fanout7875/X                             10     21    -11 (VIOLATED)
fanout7877/X                             10     21    -11 (VIOLATED)
fanout7882/X                             10     21    -11 (VIOLATED)
fanout7883/X                             10     21    -11 (VIOLATED)
fanout789/X                              10     21    -11 (VIOLATED)
fanout7893/X                             10     21    -11 (VIOLATED)
fanout7895/X                             10     21    -11 (VIOLATED)
fanout7897/X                             10     21    -11 (VIOLATED)
fanout7907/X                             10     21    -11 (VIOLATED)
fanout7909/X                             10     21    -11 (VIOLATED)
fanout7910/X                             10     21    -11 (VIOLATED)
fanout7912/X                             10     21    -11 (VIOLATED)
fanout7914/X                             10     21    -11 (VIOLATED)
fanout7916/X                             10     21    -11 (VIOLATED)
fanout7918/X                             10     21    -11 (VIOLATED)
fanout7921/X                             10     21    -11 (VIOLATED)
fanout7923/X                             10     21    -11 (VIOLATED)
fanout7924/X                             10     21    -11 (VIOLATED)
fanout7925/X                             10     21    -11 (VIOLATED)
fanout7928/X                             10     21    -11 (VIOLATED)
fanout7932/X                             10     21    -11 (VIOLATED)
fanout7933/X                             10     21    -11 (VIOLATED)
fanout7939/X                             10     21    -11 (VIOLATED)
fanout7941/X                             10     21    -11 (VIOLATED)
fanout7944/X                             10     21    -11 (VIOLATED)
fanout7946/X                             10     21    -11 (VIOLATED)
fanout7948/X                             10     21    -11 (VIOLATED)
fanout795/X                              10     21    -11 (VIOLATED)
fanout7950/X                             10     21    -11 (VIOLATED)
fanout7952/X                             10     21    -11 (VIOLATED)
fanout7955/X                             10     21    -11 (VIOLATED)
fanout7958/X                             10     21    -11 (VIOLATED)
fanout796/X                              10     21    -11 (VIOLATED)
fanout7960/X                             10     21    -11 (VIOLATED)
fanout7964/X                             10     21    -11 (VIOLATED)
fanout7968/X                             10     21    -11 (VIOLATED)
fanout7970/X                             10     21    -11 (VIOLATED)
fanout7976/X                             10     21    -11 (VIOLATED)
fanout7978/X                             10     21    -11 (VIOLATED)
fanout798/X                              10     21    -11 (VIOLATED)
fanout7981/X                             10     21    -11 (VIOLATED)
fanout7985/X                             10     21    -11 (VIOLATED)
fanout7988/X                             10     21    -11 (VIOLATED)
fanout7991/X                             10     21    -11 (VIOLATED)
fanout7993/X                             10     21    -11 (VIOLATED)
fanout7994/X                             10     21    -11 (VIOLATED)
fanout7998/X                             10     21    -11 (VIOLATED)
fanout800/X                              10     21    -11 (VIOLATED)
fanout8001/X                             10     21    -11 (VIOLATED)
fanout8003/X                             10     21    -11 (VIOLATED)
fanout8005/X                             10     21    -11 (VIOLATED)
fanout8014/X                             10     21    -11 (VIOLATED)
fanout8016/X                             10     21    -11 (VIOLATED)
fanout802/X                              10     21    -11 (VIOLATED)
fanout8020/X                             10     21    -11 (VIOLATED)
fanout8024/X                             10     21    -11 (VIOLATED)
fanout8027/X                             10     21    -11 (VIOLATED)
fanout8031/X                             10     21    -11 (VIOLATED)
fanout8032/X                             10     21    -11 (VIOLATED)
fanout8035/X                             10     21    -11 (VIOLATED)
fanout8040/X                             10     21    -11 (VIOLATED)
fanout8042/X                             10     21    -11 (VIOLATED)
fanout8046/X                             10     21    -11 (VIOLATED)
fanout8049/X                             10     21    -11 (VIOLATED)
fanout8051/X                             10     21    -11 (VIOLATED)
fanout8053/X                             10     21    -11 (VIOLATED)
fanout8056/X                             10     21    -11 (VIOLATED)
fanout8061/X                             10     21    -11 (VIOLATED)
fanout8064/X                             10     21    -11 (VIOLATED)
fanout8068/X                             10     21    -11 (VIOLATED)
fanout8071/X                             10     21    -11 (VIOLATED)
fanout8075/X                             10     21    -11 (VIOLATED)
fanout8079/X                             10     21    -11 (VIOLATED)
fanout8080/X                             10     21    -11 (VIOLATED)
fanout8083/X                             10     21    -11 (VIOLATED)
fanout8086/X                             10     21    -11 (VIOLATED)
fanout8088/X                             10     21    -11 (VIOLATED)
fanout8090/X                             10     21    -11 (VIOLATED)
fanout8091/X                             10     21    -11 (VIOLATED)
fanout8092/X                             10     21    -11 (VIOLATED)
fanout8094/X                             10     21    -11 (VIOLATED)
fanout8095/X                             10     21    -11 (VIOLATED)
fanout8096/X                             10     21    -11 (VIOLATED)
fanout8098/X                             10     21    -11 (VIOLATED)
fanout810/X                              10     21    -11 (VIOLATED)
fanout8100/X                             10     21    -11 (VIOLATED)
fanout8102/X                             10     21    -11 (VIOLATED)
fanout8104/X                             10     21    -11 (VIOLATED)
fanout8105/X                             10     21    -11 (VIOLATED)
fanout8108/X                             10     21    -11 (VIOLATED)
fanout8111/X                             10     21    -11 (VIOLATED)
fanout8114/X                             10     21    -11 (VIOLATED)
fanout8118/X                             10     21    -11 (VIOLATED)
fanout8123/X                             10     21    -11 (VIOLATED)
fanout8132/X                             10     21    -11 (VIOLATED)
fanout8136/X                             10     21    -11 (VIOLATED)
fanout8139/X                             10     21    -11 (VIOLATED)
fanout8143/X                             10     21    -11 (VIOLATED)
fanout8147/X                             10     21    -11 (VIOLATED)
fanout8167/X                             10     21    -11 (VIOLATED)
fanout8172/X                             10     21    -11 (VIOLATED)
fanout8173/X                             10     21    -11 (VIOLATED)
fanout8176/X                             10     21    -11 (VIOLATED)
fanout8179/X                             10     21    -11 (VIOLATED)
fanout8182/X                             10     21    -11 (VIOLATED)
fanout8185/X                             10     21    -11 (VIOLATED)
fanout8186/X                             10     21    -11 (VIOLATED)
fanout8187/X                             10     21    -11 (VIOLATED)
fanout8190/X                             10     21    -11 (VIOLATED)
fanout8194/X                             10     21    -11 (VIOLATED)
fanout8197/X                             10     21    -11 (VIOLATED)
fanout8200/X                             10     21    -11 (VIOLATED)
fanout8205/X                             10     21    -11 (VIOLATED)
fanout8209/X                             10     21    -11 (VIOLATED)
fanout8212/X                             10     21    -11 (VIOLATED)
fanout8219/X                             10     21    -11 (VIOLATED)
fanout8231/X                             10     21    -11 (VIOLATED)
fanout8233/X                             10     21    -11 (VIOLATED)
fanout8235/X                             10     21    -11 (VIOLATED)
fanout8237/X                             10     21    -11 (VIOLATED)
fanout8239/X                             10     21    -11 (VIOLATED)
fanout8241/X                             10     21    -11 (VIOLATED)
fanout8243/X                             10     21    -11 (VIOLATED)
fanout8245/X                             10     21    -11 (VIOLATED)
fanout8247/X                             10     21    -11 (VIOLATED)
fanout8249/X                             10     21    -11 (VIOLATED)
fanout8252/X                             10     21    -11 (VIOLATED)
fanout8254/X                             10     21    -11 (VIOLATED)
fanout8255/X                             10     21    -11 (VIOLATED)
fanout8257/X                             10     21    -11 (VIOLATED)
fanout8258/X                             10     21    -11 (VIOLATED)
fanout8263/X                             10     21    -11 (VIOLATED)
fanout8274/X                             10     21    -11 (VIOLATED)
fanout8275/X                             10     21    -11 (VIOLATED)
fanout8276/X                             10     21    -11 (VIOLATED)
fanout8279/X                             10     21    -11 (VIOLATED)
fanout8281/X                             10     21    -11 (VIOLATED)
fanout8283/X                             10     21    -11 (VIOLATED)
fanout8286/X                             10     21    -11 (VIOLATED)
fanout8289/X                             10     21    -11 (VIOLATED)
fanout8290/X                             10     21    -11 (VIOLATED)
fanout8292/X                             10     21    -11 (VIOLATED)
fanout8294/X                             10     21    -11 (VIOLATED)
fanout8297/X                             10     21    -11 (VIOLATED)
fanout8299/X                             10     21    -11 (VIOLATED)
fanout8301/X                             10     21    -11 (VIOLATED)
fanout8303/X                             10     21    -11 (VIOLATED)
fanout8305/X                             10     21    -11 (VIOLATED)
fanout8306/X                             10     21    -11 (VIOLATED)
fanout8307/X                             10     21    -11 (VIOLATED)
fanout8322/X                             10     21    -11 (VIOLATED)
fanout8323/X                             10     21    -11 (VIOLATED)
fanout8326/X                             10     21    -11 (VIOLATED)
fanout8329/X                             10     21    -11 (VIOLATED)
fanout8331/X                             10     21    -11 (VIOLATED)
fanout8334/X                             10     21    -11 (VIOLATED)
fanout8336/X                             10     21    -11 (VIOLATED)
fanout8342/X                             10     21    -11 (VIOLATED)
fanout8345/X                             10     21    -11 (VIOLATED)
fanout8349/X                             10     21    -11 (VIOLATED)
fanout8353/X                             10     21    -11 (VIOLATED)
fanout8356/X                             10     21    -11 (VIOLATED)
fanout8360/X                             10     21    -11 (VIOLATED)
fanout8364/X                             10     21    -11 (VIOLATED)
fanout8386/X                             10     21    -11 (VIOLATED)
fanout8389/X                             10     21    -11 (VIOLATED)
fanout8392/X                             10     21    -11 (VIOLATED)
fanout8395/X                             10     21    -11 (VIOLATED)
fanout8399/X                             10     21    -11 (VIOLATED)
fanout840/X                              10     21    -11 (VIOLATED)
fanout8402/X                             10     21    -11 (VIOLATED)
fanout8403/X                             10     21    -11 (VIOLATED)
fanout8405/X                             10     21    -11 (VIOLATED)
fanout8406/X                             10     21    -11 (VIOLATED)
fanout8409/X                             10     21    -11 (VIOLATED)
fanout8413/X                             10     21    -11 (VIOLATED)
fanout8415/X                             10     21    -11 (VIOLATED)
fanout8417/X                             10     21    -11 (VIOLATED)
fanout8419/X                             10     21    -11 (VIOLATED)
fanout842/X                              10     21    -11 (VIOLATED)
fanout8424/X                             10     21    -11 (VIOLATED)
fanout8427/X                             10     21    -11 (VIOLATED)
fanout8447/X                             10     21    -11 (VIOLATED)
fanout8451/X                             10     21    -11 (VIOLATED)
fanout8458/X                             10     21    -11 (VIOLATED)
fanout8461/X                             10     21    -11 (VIOLATED)
fanout8463/X                             10     21    -11 (VIOLATED)
fanout8467/X                             10     21    -11 (VIOLATED)
fanout8469/X                             10     21    -11 (VIOLATED)
fanout8471/X                             10     21    -11 (VIOLATED)
fanout8473/X                             10     21    -11 (VIOLATED)
fanout8478/X                             10     21    -11 (VIOLATED)
fanout8483/X                             10     21    -11 (VIOLATED)
fanout8487/X                             10     21    -11 (VIOLATED)
fanout8493/X                             10     21    -11 (VIOLATED)
fanout8505/X                             10     21    -11 (VIOLATED)
fanout8507/X                             10     21    -11 (VIOLATED)
fanout8509/X                             10     21    -11 (VIOLATED)
fanout8510/X                             10     21    -11 (VIOLATED)
fanout8511/X                             10     21    -11 (VIOLATED)
fanout8513/X                             10     21    -11 (VIOLATED)
fanout8514/X                             10     21    -11 (VIOLATED)
fanout8515/X                             10     21    -11 (VIOLATED)
fanout8517/X                             10     21    -11 (VIOLATED)
fanout8520/X                             10     21    -11 (VIOLATED)
fanout8523/X                             10     21    -11 (VIOLATED)
fanout8525/X                             10     21    -11 (VIOLATED)
fanout8526/X                             10     21    -11 (VIOLATED)
fanout8527/X                             10     21    -11 (VIOLATED)
fanout8529/X                             10     21    -11 (VIOLATED)
fanout853/X                              10     21    -11 (VIOLATED)
fanout8530/X                             10     21    -11 (VIOLATED)
fanout8531/X                             10     21    -11 (VIOLATED)
fanout8533/X                             10     21    -11 (VIOLATED)
fanout8535/X                             10     21    -11 (VIOLATED)
fanout8536/X                             10     21    -11 (VIOLATED)
fanout8537/X                             10     21    -11 (VIOLATED)
fanout8538/X                             10     21    -11 (VIOLATED)
fanout8541/X                             10     21    -11 (VIOLATED)
fanout8543/X                             10     21    -11 (VIOLATED)
fanout8544/X                             10     21    -11 (VIOLATED)
fanout8547/X                             10     21    -11 (VIOLATED)
fanout8549/X                             10     21    -11 (VIOLATED)
fanout855/X                              10     21    -11 (VIOLATED)
fanout8550/X                             10     21    -11 (VIOLATED)
fanout8552/X                             10     21    -11 (VIOLATED)
fanout8553/X                             10     21    -11 (VIOLATED)
fanout8555/X                             10     21    -11 (VIOLATED)
fanout8557/X                             10     21    -11 (VIOLATED)
fanout8572/X                             10     21    -11 (VIOLATED)
fanout8575/X                             10     21    -11 (VIOLATED)
fanout8577/X                             10     21    -11 (VIOLATED)
fanout8584/X                             10     21    -11 (VIOLATED)
fanout8589/X                             10     21    -11 (VIOLATED)
fanout8591/X                             10     21    -11 (VIOLATED)
fanout8594/X                             10     21    -11 (VIOLATED)
fanout8596/X                             10     21    -11 (VIOLATED)
fanout8599/X                             10     21    -11 (VIOLATED)
fanout860/X                              10     21    -11 (VIOLATED)
fanout8602/X                             10     21    -11 (VIOLATED)
fanout8606/X                             10     21    -11 (VIOLATED)
fanout8609/X                             10     21    -11 (VIOLATED)
fanout8615/X                             10     21    -11 (VIOLATED)
fanout8616/X                             10     21    -11 (VIOLATED)
fanout8619/X                             10     21    -11 (VIOLATED)
fanout862/X                              10     21    -11 (VIOLATED)
fanout8620/X                             10     21    -11 (VIOLATED)
fanout8623/X                             10     21    -11 (VIOLATED)
fanout8624/X                             10     21    -11 (VIOLATED)
fanout8628/X                             10     21    -11 (VIOLATED)
fanout8629/X                             10     21    -11 (VIOLATED)
fanout8632/X                             10     21    -11 (VIOLATED)
fanout8636/X                             10     21    -11 (VIOLATED)
fanout8642/X                             10     21    -11 (VIOLATED)
fanout8646/X                             10     21    -11 (VIOLATED)
fanout8648/X                             10     21    -11 (VIOLATED)
fanout8650/X                             10     21    -11 (VIOLATED)
fanout8651/X                             10     21    -11 (VIOLATED)
fanout8655/X                             10     21    -11 (VIOLATED)
fanout8658/X                             10     21    -11 (VIOLATED)
fanout8659/X                             10     21    -11 (VIOLATED)
fanout8662/X                             10     21    -11 (VIOLATED)
fanout8670/X                             10     21    -11 (VIOLATED)
fanout8676/X                             10     21    -11 (VIOLATED)
fanout868/X                              10     21    -11 (VIOLATED)
fanout8682/X                             10     21    -11 (VIOLATED)
fanout8684/X                             10     21    -11 (VIOLATED)
fanout8692/X                             10     21    -11 (VIOLATED)
fanout8696/X                             10     21    -11 (VIOLATED)
fanout8698/X                             10     21    -11 (VIOLATED)
fanout870/X                              10     21    -11 (VIOLATED)
fanout8701/X                             10     21    -11 (VIOLATED)
fanout8704/X                             10     21    -11 (VIOLATED)
fanout8707/X                             10     21    -11 (VIOLATED)
fanout8736/X                             10     21    -11 (VIOLATED)
fanout8738/X                             10     21    -11 (VIOLATED)
fanout8742/X                             10     21    -11 (VIOLATED)
fanout8744/X                             10     21    -11 (VIOLATED)
fanout8745/X                             10     21    -11 (VIOLATED)
fanout8746/X                             10     21    -11 (VIOLATED)
fanout8751/X                             10     21    -11 (VIOLATED)
fanout8757/X                             10     21    -11 (VIOLATED)
fanout876/X                              10     21    -11 (VIOLATED)
fanout8760/X                             10     21    -11 (VIOLATED)
fanout8767/X                             10     21    -11 (VIOLATED)
fanout8768/X                             10     21    -11 (VIOLATED)
fanout8770/X                             10     21    -11 (VIOLATED)
fanout8771/X                             10     21    -11 (VIOLATED)
fanout8772/X                             10     21    -11 (VIOLATED)
fanout8774/X                             10     21    -11 (VIOLATED)
fanout8775/X                             10     21    -11 (VIOLATED)
fanout8776/X                             10     21    -11 (VIOLATED)
fanout8777/X                             10     21    -11 (VIOLATED)
fanout8779/X                             10     21    -11 (VIOLATED)
fanout878/X                              10     21    -11 (VIOLATED)
fanout8781/X                             10     21    -11 (VIOLATED)
fanout8783/X                             10     21    -11 (VIOLATED)
fanout8786/X                             10     21    -11 (VIOLATED)
fanout8797/X                             10     21    -11 (VIOLATED)
fanout8799/X                             10     21    -11 (VIOLATED)
fanout8801/X                             10     21    -11 (VIOLATED)
fanout8802/X                             10     21    -11 (VIOLATED)
fanout8803/X                             10     21    -11 (VIOLATED)
fanout8804/X                             10     21    -11 (VIOLATED)
fanout8805/X                             10     21    -11 (VIOLATED)
fanout8806/X                             10     21    -11 (VIOLATED)
fanout8807/X                             10     21    -11 (VIOLATED)
fanout8809/X                             10     21    -11 (VIOLATED)
fanout8810/X                             10     21    -11 (VIOLATED)
fanout8813/X                             10     21    -11 (VIOLATED)
fanout8815/X                             10     21    -11 (VIOLATED)
fanout8817/X                             10     21    -11 (VIOLATED)
fanout8819/X                             10     21    -11 (VIOLATED)
fanout8822/X                             10     21    -11 (VIOLATED)
fanout8825/X                             10     21    -11 (VIOLATED)
fanout8827/X                             10     21    -11 (VIOLATED)
fanout883/X                              10     21    -11 (VIOLATED)
fanout8830/X                             10     21    -11 (VIOLATED)
fanout8831/X                             10     21    -11 (VIOLATED)
fanout8838/X                             10     21    -11 (VIOLATED)
fanout8840/X                             10     21    -11 (VIOLATED)
fanout8842/X                             10     21    -11 (VIOLATED)
fanout8846/X                             10     21    -11 (VIOLATED)
fanout885/X                              10     21    -11 (VIOLATED)
fanout8851/X                             10     21    -11 (VIOLATED)
fanout8853/X                             10     21    -11 (VIOLATED)
fanout8858/X                             10     21    -11 (VIOLATED)
fanout886/X                              10     21    -11 (VIOLATED)
fanout8860/X                             10     21    -11 (VIOLATED)
fanout8862/X                             10     21    -11 (VIOLATED)
fanout8864/X                             10     21    -11 (VIOLATED)
fanout8868/X                             10     21    -11 (VIOLATED)
fanout8869/X                             10     21    -11 (VIOLATED)
fanout887/X                              10     21    -11 (VIOLATED)
fanout8871/X                             10     21    -11 (VIOLATED)
fanout889/X                              10     21    -11 (VIOLATED)
fanout8898/X                             10     21    -11 (VIOLATED)
fanout8899/X                             10     21    -11 (VIOLATED)
fanout8901/X                             10     21    -11 (VIOLATED)
fanout8902/X                             10     21    -11 (VIOLATED)
fanout8904/X                             10     21    -11 (VIOLATED)
fanout8906/X                             10     21    -11 (VIOLATED)
fanout8908/X                             10     21    -11 (VIOLATED)
fanout8909/X                             10     21    -11 (VIOLATED)
fanout8910/X                             10     21    -11 (VIOLATED)
fanout8912/X                             10     21    -11 (VIOLATED)
fanout8915/X                             10     21    -11 (VIOLATED)
fanout8916/X                             10     21    -11 (VIOLATED)
fanout8919/X                             10     21    -11 (VIOLATED)
fanout892/X                              10     21    -11 (VIOLATED)
fanout8921/X                             10     21    -11 (VIOLATED)
fanout8923/X                             10     21    -11 (VIOLATED)
fanout8924/X                             10     21    -11 (VIOLATED)
fanout8928/X                             10     21    -11 (VIOLATED)
fanout8931/X                             10     21    -11 (VIOLATED)
fanout8934/X                             10     21    -11 (VIOLATED)
fanout8937/X                             10     21    -11 (VIOLATED)
fanout8939/X                             10     21    -11 (VIOLATED)
fanout8944/X                             10     21    -11 (VIOLATED)
fanout8946/X                             10     21    -11 (VIOLATED)
fanout8950/X                             10     21    -11 (VIOLATED)
fanout8952/X                             10     21    -11 (VIOLATED)
fanout8953/X                             10     21    -11 (VIOLATED)
fanout8955/X                             10     21    -11 (VIOLATED)
fanout8957/X                             10     21    -11 (VIOLATED)
fanout8959/X                             10     21    -11 (VIOLATED)
fanout8961/X                             10     21    -11 (VIOLATED)
fanout8963/X                             10     21    -11 (VIOLATED)
fanout8967/X                             10     21    -11 (VIOLATED)
fanout8970/X                             10     21    -11 (VIOLATED)
fanout8973/X                             10     21    -11 (VIOLATED)
fanout8975/X                             10     21    -11 (VIOLATED)
fanout8978/X                             10     21    -11 (VIOLATED)
fanout8981/X                             10     21    -11 (VIOLATED)
fanout8983/X                             10     21    -11 (VIOLATED)
fanout899/X                              10     21    -11 (VIOLATED)
fanout8992/X                             10     21    -11 (VIOLATED)
fanout8994/X                             10     21    -11 (VIOLATED)
fanout8995/X                             10     21    -11 (VIOLATED)
fanout8997/X                             10     21    -11 (VIOLATED)
fanout8998/X                             10     21    -11 (VIOLATED)
fanout900/X                              10     21    -11 (VIOLATED)
fanout9000/X                             10     21    -11 (VIOLATED)
fanout9001/X                             10     21    -11 (VIOLATED)
fanout9002/X                             10     21    -11 (VIOLATED)
fanout9005/X                             10     21    -11 (VIOLATED)
fanout9008/X                             10     21    -11 (VIOLATED)
fanout9010/X                             10     21    -11 (VIOLATED)
fanout9014/X                             10     21    -11 (VIOLATED)
fanout9015/X                             10     21    -11 (VIOLATED)
fanout9017/X                             10     21    -11 (VIOLATED)
fanout9020/X                             10     21    -11 (VIOLATED)
fanout9027/X                             10     21    -11 (VIOLATED)
fanout9030/X                             10     21    -11 (VIOLATED)
fanout905/X                              10     21    -11 (VIOLATED)
fanout9056/X                             10     21    -11 (VIOLATED)
fanout9058/X                             10     21    -11 (VIOLATED)
fanout9059/X                             10     21    -11 (VIOLATED)
fanout9060/X                             10     21    -11 (VIOLATED)
fanout9063/X                             10     21    -11 (VIOLATED)
fanout9065/X                             10     21    -11 (VIOLATED)
fanout9066/X                             10     21    -11 (VIOLATED)
fanout9067/X                             10     21    -11 (VIOLATED)
fanout9069/X                             10     21    -11 (VIOLATED)
fanout9074/X                             10     21    -11 (VIOLATED)
fanout9086/X                             10     21    -11 (VIOLATED)
fanout9087/X                             10     21    -11 (VIOLATED)
fanout9090/X                             10     21    -11 (VIOLATED)
fanout9119/X                             10     21    -11 (VIOLATED)
fanout9121/X                             10     21    -11 (VIOLATED)
fanout9123/X                             10     21    -11 (VIOLATED)
fanout9126/X                             10     21    -11 (VIOLATED)
fanout9128/X                             10     21    -11 (VIOLATED)
fanout9130/X                             10     21    -11 (VIOLATED)
fanout9132/X                             10     21    -11 (VIOLATED)
fanout9134/X                             10     21    -11 (VIOLATED)
fanout9136/X                             10     21    -11 (VIOLATED)
fanout9138/X                             10     21    -11 (VIOLATED)
fanout9139/X                             10     21    -11 (VIOLATED)
fanout9140/X                             10     21    -11 (VIOLATED)
fanout9143/X                             10     21    -11 (VIOLATED)
fanout9146/X                             10     21    -11 (VIOLATED)
fanout9147/X                             10     21    -11 (VIOLATED)
fanout9149/X                             10     21    -11 (VIOLATED)
fanout9152/X                             10     21    -11 (VIOLATED)
fanout9156/X                             10     21    -11 (VIOLATED)
fanout9164/X                             10     21    -11 (VIOLATED)
fanout9172/X                             10     21    -11 (VIOLATED)
fanout9174/X                             10     21    -11 (VIOLATED)
fanout9176/X                             10     21    -11 (VIOLATED)
fanout9178/X                             10     21    -11 (VIOLATED)
fanout9180/X                             10     21    -11 (VIOLATED)
fanout9183/X                             10     21    -11 (VIOLATED)
fanout9187/X                             10     21    -11 (VIOLATED)
fanout9189/X                             10     21    -11 (VIOLATED)
fanout9193/X                             10     21    -11 (VIOLATED)
fanout9197/X                             10     21    -11 (VIOLATED)
fanout9200/X                             10     21    -11 (VIOLATED)
fanout9203/X                             10     21    -11 (VIOLATED)
fanout9211/X                             10     21    -11 (VIOLATED)
fanout9214/X                             10     21    -11 (VIOLATED)
fanout9216/X                             10     21    -11 (VIOLATED)
fanout9219/X                             10     21    -11 (VIOLATED)
fanout9221/X                             10     21    -11 (VIOLATED)
fanout9223/X                             10     21    -11 (VIOLATED)
fanout9225/X                             10     21    -11 (VIOLATED)
fanout9227/X                             10     21    -11 (VIOLATED)
fanout9229/X                             10     21    -11 (VIOLATED)
fanout9232/X                             10     21    -11 (VIOLATED)
fanout9237/X                             10     21    -11 (VIOLATED)
fanout9239/X                             10     21    -11 (VIOLATED)
fanout9242/X                             10     21    -11 (VIOLATED)
fanout9245/X                             10     21    -11 (VIOLATED)
fanout9263/X                             10     21    -11 (VIOLATED)
fanout9264/X                             10     21    -11 (VIOLATED)
fanout9265/X                             10     21    -11 (VIOLATED)
fanout9267/X                             10     21    -11 (VIOLATED)
fanout9268/X                             10     21    -11 (VIOLATED)
fanout9269/X                             10     21    -11 (VIOLATED)
fanout9271/X                             10     21    -11 (VIOLATED)
fanout9273/X                             10     21    -11 (VIOLATED)
fanout9274/X                             10     21    -11 (VIOLATED)
fanout9275/X                             10     21    -11 (VIOLATED)
fanout9277/X                             10     21    -11 (VIOLATED)
fanout9279/X                             10     21    -11 (VIOLATED)
fanout9282/X                             10     21    -11 (VIOLATED)
fanout9287/X                             10     21    -11 (VIOLATED)
fanout9295/X                             10     21    -11 (VIOLATED)
fanout9297/X                             10     21    -11 (VIOLATED)
fanout9324/X                             10     21    -11 (VIOLATED)
fanout9330/X                             10     21    -11 (VIOLATED)
fanout9333/X                             10     21    -11 (VIOLATED)
fanout9335/X                             10     21    -11 (VIOLATED)
fanout9338/X                             10     21    -11 (VIOLATED)
fanout9342/X                             10     21    -11 (VIOLATED)
fanout9349/X                             10     21    -11 (VIOLATED)
fanout9353/X                             10     21    -11 (VIOLATED)
fanout9355/X                             10     21    -11 (VIOLATED)
fanout9359/X                             10     21    -11 (VIOLATED)
fanout9362/X                             10     21    -11 (VIOLATED)
fanout9364/X                             10     21    -11 (VIOLATED)
fanout9367/X                             10     21    -11 (VIOLATED)
fanout9372/X                             10     21    -11 (VIOLATED)
fanout9375/X                             10     21    -11 (VIOLATED)
fanout9377/X                             10     21    -11 (VIOLATED)
fanout9379/X                             10     21    -11 (VIOLATED)
fanout9382/X                             10     21    -11 (VIOLATED)
fanout9384/X                             10     21    -11 (VIOLATED)
fanout9390/X                             10     21    -11 (VIOLATED)
fanout9392/X                             10     21    -11 (VIOLATED)
fanout9394/X                             10     21    -11 (VIOLATED)
fanout9397/X                             10     21    -11 (VIOLATED)
fanout9398/X                             10     21    -11 (VIOLATED)
fanout9399/X                             10     21    -11 (VIOLATED)
fanout940/X                              10     21    -11 (VIOLATED)
fanout9400/X                             10     21    -11 (VIOLATED)
fanout9404/X                             10     21    -11 (VIOLATED)
fanout9407/X                             10     21    -11 (VIOLATED)
fanout9408/X                             10     21    -11 (VIOLATED)
fanout941/X                              10     21    -11 (VIOLATED)
fanout9411/X                             10     21    -11 (VIOLATED)
fanout9418/X                             10     21    -11 (VIOLATED)
fanout942/X                              10     21    -11 (VIOLATED)
fanout9421/X                             10     21    -11 (VIOLATED)
fanout9427/X                             10     21    -11 (VIOLATED)
fanout9431/X                             10     21    -11 (VIOLATED)
fanout9453/X                             10     21    -11 (VIOLATED)
fanout9460/X                             10     21    -11 (VIOLATED)
fanout9462/X                             10     21    -11 (VIOLATED)
fanout9465/X                             10     21    -11 (VIOLATED)
fanout9467/X                             10     21    -11 (VIOLATED)
fanout9469/X                             10     21    -11 (VIOLATED)
fanout9473/X                             10     21    -11 (VIOLATED)
fanout9477/X                             10     21    -11 (VIOLATED)
fanout9480/X                             10     21    -11 (VIOLATED)
fanout9484/X                             10     21    -11 (VIOLATED)
fanout9488/X                             10     21    -11 (VIOLATED)
fanout9491/X                             10     21    -11 (VIOLATED)
fanout9496/X                             10     21    -11 (VIOLATED)
fanout9497/X                             10     21    -11 (VIOLATED)
fanout9533/X                             10     21    -11 (VIOLATED)
fanout9541/X                             10     21    -11 (VIOLATED)
fanout9544/X                             10     21    -11 (VIOLATED)
fanout9546/X                             10     21    -11 (VIOLATED)
fanout9549/X                             10     21    -11 (VIOLATED)
fanout9551/X                             10     21    -11 (VIOLATED)
fanout9555/X                             10     21    -11 (VIOLATED)
fanout9558/X                             10     21    -11 (VIOLATED)
fanout9562/X                             10     21    -11 (VIOLATED)
fanout9564/X                             10     21    -11 (VIOLATED)
fanout9566/X                             10     21    -11 (VIOLATED)
fanout9571/X                             10     21    -11 (VIOLATED)
fanout9593/X                             10     21    -11 (VIOLATED)
fanout9597/X                             10     21    -11 (VIOLATED)
fanout9598/X                             10     21    -11 (VIOLATED)
fanout9600/X                             10     21    -11 (VIOLATED)
fanout9608/X                             10     21    -11 (VIOLATED)
fanout9611/X                             10     21    -11 (VIOLATED)
fanout9614/X                             10     21    -11 (VIOLATED)
fanout9617/X                             10     21    -11 (VIOLATED)
fanout9620/X                             10     21    -11 (VIOLATED)
fanout9623/X                             10     21    -11 (VIOLATED)
fanout9624/X                             10     21    -11 (VIOLATED)
fanout9625/X                             10     21    -11 (VIOLATED)
fanout9627/X                             10     21    -11 (VIOLATED)
fanout9630/X                             10     21    -11 (VIOLATED)
fanout9643/X                             10     21    -11 (VIOLATED)
fanout9644/X                             10     21    -11 (VIOLATED)
fanout9646/X                             10     21    -11 (VIOLATED)
fanout9652/X                             10     21    -11 (VIOLATED)
fanout9654/X                             10     21    -11 (VIOLATED)
fanout9656/X                             10     21    -11 (VIOLATED)
fanout9661/X                             10     21    -11 (VIOLATED)
fanout9662/X                             10     21    -11 (VIOLATED)
fanout9664/X                             10     21    -11 (VIOLATED)
fanout9666/X                             10     21    -11 (VIOLATED)
fanout9673/X                             10     21    -11 (VIOLATED)
fanout9675/X                             10     21    -11 (VIOLATED)
fanout9688/X                             10     21    -11 (VIOLATED)
fanout9689/X                             10     21    -11 (VIOLATED)
fanout9692/X                             10     21    -11 (VIOLATED)
fanout9694/X                             10     21    -11 (VIOLATED)
fanout9698/X                             10     21    -11 (VIOLATED)
fanout9710/X                             10     21    -11 (VIOLATED)
fanout9712/X                             10     21    -11 (VIOLATED)
fanout9717/X                             10     21    -11 (VIOLATED)
fanout9720/X                             10     21    -11 (VIOLATED)
fanout9730/X                             10     21    -11 (VIOLATED)
fanout9732/X                             10     21    -11 (VIOLATED)
fanout9735/X                             10     21    -11 (VIOLATED)
fanout9738/X                             10     21    -11 (VIOLATED)
fanout9742/X                             10     21    -11 (VIOLATED)
fanout9743/X                             10     21    -11 (VIOLATED)
fanout9745/X                             10     21    -11 (VIOLATED)
fanout9747/X                             10     21    -11 (VIOLATED)
fanout9751/X                             10     21    -11 (VIOLATED)
fanout9755/X                             10     21    -11 (VIOLATED)
fanout9756/X                             10     21    -11 (VIOLATED)
fanout9758/X                             10     21    -11 (VIOLATED)
fanout9762/X                             10     21    -11 (VIOLATED)
fanout9763/X                             10     21    -11 (VIOLATED)
fanout9765/X                             10     21    -11 (VIOLATED)
fanout9770/X                             10     21    -11 (VIOLATED)
fanout9773/X                             10     21    -11 (VIOLATED)
fanout9776/X                             10     21    -11 (VIOLATED)
fanout9783/X                             10     21    -11 (VIOLATED)
fanout9786/X                             10     21    -11 (VIOLATED)
fanout9793/X                             10     21    -11 (VIOLATED)
fanout9796/X                             10     21    -11 (VIOLATED)
fanout9797/X                             10     21    -11 (VIOLATED)
fanout9799/X                             10     21    -11 (VIOLATED)
fanout9802/X                             10     21    -11 (VIOLATED)
fanout9805/X                             10     21    -11 (VIOLATED)
fanout9807/X                             10     21    -11 (VIOLATED)
fanout9810/X                             10     21    -11 (VIOLATED)
fanout9824/X                             10     21    -11 (VIOLATED)
fanout9826/X                             10     21    -11 (VIOLATED)
fanout9832/X                             10     21    -11 (VIOLATED)
fanout9834/X                             10     21    -11 (VIOLATED)
fanout9835/X                             10     21    -11 (VIOLATED)
fanout9839/X                             10     21    -11 (VIOLATED)
fanout9841/X                             10     21    -11 (VIOLATED)
fanout9842/X                             10     21    -11 (VIOLATED)
fanout9844/X                             10     21    -11 (VIOLATED)
fanout9845/X                             10     21    -11 (VIOLATED)
fanout9847/X                             10     21    -11 (VIOLATED)
fanout9850/X                             10     21    -11 (VIOLATED)
fanout9852/X                             10     21    -11 (VIOLATED)
fanout9857/X                             10     21    -11 (VIOLATED)
fanout9858/X                             10     21    -11 (VIOLATED)
fanout9859/X                             10     21    -11 (VIOLATED)
fanout9860/X                             10     21    -11 (VIOLATED)
fanout9863/X                             10     21    -11 (VIOLATED)
fanout9867/X                             10     21    -11 (VIOLATED)
fanout9875/X                             10     21    -11 (VIOLATED)
fanout9876/X                             10     21    -11 (VIOLATED)
fanout9878/X                             10     21    -11 (VIOLATED)
fanout9881/X                             10     21    -11 (VIOLATED)
fanout9883/X                             10     21    -11 (VIOLATED)
fanout9885/X                             10     21    -11 (VIOLATED)
fanout9887/X                             10     21    -11 (VIOLATED)
fanout9893/X                             10     21    -11 (VIOLATED)
fanout9900/X                             10     21    -11 (VIOLATED)
fanout9908/X                             10     21    -11 (VIOLATED)
fanout9911/X                             10     21    -11 (VIOLATED)
fanout9920/X                             10     21    -11 (VIOLATED)
fanout9924/X                             10     21    -11 (VIOLATED)
fanout9929/X                             10     21    -11 (VIOLATED)
fanout9931/X                             10     21    -11 (VIOLATED)
fanout9933/X                             10     21    -11 (VIOLATED)
fanout9936/X                             10     21    -11 (VIOLATED)
fanout9941/X                             10     21    -11 (VIOLATED)
fanout9947/X                             10     21    -11 (VIOLATED)
fanout9950/X                             10     21    -11 (VIOLATED)
fanout9952/X                             10     21    -11 (VIOLATED)
fanout9958/X                             10     21    -11 (VIOLATED)
fanout9987/X                             10     21    -11 (VIOLATED)
fanout9991/X                             10     21    -11 (VIOLATED)
fanout9995/X                             10     21    -11 (VIOLATED)
fanout9999/X                             10     21    -11 (VIOLATED)
hold10440/X                              10     21    -11 (VIOLATED)
hold11023/X                              10     21    -11 (VIOLATED)
hold11313/X                              10     21    -11 (VIOLATED)
hold11357/X                              10     21    -11 (VIOLATED)
hold11471/X                              10     21    -11 (VIOLATED)
hold11474/X                              10     21    -11 (VIOLATED)
hold1174/X                               10     21    -11 (VIOLATED)
hold1205/X                               10     21    -11 (VIOLATED)
hold12204/X                              10     21    -11 (VIOLATED)
hold12434/X                              10     21    -11 (VIOLATED)
hold12487/X                              10     21    -11 (VIOLATED)
hold12809/X                              10     21    -11 (VIOLATED)
hold12848/X                              10     21    -11 (VIOLATED)
hold13396/X                              10     21    -11 (VIOLATED)
hold13807/X                              10     21    -11 (VIOLATED)
hold14/X                                 10     21    -11 (VIOLATED)
hold14142/X                              10     21    -11 (VIOLATED)
hold14256/X                              10     21    -11 (VIOLATED)
hold14493/X                              10     21    -11 (VIOLATED)
hold14575/X                              10     21    -11 (VIOLATED)
hold14681/X                              10     21    -11 (VIOLATED)
hold14731/X                              10     21    -11 (VIOLATED)
hold14852/X                              10     21    -11 (VIOLATED)
hold14867/X                              10     21    -11 (VIOLATED)
hold14896/X                              10     21    -11 (VIOLATED)
hold14976/X                              10     21    -11 (VIOLATED)
hold15006/X                              10     21    -11 (VIOLATED)
hold15053/X                              10     21    -11 (VIOLATED)
hold15057/X                              10     21    -11 (VIOLATED)
hold15079/X                              10     21    -11 (VIOLATED)
hold15087/X                              10     21    -11 (VIOLATED)
hold15099/X                              10     21    -11 (VIOLATED)
hold15102/X                              10     21    -11 (VIOLATED)
hold15108/X                              10     21    -11 (VIOLATED)
hold15111/X                              10     21    -11 (VIOLATED)
hold15139/X                              10     21    -11 (VIOLATED)
hold15151/X                              10     21    -11 (VIOLATED)
hold15166/X                              10     21    -11 (VIOLATED)
hold15232/X                              10     21    -11 (VIOLATED)
hold15262/X                              10     21    -11 (VIOLATED)
hold15278/X                              10     21    -11 (VIOLATED)
hold15295/X                              10     21    -11 (VIOLATED)
hold15302/X                              10     21    -11 (VIOLATED)
hold15341/X                              10     21    -11 (VIOLATED)
hold15344/X                              10     21    -11 (VIOLATED)
hold15374/X                              10     21    -11 (VIOLATED)
hold15411/X                              10     21    -11 (VIOLATED)
hold15418/X                              10     21    -11 (VIOLATED)
hold15421/X                              10     21    -11 (VIOLATED)
hold15434/X                              10     21    -11 (VIOLATED)
hold15446/X                              10     21    -11 (VIOLATED)
hold15452/X                              10     21    -11 (VIOLATED)
hold15477/X                              10     21    -11 (VIOLATED)
hold15498/X                              10     21    -11 (VIOLATED)
hold15505/X                              10     21    -11 (VIOLATED)
hold15517/X                              10     21    -11 (VIOLATED)
hold15520/X                              10     21    -11 (VIOLATED)
hold15528/X                              10     21    -11 (VIOLATED)
hold15540/X                              10     21    -11 (VIOLATED)
hold15553/X                              10     21    -11 (VIOLATED)
hold15569/X                              10     21    -11 (VIOLATED)
hold15572/X                              10     21    -11 (VIOLATED)
hold15608/X                              10     21    -11 (VIOLATED)
hold15614/X                              10     21    -11 (VIOLATED)
hold15633/X                              10     21    -11 (VIOLATED)
hold15644/X                              10     21    -11 (VIOLATED)
hold15719/X                              10     21    -11 (VIOLATED)
hold15729/X                              10     21    -11 (VIOLATED)
hold15737/X                              10     21    -11 (VIOLATED)
hold15740/X                              10     21    -11 (VIOLATED)
hold15786/X                              10     21    -11 (VIOLATED)
hold15853/X                              10     21    -11 (VIOLATED)
hold15861/X                              10     21    -11 (VIOLATED)
hold15885/X                              10     21    -11 (VIOLATED)
hold15889/X                              10     21    -11 (VIOLATED)
hold15899/X                              10     21    -11 (VIOLATED)
hold15950/X                              10     21    -11 (VIOLATED)
hold15995/X                              10     21    -11 (VIOLATED)
hold16011/X                              10     21    -11 (VIOLATED)
hold16032/X                              10     21    -11 (VIOLATED)
hold16075/X                              10     21    -11 (VIOLATED)
hold16100/X                              10     21    -11 (VIOLATED)
hold16197/X                              10     21    -11 (VIOLATED)
hold16293/X                              10     21    -11 (VIOLATED)
hold16323/X                              10     21    -11 (VIOLATED)
hold16350/X                              10     21    -11 (VIOLATED)
hold16376/X                              10     21    -11 (VIOLATED)
hold16402/X                              10     21    -11 (VIOLATED)
hold16410/X                              10     21    -11 (VIOLATED)
hold16430/X                              10     21    -11 (VIOLATED)
hold16442/X                              10     21    -11 (VIOLATED)
hold16446/X                              10     21    -11 (VIOLATED)
hold16454/X                              10     21    -11 (VIOLATED)
hold16469/X                              10     21    -11 (VIOLATED)
hold16594/X                              10     21    -11 (VIOLATED)
hold16626/X                              10     21    -11 (VIOLATED)
hold16630/X                              10     21    -11 (VIOLATED)
hold16666/X                              10     21    -11 (VIOLATED)
hold16684/X                              10     21    -11 (VIOLATED)
hold16701/X                              10     21    -11 (VIOLATED)
hold16726/X                              10     21    -11 (VIOLATED)
hold16730/X                              10     21    -11 (VIOLATED)
hold16742/X                              10     21    -11 (VIOLATED)
hold16787/X                              10     21    -11 (VIOLATED)
hold16820/X                              10     21    -11 (VIOLATED)
hold16849/X                              10     21    -11 (VIOLATED)
hold16899/X                              10     21    -11 (VIOLATED)
hold16920/X                              10     21    -11 (VIOLATED)
hold16960/X                              10     21    -11 (VIOLATED)
hold17031/X                              10     21    -11 (VIOLATED)
hold17089/X                              10     21    -11 (VIOLATED)
hold17093/X                              10     21    -11 (VIOLATED)
hold17148/X                              10     21    -11 (VIOLATED)
hold17184/X                              10     21    -11 (VIOLATED)
hold17193/X                              10     21    -11 (VIOLATED)
hold17221/X                              10     21    -11 (VIOLATED)
hold17275/X                              10     21    -11 (VIOLATED)
hold17287/X                              10     21    -11 (VIOLATED)
hold17299/X                              10     21    -11 (VIOLATED)
hold17303/X                              10     21    -11 (VIOLATED)
hold17339/X                              10     21    -11 (VIOLATED)
hold17355/X                              10     21    -11 (VIOLATED)
hold17399/X                              10     21    -11 (VIOLATED)
hold17427/X                              10     21    -11 (VIOLATED)
hold17458/X                              10     21    -11 (VIOLATED)
hold17507/X                              10     21    -11 (VIOLATED)
hold17514/X                              10     21    -11 (VIOLATED)
hold17523/X                              10     21    -11 (VIOLATED)
hold17582/X                              10     21    -11 (VIOLATED)
hold17636/X                              10     21    -11 (VIOLATED)
hold17677/X                              10     21    -11 (VIOLATED)
hold17734/X                              10     21    -11 (VIOLATED)
hold17742/X                              10     21    -11 (VIOLATED)
hold17762/X                              10     21    -11 (VIOLATED)
hold17775/X                              10     21    -11 (VIOLATED)
hold17783/X                              10     21    -11 (VIOLATED)
hold17785/X                              10     21    -11 (VIOLATED)
hold17793/X                              10     21    -11 (VIOLATED)
hold17809/X                              10     21    -11 (VIOLATED)
hold17836/X                              10     21    -11 (VIOLATED)
hold17879/X                              10     21    -11 (VIOLATED)
hold17906/X                              10     21    -11 (VIOLATED)
hold17976/X                              10     21    -11 (VIOLATED)
hold18014/X                              10     21    -11 (VIOLATED)
hold18047/X                              10     21    -11 (VIOLATED)
hold18065/X                              10     21    -11 (VIOLATED)
hold18068/X                              10     21    -11 (VIOLATED)
hold18089/X                              10     21    -11 (VIOLATED)
hold18151/X                              10     21    -11 (VIOLATED)
hold18273/X                              10     21    -11 (VIOLATED)
hold18584/X                              10     21    -11 (VIOLATED)
hold18726/X                              10     21    -11 (VIOLATED)
hold19224/X                              10     21    -11 (VIOLATED)
hold19553/X                              10     21    -11 (VIOLATED)
hold22640/X                              10     21    -11 (VIOLATED)
hold22945/X                              10     21    -11 (VIOLATED)
hold32154/X                              10     21    -11 (VIOLATED)
hold3239/X                               10     21    -11 (VIOLATED)
hold3512/X                               10     21    -11 (VIOLATED)
hold4374/X                               10     21    -11 (VIOLATED)
hold5090/X                               10     21    -11 (VIOLATED)
hold61/X                                 10     21    -11 (VIOLATED)
hold64/X                                 10     21    -11 (VIOLATED)
hold6968/X                               10     21    -11 (VIOLATED)
hold7058/X                               10     21    -11 (VIOLATED)
hold8401/X                               10     21    -11 (VIOLATED)
hold8456/X                               10     21    -11 (VIOLATED)
hold8602/X                               10     21    -11 (VIOLATED)
hold9206/X                               10     21    -11 (VIOLATED)
hold9256/X                               10     21    -11 (VIOLATED)
hold987/X                                10     21    -11 (VIOLATED)
wire3848/X                               10     21    -11 (VIOLATED)
fanout4164/X                             10     20    -10 (VIOLATED)
fanout5516/X                             10     20    -10 (VIOLATED)
wire6789/X                               10     20    -10 (VIOLATED)
_060721_/Y                               10     19     -9 (VIOLATED)
_060824_/Y                               10     19     -9 (VIOLATED)
_060896_/Y                               10     19     -9 (VIOLATED)
_060961_/Y                               10     19     -9 (VIOLATED)
_061097_/Y                               10     19     -9 (VIOLATED)
_061122_/Y                               10     19     -9 (VIOLATED)
_061134_/Y                               10     19     -9 (VIOLATED)
_061158_/Y                               10     19     -9 (VIOLATED)
_061171_/Y                               10     19     -9 (VIOLATED)
_061181_/Y                               10     19     -9 (VIOLATED)
_061202_/Y                               10     19     -9 (VIOLATED)
_061225_/Y                               10     19     -9 (VIOLATED)
_061236_/Y                               10     19     -9 (VIOLATED)
_061247_/Y                               10     19     -9 (VIOLATED)
_064788_/Y                               10     19     -9 (VIOLATED)
_090615_/X                               10     19     -9 (VIOLATED)
_092257_/X                               10     19     -9 (VIOLATED)
_100966_/Y                               10     19     -9 (VIOLATED)
_103192_/Y                               10     19     -9 (VIOLATED)
_104931_/Y                               10     19     -9 (VIOLATED)
_108514_/Y                               10     19     -9 (VIOLATED)
_112914_/Y                               10     19     -9 (VIOLATED)
_112924_/Y                               10     19     -9 (VIOLATED)
_112935_/Y                               10     19     -9 (VIOLATED)
_112955_/Y                               10     19     -9 (VIOLATED)
_119539_/Y                               10     19     -9 (VIOLATED)
_119988_/Y                               10     19     -9 (VIOLATED)
_119998_/Y                               10     19     -9 (VIOLATED)
_120009_/Y                               10     19     -9 (VIOLATED)
_120029_/Y                               10     19     -9 (VIOLATED)
_120039_/Y                               10     19     -9 (VIOLATED)
_120050_/Y                               10     19     -9 (VIOLATED)
_120060_/Y                               10     19     -9 (VIOLATED)
_120070_/Y                               10     19     -9 (VIOLATED)
_120080_/Y                               10     19     -9 (VIOLATED)
_120090_/Y                               10     19     -9 (VIOLATED)
_120100_/Y                               10     19     -9 (VIOLATED)
_120110_/Y                               10     19     -9 (VIOLATED)
_120120_/Y                               10     19     -9 (VIOLATED)
_120130_/Y                               10     19     -9 (VIOLATED)
_120140_/Y                               10     19     -9 (VIOLATED)
_120150_/Y                               10     19     -9 (VIOLATED)
_120160_/Y                               10     19     -9 (VIOLATED)
_120170_/Y                               10     19     -9 (VIOLATED)
_120180_/Y                               10     19     -9 (VIOLATED)
_120200_/Y                               10     19     -9 (VIOLATED)
_120210_/Y                               10     19     -9 (VIOLATED)
_120220_/Y                               10     19     -9 (VIOLATED)
_120230_/Y                               10     19     -9 (VIOLATED)
_120240_/Y                               10     19     -9 (VIOLATED)
_120250_/Y                               10     19     -9 (VIOLATED)
_120260_/Y                               10     19     -9 (VIOLATED)
_120270_/Y                               10     19     -9 (VIOLATED)
_120280_/Y                               10     19     -9 (VIOLATED)
_120290_/Y                               10     19     -9 (VIOLATED)
_120300_/Y                               10     19     -9 (VIOLATED)
_120310_/Y                               10     19     -9 (VIOLATED)
_120320_/Y                               10     19     -9 (VIOLATED)
_120330_/Y                               10     19     -9 (VIOLATED)
_120340_/Y                               10     19     -9 (VIOLATED)
_120350_/Y                               10     19     -9 (VIOLATED)
_120360_/Y                               10     19     -9 (VIOLATED)
_120370_/Y                               10     19     -9 (VIOLATED)
_120380_/Y                               10     19     -9 (VIOLATED)
_120390_/Y                               10     19     -9 (VIOLATED)
_120400_/Y                               10     19     -9 (VIOLATED)
_120420_/Y                               10     19     -9 (VIOLATED)
_120430_/Y                               10     19     -9 (VIOLATED)
_120440_/Y                               10     19     -9 (VIOLATED)
_120450_/Y                               10     19     -9 (VIOLATED)
_120460_/Y                               10     19     -9 (VIOLATED)
_120470_/Y                               10     19     -9 (VIOLATED)
_120480_/Y                               10     19     -9 (VIOLATED)
_120490_/Y                               10     19     -9 (VIOLATED)
_120500_/Y                               10     19     -9 (VIOLATED)
_120510_/Y                               10     19     -9 (VIOLATED)
_120520_/Y                               10     19     -9 (VIOLATED)
_120530_/Y                               10     19     -9 (VIOLATED)
_120540_/Y                               10     19     -9 (VIOLATED)
_120550_/Y                               10     19     -9 (VIOLATED)
_120560_/Y                               10     19     -9 (VIOLATED)
_120580_/Y                               10     19     -9 (VIOLATED)
_120610_/Y                               10     19     -9 (VIOLATED)
_120640_/Y                               10     19     -9 (VIOLATED)
_120650_/Y                               10     19     -9 (VIOLATED)
_120660_/Y                               10     19     -9 (VIOLATED)
_120670_/Y                               10     19     -9 (VIOLATED)
_120680_/Y                               10     19     -9 (VIOLATED)
_120690_/Y                               10     19     -9 (VIOLATED)
_120720_/Y                               10     19     -9 (VIOLATED)
_120730_/Y                               10     19     -9 (VIOLATED)
_120740_/Y                               10     19     -9 (VIOLATED)
_120760_/Y                               10     19     -9 (VIOLATED)
_120770_/Y                               10     19     -9 (VIOLATED)
_120780_/Y                               10     19     -9 (VIOLATED)
_120790_/Y                               10     19     -9 (VIOLATED)
_120800_/Y                               10     19     -9 (VIOLATED)
_120810_/Y                               10     19     -9 (VIOLATED)
_120820_/Y                               10     19     -9 (VIOLATED)
_120830_/Y                               10     19     -9 (VIOLATED)
_120840_/Y                               10     19     -9 (VIOLATED)
_120850_/Y                               10     19     -9 (VIOLATED)
_120860_/Y                               10     19     -9 (VIOLATED)
_120880_/Y                               10     19     -9 (VIOLATED)
_120890_/Y                               10     19     -9 (VIOLATED)
_120900_/Y                               10     19     -9 (VIOLATED)
_120910_/Y                               10     19     -9 (VIOLATED)
_120920_/Y                               10     19     -9 (VIOLATED)
_120930_/Y                               10     19     -9 (VIOLATED)
_120940_/Y                               10     19     -9 (VIOLATED)
_120950_/Y                               10     19     -9 (VIOLATED)
_120960_/Y                               10     19     -9 (VIOLATED)
_120970_/Y                               10     19     -9 (VIOLATED)
_120980_/Y                               10     19     -9 (VIOLATED)
_120990_/Y                               10     19     -9 (VIOLATED)
_121000_/Y                               10     19     -9 (VIOLATED)
_121010_/Y                               10     19     -9 (VIOLATED)
_121020_/Y                               10     19     -9 (VIOLATED)
_121050_/Y                               10     19     -9 (VIOLATED)
_121060_/Y                               10     19     -9 (VIOLATED)
clkbuf_8_110__f_wb_clk_i/X               10     19     -9 (VIOLATED)
clkbuf_8_113__f_wb_clk_i/X               10     19     -9 (VIOLATED)
clkbuf_8_114__f_wb_clk_i/X               10     19     -9 (VIOLATED)
clkbuf_8_119__f_wb_clk_i/X               10     19     -9 (VIOLATED)
clkbuf_8_124__f_wb_clk_i/X               10     19     -9 (VIOLATED)
clkbuf_8_131__f_wb_clk_i/X               10     19     -9 (VIOLATED)
clkbuf_8_135__f_wb_clk_i/X               10     19     -9 (VIOLATED)
clkbuf_8_143__f_wb_clk_i/X               10     19     -9 (VIOLATED)
clkbuf_8_14__f_wb_clk_i/X                10     19     -9 (VIOLATED)
clkbuf_8_176__f_wb_clk_i/X               10     19     -9 (VIOLATED)
clkbuf_8_17__f_wb_clk_i/X                10     19     -9 (VIOLATED)
clkbuf_8_20__f_wb_clk_i/X                10     19     -9 (VIOLATED)
clkbuf_8_242__f_wb_clk_i/X               10     19     -9 (VIOLATED)
clkbuf_8_246__f_wb_clk_i/X               10     19     -9 (VIOLATED)
clkbuf_8_254__f_wb_clk_i/X               10     19     -9 (VIOLATED)
clkbuf_8_29__f_wb_clk_i/X                10     19     -9 (VIOLATED)
clkbuf_8_34__f_wb_clk_i/X                10     19     -9 (VIOLATED)
clkbuf_8_58__f_wb_clk_i/X                10     19     -9 (VIOLATED)
clkbuf_8_59__f_wb_clk_i/X                10     19     -9 (VIOLATED)
clkbuf_8_60__f_wb_clk_i/X                10     19     -9 (VIOLATED)
clkbuf_8_64__f_wb_clk_i/X                10     19     -9 (VIOLATED)
clkbuf_8_67__f_wb_clk_i/X                10     19     -9 (VIOLATED)
clkbuf_8_68__f_wb_clk_i/X                10     19     -9 (VIOLATED)
clkbuf_8_82__f_wb_clk_i/X                10     19     -9 (VIOLATED)
clkbuf_8_84__f_wb_clk_i/X                10     19     -9 (VIOLATED)
clkbuf_8_92__f_wb_clk_i/X                10     19     -9 (VIOLATED)
clkbuf_8_93__f_wb_clk_i/X                10     19     -9 (VIOLATED)
fanout10015/X                            10     19     -9 (VIOLATED)
fanout10044/X                            10     19     -9 (VIOLATED)
fanout10090/X                            10     19     -9 (VIOLATED)
fanout10112/X                            10     19     -9 (VIOLATED)
fanout10148/X                            10     19     -9 (VIOLATED)
fanout10181/X                            10     19     -9 (VIOLATED)
fanout10186/X                            10     19     -9 (VIOLATED)
fanout10238/X                            10     19     -9 (VIOLATED)
fanout10263/X                            10     19     -9 (VIOLATED)
fanout10271/X                            10     19     -9 (VIOLATED)
fanout10289/X                            10     19     -9 (VIOLATED)
fanout10297/X                            10     19     -9 (VIOLATED)
fanout10312/X                            10     19     -9 (VIOLATED)
fanout10314/X                            10     19     -9 (VIOLATED)
fanout10339/X                            10     19     -9 (VIOLATED)
fanout10346/X                            10     19     -9 (VIOLATED)
fanout10379/X                            10     19     -9 (VIOLATED)
fanout10382/X                            10     19     -9 (VIOLATED)
fanout10394/X                            10     19     -9 (VIOLATED)
fanout10493/X                            10     19     -9 (VIOLATED)
fanout10535/X                            10     19     -9 (VIOLATED)
fanout10542/X                            10     19     -9 (VIOLATED)
fanout10582/X                            10     19     -9 (VIOLATED)
fanout10638/X                            10     19     -9 (VIOLATED)
fanout10663/X                            10     19     -9 (VIOLATED)
fanout10670/X                            10     19     -9 (VIOLATED)
fanout10708/X                            10     19     -9 (VIOLATED)
fanout10714/X                            10     19     -9 (VIOLATED)
fanout10727/X                            10     19     -9 (VIOLATED)
fanout10767/X                            10     19     -9 (VIOLATED)
fanout10782/X                            10     19     -9 (VIOLATED)
fanout10795/X                            10     19     -9 (VIOLATED)
fanout10876/X                            10     19     -9 (VIOLATED)
fanout10894/X                            10     19     -9 (VIOLATED)
fanout10969/X                            10     19     -9 (VIOLATED)
fanout11002/X                            10     19     -9 (VIOLATED)
fanout11012/X                            10     19     -9 (VIOLATED)
fanout11036/X                            10     19     -9 (VIOLATED)
fanout11083/X                            10     19     -9 (VIOLATED)
fanout11152/X                            10     19     -9 (VIOLATED)
fanout11448/X                            10     19     -9 (VIOLATED)
fanout11523/X                            10     19     -9 (VIOLATED)
fanout1154/X                             10     19     -9 (VIOLATED)
fanout11542/X                            10     19     -9 (VIOLATED)
fanout11560/X                            10     19     -9 (VIOLATED)
fanout11562/X                            10     19     -9 (VIOLATED)
fanout11659/X                            10     19     -9 (VIOLATED)
fanout11693/X                            10     19     -9 (VIOLATED)
fanout11728/X                            10     19     -9 (VIOLATED)
fanout11793/X                            10     19     -9 (VIOLATED)
fanout11839/X                            10     19     -9 (VIOLATED)
fanout1442/X                             10     19     -9 (VIOLATED)
fanout1461/X                             10     19     -9 (VIOLATED)
fanout1777/X                             10     19     -9 (VIOLATED)
fanout1784/X                             10     19     -9 (VIOLATED)
fanout1787/X                             10     19     -9 (VIOLATED)
fanout299/X                              10     19     -9 (VIOLATED)
fanout303/X                              10     19     -9 (VIOLATED)
fanout3492/X                             10     19     -9 (VIOLATED)
fanout3493/X                             10     19     -9 (VIOLATED)
fanout3504/X                             10     19     -9 (VIOLATED)
fanout397/X                              10     19     -9 (VIOLATED)
fanout402/X                              10     19     -9 (VIOLATED)
fanout4096/X                             10     19     -9 (VIOLATED)
fanout4132/X                             10     19     -9 (VIOLATED)
fanout4143/X                             10     19     -9 (VIOLATED)
fanout4196/X                             10     19     -9 (VIOLATED)
fanout420/X                              10     19     -9 (VIOLATED)
fanout4216/X                             10     19     -9 (VIOLATED)
fanout4233/X                             10     19     -9 (VIOLATED)
fanout4272/X                             10     19     -9 (VIOLATED)
fanout4274/X                             10     19     -9 (VIOLATED)
fanout4284/X                             10     19     -9 (VIOLATED)
fanout435/X                              10     19     -9 (VIOLATED)
fanout4387/X                             10     19     -9 (VIOLATED)
fanout4398/X                             10     19     -9 (VIOLATED)
fanout4471/X                             10     19     -9 (VIOLATED)
fanout4506/X                             10     19     -9 (VIOLATED)
fanout4518/X                             10     19     -9 (VIOLATED)
fanout4549/X                             10     19     -9 (VIOLATED)
fanout4595/X                             10     19     -9 (VIOLATED)
fanout4606/X                             10     19     -9 (VIOLATED)
fanout4711/X                             10     19     -9 (VIOLATED)
fanout4771/X                             10     19     -9 (VIOLATED)
fanout4857/X                             10     19     -9 (VIOLATED)
fanout4906/X                             10     19     -9 (VIOLATED)
fanout4933/X                             10     19     -9 (VIOLATED)
fanout4937/X                             10     19     -9 (VIOLATED)
fanout4939/X                             10     19     -9 (VIOLATED)
fanout4953/X                             10     19     -9 (VIOLATED)
fanout5010/X                             10     19     -9 (VIOLATED)
fanout5021/X                             10     19     -9 (VIOLATED)
fanout5033/X                             10     19     -9 (VIOLATED)
fanout5097/X                             10     19     -9 (VIOLATED)
fanout5240/X                             10     19     -9 (VIOLATED)
fanout5287/X                             10     19     -9 (VIOLATED)
fanout529/X                              10     19     -9 (VIOLATED)
fanout5322/X                             10     19     -9 (VIOLATED)
fanout5379/X                             10     19     -9 (VIOLATED)
fanout5383/X                             10     19     -9 (VIOLATED)
fanout5442/X                             10     19     -9 (VIOLATED)
fanout5444/X                             10     19     -9 (VIOLATED)
fanout5468/X                             10     19     -9 (VIOLATED)
fanout5469/X                             10     19     -9 (VIOLATED)
fanout5479/X                             10     19     -9 (VIOLATED)
fanout5511/X                             10     19     -9 (VIOLATED)
fanout5530/X                             10     19     -9 (VIOLATED)
fanout5588/X                             10     19     -9 (VIOLATED)
fanout5602/X                             10     19     -9 (VIOLATED)
fanout5698/X                             10     19     -9 (VIOLATED)
fanout5721/X                             10     19     -9 (VIOLATED)
fanout5851/X                             10     19     -9 (VIOLATED)
fanout5903/X                             10     19     -9 (VIOLATED)
fanout5941/X                             10     19     -9 (VIOLATED)
fanout5943/X                             10     19     -9 (VIOLATED)
fanout5960/X                             10     19     -9 (VIOLATED)
fanout5975/X                             10     19     -9 (VIOLATED)
fanout6081/X                             10     19     -9 (VIOLATED)
fanout6122/X                             10     19     -9 (VIOLATED)
fanout6142/X                             10     19     -9 (VIOLATED)
fanout728/X                              10     19     -9 (VIOLATED)
fanout7656/X                             10     19     -9 (VIOLATED)
fanout7700/X                             10     19     -9 (VIOLATED)
fanout7744/X                             10     19     -9 (VIOLATED)
fanout7937/X                             10     19     -9 (VIOLATED)
fanout7953/X                             10     19     -9 (VIOLATED)
fanout797/X                              10     19     -9 (VIOLATED)
fanout7972/X                             10     19     -9 (VIOLATED)
fanout8018/X                             10     19     -9 (VIOLATED)
fanout803/X                              10     19     -9 (VIOLATED)
fanout8084/X                             10     19     -9 (VIOLATED)
fanout811/X                              10     19     -9 (VIOLATED)
fanout8206/X                             10     19     -9 (VIOLATED)
fanout8260/X                             10     19     -9 (VIOLATED)
fanout8298/X                             10     19     -9 (VIOLATED)
fanout8340/X                             10     19     -9 (VIOLATED)
fanout843/X                              10     19     -9 (VIOLATED)
fanout8512/X                             10     19     -9 (VIOLATED)
fanout8528/X                             10     19     -9 (VIOLATED)
fanout8600/X                             10     19     -9 (VIOLATED)
fanout8604/X                             10     19     -9 (VIOLATED)
fanout8641/X                             10     19     -9 (VIOLATED)
fanout8668/X                             10     19     -9 (VIOLATED)
fanout8671/X                             10     19     -9 (VIOLATED)
fanout871/X                              10     19     -9 (VIOLATED)
fanout8753/X                             10     19     -9 (VIOLATED)
fanout879/X                              10     19     -9 (VIOLATED)
fanout8798/X                             10     19     -9 (VIOLATED)
fanout8800/X                             10     19     -9 (VIOLATED)
fanout8905/X                             10     19     -9 (VIOLATED)
fanout8968/X                             10     19     -9 (VIOLATED)
fanout9009/X                             10     19     -9 (VIOLATED)
fanout9057/X                             10     19     -9 (VIOLATED)
fanout9071/X                             10     19     -9 (VIOLATED)
fanout9091/X                             10     19     -9 (VIOLATED)
fanout9124/X                             10     19     -9 (VIOLATED)
fanout9181/X                             10     19     -9 (VIOLATED)
fanout9289/X                             10     19     -9 (VIOLATED)
fanout9363/X                             10     19     -9 (VIOLATED)
fanout9393/X                             10     19     -9 (VIOLATED)
fanout9419/X                             10     19     -9 (VIOLATED)
fanout9422/X                             10     19     -9 (VIOLATED)
fanout9424/X                             10     19     -9 (VIOLATED)
fanout943/X                              10     19     -9 (VIOLATED)
fanout9430/X                             10     19     -9 (VIOLATED)
fanout9472/X                             10     19     -9 (VIOLATED)
fanout9474/X                             10     19     -9 (VIOLATED)
fanout9536/X                             10     19     -9 (VIOLATED)
fanout9538/X                             10     19     -9 (VIOLATED)
fanout9542/X                             10     19     -9 (VIOLATED)
fanout9552/X                             10     19     -9 (VIOLATED)
fanout9667/X                             10     19     -9 (VIOLATED)
fanout9676/X                             10     19     -9 (VIOLATED)
fanout9690/X                             10     19     -9 (VIOLATED)
fanout9780/X                             10     19     -9 (VIOLATED)
fanout9820/X                             10     19     -9 (VIOLATED)
fanout9854/X                             10     19     -9 (VIOLATED)
fanout9891/X                             10     19     -9 (VIOLATED)
fanout9903/X                             10     19     -9 (VIOLATED)
fanout9988/X                             10     19     -9 (VIOLATED)
hold10566/X                              10     19     -9 (VIOLATED)
hold113/X                                10     19     -9 (VIOLATED)
hold11998/X                              10     19     -9 (VIOLATED)
hold13662/X                              10     19     -9 (VIOLATED)
hold14022/X                              10     19     -9 (VIOLATED)
hold14034/X                              10     19     -9 (VIOLATED)
hold14246/X                              10     19     -9 (VIOLATED)
hold14859/X                              10     19     -9 (VIOLATED)
hold14882/X                              10     19     -9 (VIOLATED)
hold14945/X                              10     19     -9 (VIOLATED)
hold15117/X                              10     19     -9 (VIOLATED)
hold15120/X                              10     19     -9 (VIOLATED)
hold15125/X                              10     19     -9 (VIOLATED)
hold15178/X                              10     19     -9 (VIOLATED)
hold15207/X                              10     19     -9 (VIOLATED)
hold15210/X                              10     19     -9 (VIOLATED)
hold15223/X                              10     19     -9 (VIOLATED)
hold15243/X                              10     19     -9 (VIOLATED)
hold15249/X                              10     19     -9 (VIOLATED)
hold15288/X                              10     19     -9 (VIOLATED)
hold15314/X                              10     19     -9 (VIOLATED)
hold15358/X                              10     19     -9 (VIOLATED)
hold15442/X                              10     19     -9 (VIOLATED)
hold15455/X                              10     19     -9 (VIOLATED)
hold15480/X                              10     19     -9 (VIOLATED)
hold15492/X                              10     19     -9 (VIOLATED)
hold15531/X                              10     19     -9 (VIOLATED)
hold15601/X                              10     19     -9 (VIOLATED)
hold15661/X                              10     19     -9 (VIOLATED)
hold15664/X                              10     19     -9 (VIOLATED)
hold15682/X                              10     19     -9 (VIOLATED)
hold15849/X                              10     19     -9 (VIOLATED)
hold15857/X                              10     19     -9 (VIOLATED)
hold15896/X                              10     19     -9 (VIOLATED)
hold15937/X                              10     19     -9 (VIOLATED)
hold15975/X                              10     19     -9 (VIOLATED)
hold16028/X                              10     19     -9 (VIOLATED)
hold16223/X                              10     19     -9 (VIOLATED)
hold16231/X                              10     19     -9 (VIOLATED)
hold163/X                                10     19     -9 (VIOLATED)
hold16353/X                              10     19     -9 (VIOLATED)
hold16418/X                              10     19     -9 (VIOLATED)
hold16426/X                              10     19     -9 (VIOLATED)
hold16603/X                              10     19     -9 (VIOLATED)
hold16690/X                              10     19     -9 (VIOLATED)
hold16746/X                              10     19     -9 (VIOLATED)
hold16775/X                              10     19     -9 (VIOLATED)
hold16862/X                              10     19     -9 (VIOLATED)
hold16928/X                              10     19     -9 (VIOLATED)
hold16977/X                              10     19     -9 (VIOLATED)
hold17000/X                              10     19     -9 (VIOLATED)
hold17004/X                              10     19     -9 (VIOLATED)
hold17172/X                              10     19     -9 (VIOLATED)
hold17283/X                              10     19     -9 (VIOLATED)
hold17323/X                              10     19     -9 (VIOLATED)
hold17418/X                              10     19     -9 (VIOLATED)
hold17504/X                              10     19     -9 (VIOLATED)
hold17540/X                              10     19     -9 (VIOLATED)
hold17554/X                              10     19     -9 (VIOLATED)
hold17578/X                              10     19     -9 (VIOLATED)
hold17605/X                              10     19     -9 (VIOLATED)
hold17722/X                              10     19     -9 (VIOLATED)
hold17758/X                              10     19     -9 (VIOLATED)
hold17782/X                              10     19     -9 (VIOLATED)
hold17831/X                              10     19     -9 (VIOLATED)
hold17843/X                              10     19     -9 (VIOLATED)
hold17871/X                              10     19     -9 (VIOLATED)
hold17902/X                              10     19     -9 (VIOLATED)
hold17909/X                              10     19     -9 (VIOLATED)
hold18072/X                              10     19     -9 (VIOLATED)
hold18911/X                              10     19     -9 (VIOLATED)
hold19/X                                 10     19     -9 (VIOLATED)
hold19231/X                              10     19     -9 (VIOLATED)
hold19306/X                              10     19     -9 (VIOLATED)
hold24763/X                              10     19     -9 (VIOLATED)
hold31/X                                 10     19     -9 (VIOLATED)
hold31271/X                              10     19     -9 (VIOLATED)
hold337/X                                10     19     -9 (VIOLATED)
hold3576/X                               10     19     -9 (VIOLATED)
hold453/X                                10     19     -9 (VIOLATED)
hold4548/X                               10     19     -9 (VIOLATED)
hold50/X                                 10     19     -9 (VIOLATED)
hold65/X                                 10     19     -9 (VIOLATED)
hold8102/X                               10     19     -9 (VIOLATED)
hold96/X                                 10     19     -9 (VIOLATED)
hold9712/X                               10     19     -9 (VIOLATED)
hold9801/X                               10     19     -9 (VIOLATED)
hold991/X                                10     19     -9 (VIOLATED)
wire10077/X                              10     19     -9 (VIOLATED)
wire10224/X                              10     19     -9 (VIOLATED)
wire10561/X                              10     19     -9 (VIOLATED)
wire10757/X                              10     19     -9 (VIOLATED)
wire11113/X                              10     19     -9 (VIOLATED)
wire11623/X                              10     19     -9 (VIOLATED)
wire285/X                                10     19     -9 (VIOLATED)
wire3295/X                               10     19     -9 (VIOLATED)
wire333/X                                10     19     -9 (VIOLATED)
wire3503/X                               10     19     -9 (VIOLATED)
wire4104/X                               10     19     -9 (VIOLATED)
wire4348/X                               10     19     -9 (VIOLATED)
wire4768/X                               10     19     -9 (VIOLATED)
wire4791/X                               10     19     -9 (VIOLATED)
wire491/X                                10     19     -9 (VIOLATED)
wire5340/X                               10     19     -9 (VIOLATED)
wire5920/X                               10     19     -9 (VIOLATED)
wire5923/X                               10     19     -9 (VIOLATED)
wire760/X                                10     19     -9 (VIOLATED)
wire7831/X                               10     19     -9 (VIOLATED)
wire7983/X                               10     19     -9 (VIOLATED)
wire7987/X                               10     19     -9 (VIOLATED)
wire8401/X                               10     19     -9 (VIOLATED)
wire8481/X                               10     19     -9 (VIOLATED)
wire8930/X                               10     19     -9 (VIOLATED)
wire9080/X                               10     19     -9 (VIOLATED)
wire9166/X                               10     19     -9 (VIOLATED)
wire9760/X                               10     19     -9 (VIOLATED)
wire9785/X                               10     19     -9 (VIOLATED)
fanout4633/X                             10     18     -8 (VIOLATED)
wire3844/X                               10     18     -8 (VIOLATED)
_060775_/Y                               10     17     -7 (VIOLATED)
_060787_/Y                               10     17     -7 (VIOLATED)
_060796_/Y                               10     17     -7 (VIOLATED)
_060808_/Y                               10     17     -7 (VIOLATED)
_060863_/Y                               10     17     -7 (VIOLATED)
_061003_/Y                               10     17     -7 (VIOLATED)
_061112_/Y                               10     17     -7 (VIOLATED)
_061123_/Y                               10     17     -7 (VIOLATED)
_061135_/Y                               10     17     -7 (VIOLATED)
_061147_/Y                               10     17     -7 (VIOLATED)
_061172_/Y                               10     17     -7 (VIOLATED)
_061193_/Y                               10     17     -7 (VIOLATED)
_061203_/Y                               10     17     -7 (VIOLATED)
_061214_/Y                               10     17     -7 (VIOLATED)
_061226_/Y                               10     17     -7 (VIOLATED)
_061237_/Y                               10     17     -7 (VIOLATED)
_061248_/Y                               10     17     -7 (VIOLATED)
_061390_/Y                               10     17     -7 (VIOLATED)
_062410_/Y                               10     17     -7 (VIOLATED)
_063970_/Y                               10     17     -7 (VIOLATED)
_064174_/Y                               10     17     -7 (VIOLATED)
_064996_/Y                               10     17     -7 (VIOLATED)
_070064_/Y                               10     17     -7 (VIOLATED)
_070065_/X                               10     17     -7 (VIOLATED)
_073830_/Y                               10     17     -7 (VIOLATED)
_073831_/X                               10     17     -7 (VIOLATED)
_074686_/X                               10     17     -7 (VIOLATED)
_083979_/Y                               10     17     -7 (VIOLATED)
_084808_/Y                               10     17     -7 (VIOLATED)
_084833_/Y                               10     17     -7 (VIOLATED)
_085015_/Y                               10     17     -7 (VIOLATED)
_085804_/Y                               10     17     -7 (VIOLATED)
_085864_/X                               10     17     -7 (VIOLATED)
_086636_/Y                               10     17     -7 (VIOLATED)
_087216_/Y                               10     17     -7 (VIOLATED)
_087441_/Y                               10     17     -7 (VIOLATED)
_088217_/Y                               10     17     -7 (VIOLATED)
_088853_/Y                               10     17     -7 (VIOLATED)
_091161_/Y                               10     17     -7 (VIOLATED)
_091625_/Y                               10     17     -7 (VIOLATED)
_093306_/Y                               10     17     -7 (VIOLATED)
_094031_/Y                               10     17     -7 (VIOLATED)
_095017_/Y                               10     17     -7 (VIOLATED)
_096739_/Y                               10     17     -7 (VIOLATED)
_097456_/Y                               10     17     -7 (VIOLATED)
_099935_/Y                               10     17     -7 (VIOLATED)
_099961_/Y                               10     17     -7 (VIOLATED)
_100148_/Y                               10     17     -7 (VIOLATED)
_100609_/Y                               10     17     -7 (VIOLATED)
_101467_/Y                               10     17     -7 (VIOLATED)
_101579_/Y                               10     17     -7 (VIOLATED)
_102460_/Y                               10     17     -7 (VIOLATED)
_102484_/Y                               10     17     -7 (VIOLATED)
_102691_/Y                               10     17     -7 (VIOLATED)
_103316_/Y                               10     17     -7 (VIOLATED)
_104173_/Y                               10     17     -7 (VIOLATED)
_104197_/Y                               10     17     -7 (VIOLATED)
_104406_/Y                               10     17     -7 (VIOLATED)
_104998_/Y                               10     17     -7 (VIOLATED)
_106656_/Y                               10     17     -7 (VIOLATED)
_106681_/Y                               10     17     -7 (VIOLATED)
_106862_/Y                               10     17     -7 (VIOLATED)
_107482_/Y                               10     17     -7 (VIOLATED)
_107508_/Y                               10     17     -7 (VIOLATED)
_108545_/Y                               10     17     -7 (VIOLATED)
_108889_/Y                               10     17     -7 (VIOLATED)
_109309_/Y                               10     17     -7 (VIOLATED)
_109932_/Y                               10     17     -7 (VIOLATED)
_110506_/Y                               10     17     -7 (VIOLATED)
_111546_/Y                               10     17     -7 (VIOLATED)
_111571_/Y                               10     17     -7 (VIOLATED)
_112101_/Y                               10     17     -7 (VIOLATED)
_112370_/Y                               10     17     -7 (VIOLATED)
_112394_/Y                               10     17     -7 (VIOLATED)
_112915_/Y                               10     17     -7 (VIOLATED)
_112998_/X                               10     17     -7 (VIOLATED)
_115092_/Y                               10     17     -7 (VIOLATED)
_119999_/Y                               10     17     -7 (VIOLATED)
_120010_/Y                               10     17     -7 (VIOLATED)
_120020_/Y                               10     17     -7 (VIOLATED)
_120040_/Y                               10     17     -7 (VIOLATED)
_120091_/Y                               10     17     -7 (VIOLATED)
_120111_/Y                               10     17     -7 (VIOLATED)
_120121_/Y                               10     17     -7 (VIOLATED)
_120131_/Y                               10     17     -7 (VIOLATED)
_120161_/Y                               10     17     -7 (VIOLATED)
_120171_/Y                               10     17     -7 (VIOLATED)
_120181_/Y                               10     17     -7 (VIOLATED)
_120201_/Y                               10     17     -7 (VIOLATED)
_120231_/Y                               10     17     -7 (VIOLATED)
_120241_/Y                               10     17     -7 (VIOLATED)
_120251_/Y                               10     17     -7 (VIOLATED)
_120261_/Y                               10     17     -7 (VIOLATED)
_120291_/Y                               10     17     -7 (VIOLATED)
_120301_/Y                               10     17     -7 (VIOLATED)
_120321_/Y                               10     17     -7 (VIOLATED)
_120331_/Y                               10     17     -7 (VIOLATED)
_120351_/Y                               10     17     -7 (VIOLATED)
_120361_/Y                               10     17     -7 (VIOLATED)
_120381_/Y                               10     17     -7 (VIOLATED)
_120401_/Y                               10     17     -7 (VIOLATED)
_120410_/Y                               10     17     -7 (VIOLATED)
_120411_/Y                               10     17     -7 (VIOLATED)
_120431_/Y                               10     17     -7 (VIOLATED)
_120441_/Y                               10     17     -7 (VIOLATED)
_120451_/Y                               10     17     -7 (VIOLATED)
_120491_/Y                               10     17     -7 (VIOLATED)
_120511_/Y                               10     17     -7 (VIOLATED)
_120521_/Y                               10     17     -7 (VIOLATED)
_120531_/Y                               10     17     -7 (VIOLATED)
_120641_/Y                               10     17     -7 (VIOLATED)
_120651_/Y                               10     17     -7 (VIOLATED)
_120661_/Y                               10     17     -7 (VIOLATED)
_120681_/Y                               10     17     -7 (VIOLATED)
_120691_/Y                               10     17     -7 (VIOLATED)
_120711_/Y                               10     17     -7 (VIOLATED)
_120721_/Y                               10     17     -7 (VIOLATED)
_120741_/Y                               10     17     -7 (VIOLATED)
_120751_/Y                               10     17     -7 (VIOLATED)
_120761_/Y                               10     17     -7 (VIOLATED)
_120771_/Y                               10     17     -7 (VIOLATED)
_120791_/Y                               10     17     -7 (VIOLATED)
_120811_/Y                               10     17     -7 (VIOLATED)
_120831_/Y                               10     17     -7 (VIOLATED)
_120841_/Y                               10     17     -7 (VIOLATED)
_120851_/Y                               10     17     -7 (VIOLATED)
_120861_/Y                               10     17     -7 (VIOLATED)
_120891_/Y                               10     17     -7 (VIOLATED)
_120901_/Y                               10     17     -7 (VIOLATED)
_120911_/Y                               10     17     -7 (VIOLATED)
_120931_/Y                               10     17     -7 (VIOLATED)
_120941_/Y                               10     17     -7 (VIOLATED)
_120961_/Y                               10     17     -7 (VIOLATED)
_120971_/Y                               10     17     -7 (VIOLATED)
_120981_/Y                               10     17     -7 (VIOLATED)
_120991_/Y                               10     17     -7 (VIOLATED)
_121001_/Y                               10     17     -7 (VIOLATED)
_121011_/Y                               10     17     -7 (VIOLATED)
_121021_/Y                               10     17     -7 (VIOLATED)
_121041_/Y                               10     17     -7 (VIOLATED)
_121051_/Y                               10     17     -7 (VIOLATED)
_121061_/Y                               10     17     -7 (VIOLATED)
clkbuf_8_102__f_wb_clk_i/X               10     17     -7 (VIOLATED)
clkbuf_8_103__f_wb_clk_i/X               10     17     -7 (VIOLATED)
clkbuf_8_105__f_wb_clk_i/X               10     17     -7 (VIOLATED)
clkbuf_8_106__f_wb_clk_i/X               10     17     -7 (VIOLATED)
clkbuf_8_111__f_wb_clk_i/X               10     17     -7 (VIOLATED)
clkbuf_8_115__f_wb_clk_i/X               10     17     -7 (VIOLATED)
clkbuf_8_118__f_wb_clk_i/X               10     17     -7 (VIOLATED)
clkbuf_8_125__f_wb_clk_i/X               10     17     -7 (VIOLATED)
clkbuf_8_128__f_wb_clk_i/X               10     17     -7 (VIOLATED)
clkbuf_8_137__f_wb_clk_i/X               10     17     -7 (VIOLATED)
clkbuf_8_155__f_wb_clk_i/X               10     17     -7 (VIOLATED)
clkbuf_8_158__f_wb_clk_i/X               10     17     -7 (VIOLATED)
clkbuf_8_164__f_wb_clk_i/X               10     17     -7 (VIOLATED)
clkbuf_8_16__f_wb_clk_i/X                10     17     -7 (VIOLATED)
clkbuf_8_181__f_wb_clk_i/X               10     17     -7 (VIOLATED)
clkbuf_8_186__f_wb_clk_i/X               10     17     -7 (VIOLATED)
clkbuf_8_198__f_wb_clk_i/X               10     17     -7 (VIOLATED)
clkbuf_8_21__f_wb_clk_i/X                10     17     -7 (VIOLATED)
clkbuf_8_223__f_wb_clk_i/X               10     17     -7 (VIOLATED)
clkbuf_8_231__f_wb_clk_i/X               10     17     -7 (VIOLATED)
clkbuf_8_241__f_wb_clk_i/X               10     17     -7 (VIOLATED)
clkbuf_8_35__f_wb_clk_i/X                10     17     -7 (VIOLATED)
clkbuf_8_86__f_wb_clk_i/X                10     17     -7 (VIOLATED)
clkbuf_8_90__f_wb_clk_i/X                10     17     -7 (VIOLATED)
clkbuf_8_91__f_wb_clk_i/X                10     17     -7 (VIOLATED)
clkbuf_8_9__f_wb_clk_i/X                 10     17     -7 (VIOLATED)
fanout10060/X                            10     17     -7 (VIOLATED)
fanout10178/X                            10     17     -7 (VIOLATED)
fanout10226/X                            10     17     -7 (VIOLATED)
fanout10246/X                            10     17     -7 (VIOLATED)
fanout10252/X                            10     17     -7 (VIOLATED)
fanout10261/X                            10     17     -7 (VIOLATED)
fanout10267/X                            10     17     -7 (VIOLATED)
fanout10292/X                            10     17     -7 (VIOLATED)
fanout10366/X                            10     17     -7 (VIOLATED)
fanout10393/X                            10     17     -7 (VIOLATED)
fanout10398/X                            10     17     -7 (VIOLATED)
fanout10540/X                            10     17     -7 (VIOLATED)
fanout10598/X                            10     17     -7 (VIOLATED)
fanout10608/X                            10     17     -7 (VIOLATED)
fanout10617/X                            10     17     -7 (VIOLATED)
fanout10619/X                            10     17     -7 (VIOLATED)
fanout10623/X                            10     17     -7 (VIOLATED)
fanout10640/X                            10     17     -7 (VIOLATED)
fanout10691/X                            10     17     -7 (VIOLATED)
fanout10701/X                            10     17     -7 (VIOLATED)
fanout10711/X                            10     17     -7 (VIOLATED)
fanout10729/X                            10     17     -7 (VIOLATED)
fanout10732/X                            10     17     -7 (VIOLATED)
fanout10742/X                            10     17     -7 (VIOLATED)
fanout10778/X                            10     17     -7 (VIOLATED)
fanout10807/X                            10     17     -7 (VIOLATED)
fanout10825/X                            10     17     -7 (VIOLATED)
fanout10850/X                            10     17     -7 (VIOLATED)
fanout10879/X                            10     17     -7 (VIOLATED)
fanout10939/X                            10     17     -7 (VIOLATED)
fanout10974/X                            10     17     -7 (VIOLATED)
fanout10976/X                            10     17     -7 (VIOLATED)
fanout10986/X                            10     17     -7 (VIOLATED)
fanout10993/X                            10     17     -7 (VIOLATED)
fanout10999/X                            10     17     -7 (VIOLATED)
fanout11001/X                            10     17     -7 (VIOLATED)
fanout11014/X                            10     17     -7 (VIOLATED)
fanout11039/X                            10     17     -7 (VIOLATED)
fanout11059/X                            10     17     -7 (VIOLATED)
fanout11098/X                            10     17     -7 (VIOLATED)
fanout11134/X                            10     17     -7 (VIOLATED)
fanout11402/X                            10     17     -7 (VIOLATED)
fanout11462/X                            10     17     -7 (VIOLATED)
fanout11475/X                            10     17     -7 (VIOLATED)
fanout11565/X                            10     17     -7 (VIOLATED)
fanout11677/X                            10     17     -7 (VIOLATED)
fanout1168/X                             10     17     -7 (VIOLATED)
fanout11681/X                            10     17     -7 (VIOLATED)
fanout11682/X                            10     17     -7 (VIOLATED)
fanout11747/X                            10     17     -7 (VIOLATED)
fanout11780/X                            10     17     -7 (VIOLATED)
fanout1460/X                             10     17     -7 (VIOLATED)
fanout1464/X                             10     17     -7 (VIOLATED)
fanout1768/X                             10     17     -7 (VIOLATED)
fanout1798/X                             10     17     -7 (VIOLATED)
fanout259/X                              10     17     -7 (VIOLATED)
fanout269/X                              10     17     -7 (VIOLATED)
fanout3010/X                             10     17     -7 (VIOLATED)
fanout315/X                              10     17     -7 (VIOLATED)
fanout317/X                              10     17     -7 (VIOLATED)
fanout3189/X                             10     17     -7 (VIOLATED)
fanout3490/X                             10     17     -7 (VIOLATED)
fanout4034/X                             10     17     -7 (VIOLATED)
fanout4041/X                             10     17     -7 (VIOLATED)
fanout4045/X                             10     17     -7 (VIOLATED)
fanout4066/X                             10     17     -7 (VIOLATED)
fanout4105/X                             10     17     -7 (VIOLATED)
fanout4161/X                             10     17     -7 (VIOLATED)
fanout4239/X                             10     17     -7 (VIOLATED)
fanout4308/X                             10     17     -7 (VIOLATED)
fanout4324/X                             10     17     -7 (VIOLATED)
fanout4326/X                             10     17     -7 (VIOLATED)
fanout4344/X                             10     17     -7 (VIOLATED)
fanout4349/X                             10     17     -7 (VIOLATED)
fanout4351/X                             10     17     -7 (VIOLATED)
fanout4400/X                             10     17     -7 (VIOLATED)
fanout4406/X                             10     17     -7 (VIOLATED)
fanout4411/X                             10     17     -7 (VIOLATED)
fanout4419/X                             10     17     -7 (VIOLATED)
fanout4442/X                             10     17     -7 (VIOLATED)
fanout445/X                              10     17     -7 (VIOLATED)
fanout4498/X                             10     17     -7 (VIOLATED)
fanout4523/X                             10     17     -7 (VIOLATED)
fanout4545/X                             10     17     -7 (VIOLATED)
fanout4572/X                             10     17     -7 (VIOLATED)
fanout4616/X                             10     17     -7 (VIOLATED)
fanout4666/X                             10     17     -7 (VIOLATED)
fanout4708/X                             10     17     -7 (VIOLATED)
fanout4745/X                             10     17     -7 (VIOLATED)
fanout4763/X                             10     17     -7 (VIOLATED)
fanout4780/X                             10     17     -7 (VIOLATED)
fanout4795/X                             10     17     -7 (VIOLATED)
fanout4797/X                             10     17     -7 (VIOLATED)
fanout4849/X                             10     17     -7 (VIOLATED)
fanout4858/X                             10     17     -7 (VIOLATED)
fanout4879/X                             10     17     -7 (VIOLATED)
fanout4912/X                             10     17     -7 (VIOLATED)
fanout4920/X                             10     17     -7 (VIOLATED)
fanout4930/X                             10     17     -7 (VIOLATED)
fanout4942/X                             10     17     -7 (VIOLATED)
fanout4945/X                             10     17     -7 (VIOLATED)
fanout4955/X                             10     17     -7 (VIOLATED)
fanout4990/X                             10     17     -7 (VIOLATED)
fanout4998/X                             10     17     -7 (VIOLATED)
fanout5019/X                             10     17     -7 (VIOLATED)
fanout5051/X                             10     17     -7 (VIOLATED)
fanout5176/X                             10     17     -7 (VIOLATED)
fanout5238/X                             10     17     -7 (VIOLATED)
fanout5262/X                             10     17     -7 (VIOLATED)
fanout5280/X                             10     17     -7 (VIOLATED)
fanout5283/X                             10     17     -7 (VIOLATED)
fanout5285/X                             10     17     -7 (VIOLATED)
fanout5305/X                             10     17     -7 (VIOLATED)
fanout5309/X                             10     17     -7 (VIOLATED)
fanout5310/X                             10     17     -7 (VIOLATED)
fanout5317/X                             10     17     -7 (VIOLATED)
fanout5326/X                             10     17     -7 (VIOLATED)
fanout5352/X                             10     17     -7 (VIOLATED)
fanout5362/X                             10     17     -7 (VIOLATED)
fanout5376/X                             10     17     -7 (VIOLATED)
fanout5386/X                             10     17     -7 (VIOLATED)
fanout5406/X                             10     17     -7 (VIOLATED)
fanout5472/X                             10     17     -7 (VIOLATED)
fanout5483/X                             10     17     -7 (VIOLATED)
fanout5506/X                             10     17     -7 (VIOLATED)
fanout5536/X                             10     17     -7 (VIOLATED)
fanout560/X                              10     17     -7 (VIOLATED)
fanout5746/X                             10     17     -7 (VIOLATED)
fanout5848/X                             10     17     -7 (VIOLATED)
fanout5869/X                             10     17     -7 (VIOLATED)
fanout5934/X                             10     17     -7 (VIOLATED)
fanout5990/X                             10     17     -7 (VIOLATED)
fanout6038/X                             10     17     -7 (VIOLATED)
fanout6044/X                             10     17     -7 (VIOLATED)
fanout6051/X                             10     17     -7 (VIOLATED)
fanout6110/X                             10     17     -7 (VIOLATED)
fanout653/X                              10     17     -7 (VIOLATED)
fanout689/X                              10     17     -7 (VIOLATED)
fanout7669/X                             10     17     -7 (VIOLATED)
fanout7754/X                             10     17     -7 (VIOLATED)
fanout7756/X                             10     17     -7 (VIOLATED)
fanout780/X                              10     17     -7 (VIOLATED)
fanout7833/X                             10     17     -7 (VIOLATED)
fanout7888/X                             10     17     -7 (VIOLATED)
fanout7903/X                             10     17     -7 (VIOLATED)
fanout8010/X                             10     17     -7 (VIOLATED)
fanout8012/X                             10     17     -7 (VIOLATED)
fanout8043/X                             10     17     -7 (VIOLATED)
fanout8124/X                             10     17     -7 (VIOLATED)
fanout8131/X                             10     17     -7 (VIOLATED)
fanout8183/X                             10     17     -7 (VIOLATED)
fanout8259/X                             10     17     -7 (VIOLATED)
fanout8295/X                             10     17     -7 (VIOLATED)
fanout8300/X                             10     17     -7 (VIOLATED)
fanout8302/X                             10     17     -7 (VIOLATED)
fanout8325/X                             10     17     -7 (VIOLATED)
fanout8335/X                             10     17     -7 (VIOLATED)
fanout8387/X                             10     17     -7 (VIOLATED)
fanout8393/X                             10     17     -7 (VIOLATED)
fanout8422/X                             10     17     -7 (VIOLATED)
fanout8425/X                             10     17     -7 (VIOLATED)
fanout8466/X                             10     17     -7 (VIOLATED)
fanout8479/X                             10     17     -7 (VIOLATED)
fanout8534/X                             10     17     -7 (VIOLATED)
fanout856/X                              10     17     -7 (VIOLATED)
fanout8592/X                             10     17     -7 (VIOLATED)
fanout8597/X                             10     17     -7 (VIOLATED)
fanout8613/X                             10     17     -7 (VIOLATED)
fanout8653/X                             10     17     -7 (VIOLATED)
fanout8663/X                             10     17     -7 (VIOLATED)
fanout8687/X                             10     17     -7 (VIOLATED)
fanout8690/X                             10     17     -7 (VIOLATED)
fanout8762/X                             10     17     -7 (VIOLATED)
fanout8780/X                             10     17     -7 (VIOLATED)
fanout8785/X                             10     17     -7 (VIOLATED)
fanout8812/X                             10     17     -7 (VIOLATED)
fanout8818/X                             10     17     -7 (VIOLATED)
fanout8826/X                             10     17     -7 (VIOLATED)
fanout8829/X                             10     17     -7 (VIOLATED)
fanout8835/X                             10     17     -7 (VIOLATED)
fanout884/X                              10     17     -7 (VIOLATED)
fanout8848/X                             10     17     -7 (VIOLATED)
fanout8867/X                             10     17     -7 (VIOLATED)
fanout890/X                              10     17     -7 (VIOLATED)
fanout8903/X                             10     17     -7 (VIOLATED)
fanout8920/X                             10     17     -7 (VIOLATED)
fanout894/X                              10     17     -7 (VIOLATED)
fanout8942/X                             10     17     -7 (VIOLATED)
fanout901/X                              10     17     -7 (VIOLATED)
fanout907/X                              10     17     -7 (VIOLATED)
fanout9081/X                             10     17     -7 (VIOLATED)
fanout9083/X                             10     17     -7 (VIOLATED)
fanout9144/X                             10     17     -7 (VIOLATED)
fanout9153/X                             10     17     -7 (VIOLATED)
fanout9158/X                             10     17     -7 (VIOLATED)
fanout9173/X                             10     17     -7 (VIOLATED)
fanout9194/X                             10     17     -7 (VIOLATED)
fanout9391/X                             10     17     -7 (VIOLATED)
fanout9395/X                             10     17     -7 (VIOLATED)
fanout9403/X                             10     17     -7 (VIOLATED)
fanout9492/X                             10     17     -7 (VIOLATED)
fanout9539/X                             10     17     -7 (VIOLATED)
fanout9594/X                             10     17     -7 (VIOLATED)
fanout9603/X                             10     17     -7 (VIOLATED)
fanout9615/X                             10     17     -7 (VIOLATED)
fanout9651/X                             10     17     -7 (VIOLATED)
fanout9703/X                             10     17     -7 (VIOLATED)
fanout9711/X                             10     17     -7 (VIOLATED)
fanout9718/X                             10     17     -7 (VIOLATED)
fanout9721/X                             10     17     -7 (VIOLATED)
fanout9727/X                             10     17     -7 (VIOLATED)
fanout9739/X                             10     17     -7 (VIOLATED)
fanout9882/X                             10     17     -7 (VIOLATED)
fanout9886/X                             10     17     -7 (VIOLATED)
fanout9928/X                             10     17     -7 (VIOLATED)
fanout9937/X                             10     17     -7 (VIOLATED)
fanout9998/X                             10     17     -7 (VIOLATED)
hold1222/X                               10     17     -7 (VIOLATED)
hold13046/X                              10     17     -7 (VIOLATED)
hold13843/X                              10     17     -7 (VIOLATED)
hold14195/X                              10     17     -7 (VIOLATED)
hold14766/X                              10     17     -7 (VIOLATED)
hold14905/X                              10     17     -7 (VIOLATED)
hold14948/X                              10     17     -7 (VIOLATED)
hold14959/X                              10     17     -7 (VIOLATED)
hold14984/X                              10     17     -7 (VIOLATED)
hold15163/X                              10     17     -7 (VIOLATED)
hold15184/X                              10     17     -7 (VIOLATED)
hold15198/X                              10     17     -7 (VIOLATED)
hold15270/X                              10     17     -7 (VIOLATED)
hold15333/X                              10     17     -7 (VIOLATED)
hold15351/X                              10     17     -7 (VIOLATED)
hold15355/X                              10     17     -7 (VIOLATED)
hold15361/X                              10     17     -7 (VIOLATED)
hold15427/X                              10     17     -7 (VIOLATED)
hold15449/X                              10     17     -7 (VIOLATED)
hold15501/X                              10     17     -7 (VIOLATED)
hold15524/X                              10     17     -7 (VIOLATED)
hold15550/X                              10     17     -7 (VIOLATED)
hold15618/X                              10     17     -7 (VIOLATED)
hold15629/X                              10     17     -7 (VIOLATED)
hold15650/X                              10     17     -7 (VIOLATED)
hold15678/X                              10     17     -7 (VIOLATED)
hold15705/X                              10     17     -7 (VIOLATED)
hold15743/X                              10     17     -7 (VIOLATED)
hold15793/X                              10     17     -7 (VIOLATED)
hold15808/X                              10     17     -7 (VIOLATED)
hold15842/X                              10     17     -7 (VIOLATED)
hold15893/X                              10     17     -7 (VIOLATED)
hold15903/X                              10     17     -7 (VIOLATED)
hold15954/X                              10     17     -7 (VIOLATED)
hold15964/X                              10     17     -7 (VIOLATED)
hold15999/X                              10     17     -7 (VIOLATED)
hold16042/X                              10     17     -7 (VIOLATED)
hold16131/X                              10     17     -7 (VIOLATED)
hold162/X                                10     17     -7 (VIOLATED)
hold16201/X                              10     17     -7 (VIOLATED)
hold16356/X                              10     17     -7 (VIOLATED)
hold16478/X                              10     17     -7 (VIOLATED)
hold16571/X                              10     17     -7 (VIOLATED)
hold16598/X                              10     17     -7 (VIOLATED)
hold16641/X                              10     17     -7 (VIOLATED)
hold16658/X                              10     17     -7 (VIOLATED)
hold16710/X                              10     17     -7 (VIOLATED)
hold16813/X                              10     17     -7 (VIOLATED)
hold16842/X                              10     17     -7 (VIOLATED)
hold16866/X                              10     17     -7 (VIOLATED)
hold16874/X                              10     17     -7 (VIOLATED)
hold16903/X                              10     17     -7 (VIOLATED)
hold17077/X                              10     17     -7 (VIOLATED)
hold17101/X                              10     17     -7 (VIOLATED)
hold17238/X                              10     17     -7 (VIOLATED)
hold17426/X                              10     17     -7 (VIOLATED)
hold17483/X                              10     17     -7 (VIOLATED)
hold17669/X                              10     17     -7 (VIOLATED)
hold17730/X                              10     17     -7 (VIOLATED)
hold17755/X                              10     17     -7 (VIOLATED)
hold17756/X                              10     17     -7 (VIOLATED)
hold17766/X                              10     17     -7 (VIOLATED)
hold17835/X                              10     17     -7 (VIOLATED)
hold17880/X                              10     17     -7 (VIOLATED)
hold18/X                                 10     17     -7 (VIOLATED)
hold18177/X                              10     17     -7 (VIOLATED)
hold18656/X                              10     17     -7 (VIOLATED)
hold189/X                                10     17     -7 (VIOLATED)
hold19012/X                              10     17     -7 (VIOLATED)
hold19330/X                              10     17     -7 (VIOLATED)
hold23037/X                              10     17     -7 (VIOLATED)
hold2509/X                               10     17     -7 (VIOLATED)
hold27179/X                              10     17     -7 (VIOLATED)
hold27760/X                              10     17     -7 (VIOLATED)
hold28153/X                              10     17     -7 (VIOLATED)
hold31181/X                              10     17     -7 (VIOLATED)
hold31484/X                              10     17     -7 (VIOLATED)
hold3237/X                               10     17     -7 (VIOLATED)
hold38267/X                              10     17     -7 (VIOLATED)
hold4914/X                               10     17     -7 (VIOLATED)
hold5035/X                               10     17     -7 (VIOLATED)
hold5604/X                               10     17     -7 (VIOLATED)
hold8976/X                               10     17     -7 (VIOLATED)
max_length4598/X                         10     17     -7 (VIOLATED)
max_length7683/X                         10     17     -7 (VIOLATED)
max_length7810/X                         10     17     -7 (VIOLATED)
wire10049/X                              10     17     -7 (VIOLATED)
wire10052/X                              10     17     -7 (VIOLATED)
wire10221/X                              10     17     -7 (VIOLATED)
wire10250/X                              10     17     -7 (VIOLATED)
wire1087/X                               10     17     -7 (VIOLATED)
wire10958/X                              10     17     -7 (VIOLATED)
wire11103/X                              10     17     -7 (VIOLATED)
wire11405/X                              10     17     -7 (VIOLATED)
wire11422/X                              10     17     -7 (VIOLATED)
wire11436/X                              10     17     -7 (VIOLATED)
wire11588/X                              10     17     -7 (VIOLATED)
wire11614/X                              10     17     -7 (VIOLATED)
wire11637/X                              10     17     -7 (VIOLATED)
wire11757/X                              10     17     -7 (VIOLATED)
wire11908/X                              10     17     -7 (VIOLATED)
wire1731/X                               10     17     -7 (VIOLATED)
wire3433/X                               10     17     -7 (VIOLATED)
wire3542/X                               10     17     -7 (VIOLATED)
wire393/X                                10     17     -7 (VIOLATED)
wire4093/X                               10     17     -7 (VIOLATED)
wire460/X                                10     17     -7 (VIOLATED)
wire4806/X                               10     17     -7 (VIOLATED)
wire4845/X                               10     17     -7 (VIOLATED)
wire486/X                                10     17     -7 (VIOLATED)
wire5111/X                               10     17     -7 (VIOLATED)
wire5454/X                               10     17     -7 (VIOLATED)
wire5508/X                               10     17     -7 (VIOLATED)
wire5632/X                               10     17     -7 (VIOLATED)
wire5694/X                               10     17     -7 (VIOLATED)
wire5702/X                               10     17     -7 (VIOLATED)
wire630/X                                10     17     -7 (VIOLATED)
wire632/X                                10     17     -7 (VIOLATED)
wire641/X                                10     17     -7 (VIOLATED)
wire7695/X                               10     17     -7 (VIOLATED)
wire7716/X                               10     17     -7 (VIOLATED)
wire7841/X                               10     17     -7 (VIOLATED)
wire8026/X                               10     17     -7 (VIOLATED)
wire8107/X                               10     17     -7 (VIOLATED)
wire8120/X                               10     17     -7 (VIOLATED)
wire8128/X                               10     17     -7 (VIOLATED)
wire814/X                                10     17     -7 (VIOLATED)
wire8352/X                               10     17     -7 (VIOLATED)
wire8359/X                               10     17     -7 (VIOLATED)
wire8476/X                               10     17     -7 (VIOLATED)
wire8489/X                               10     17     -7 (VIOLATED)
wire8560/X                               10     17     -7 (VIOLATED)
wire903/X                                10     17     -7 (VIOLATED)
wire9351/X                               10     17     -7 (VIOLATED)
wire9361/X                               10     17     -7 (VIOLATED)
wire9455/X                               10     17     -7 (VIOLATED)
wire9750/X                               10     17     -7 (VIOLATED)
wire9754/X                               10     17     -7 (VIOLATED)
wire9801/X                               10     17     -7 (VIOLATED)
wire9849/X                               10     17     -7 (VIOLATED)
wire9865/X                               10     17     -7 (VIOLATED)
wire9906/X                               10     17     -7 (VIOLATED)
_105427_/X                               10     16     -6 (VIOLATED)
wire1632/X                               10     16     -6 (VIOLATED)
wire170/X                                10     16     -6 (VIOLATED)
wire3340/X                               10     16     -6 (VIOLATED)
wire504/X                                10     16     -6 (VIOLATED)
wire679/X                                10     16     -6 (VIOLATED)
wire7111/X                               10     16     -6 (VIOLATED)
wire7116/X                               10     16     -6 (VIOLATED)
wire915/X                                10     16     -6 (VIOLATED)
wire937/X                                10     16     -6 (VIOLATED)
wire9590/X                               10     16     -6 (VIOLATED)
_060691_/Y                               10     15     -5 (VIOLATED)
_060749_/Y                               10     15     -5 (VIOLATED)
_060766_/Y                               10     15     -5 (VIOLATED)
_060833_/Y                               10     15     -5 (VIOLATED)
_060948_/Y                               10     15     -5 (VIOLATED)
_060990_/Y                               10     15     -5 (VIOLATED)
_061146_/Y                               10     15     -5 (VIOLATED)
_061279_/Y                               10     15     -5 (VIOLATED)
_061292_/Y                               10     15     -5 (VIOLATED)
_061788_/Y                               10     15     -5 (VIOLATED)
_062197_/Y                               10     15     -5 (VIOLATED)
_062430_/Y                               10     15     -5 (VIOLATED)
_063766_/Y                               10     15     -5 (VIOLATED)
_063990_/Y                               10     15     -5 (VIOLATED)
_064579_/Y                               10     15     -5 (VIOLATED)
_064809_/Y                               10     15     -5 (VIOLATED)
_065542_/X                               10     15     -5 (VIOLATED)
_066157_/X                               10     15     -5 (VIOLATED)
_066368_/Y                               10     15     -5 (VIOLATED)
_066390_/Y                               10     15     -5 (VIOLATED)
_067077_/X                               10     15     -5 (VIOLATED)
_067078_/X                               10     15     -5 (VIOLATED)
_067104_/X                               10     15     -5 (VIOLATED)
_067854_/X                               10     15     -5 (VIOLATED)
_068562_/X                               10     15     -5 (VIOLATED)
_068588_/X                               10     15     -5 (VIOLATED)
_068679_/X                               10     15     -5 (VIOLATED)
_070090_/X                               10     15     -5 (VIOLATED)
_074597_/X                               10     15     -5 (VIOLATED)
_075330_/X                               10     15     -5 (VIOLATED)
_075331_/X                               10     15     -5 (VIOLATED)
_077149_/Y                               10     15     -5 (VIOLATED)
_082568_/Y                               10     15     -5 (VIOLATED)
_082603_/Y                               10     15     -5 (VIOLATED)
_084001_/Y                               10     15     -5 (VIOLATED)
_085504_/Y                               10     15     -5 (VIOLATED)
_087236_/Y                               10     15     -5 (VIOLATED)
_088644_/Y                               10     15     -5 (VIOLATED)
_088873_/Y                               10     15     -5 (VIOLATED)
_089673_/Y                               10     15     -5 (VIOLATED)
_089697_/Y                               10     15     -5 (VIOLATED)
_091380_/Y                               10     15     -5 (VIOLATED)
_091426_/Y                               10     15     -5 (VIOLATED)
_093338_/Y                               10     15     -5 (VIOLATED)
_094072_/Y                               10     15     -5 (VIOLATED)
_094791_/Y                               10     15     -5 (VIOLATED)
_094816_/Y                               10     15     -5 (VIOLATED)
_096510_/Y                               10     15     -5 (VIOLATED)
_096535_/Y                               10     15     -5 (VIOLATED)
_097376_/X                               10     15     -5 (VIOLATED)
_097377_/Y                               10     15     -5 (VIOLATED)
_101626_/Y                               10     15     -5 (VIOLATED)
_103319_/Y                               10     15     -5 (VIOLATED)
_103945_/Y                               10     15     -5 (VIOLATED)
_105713_/Y                               10     15     -5 (VIOLATED)
_108183_/Y                               10     15     -5 (VIOLATED)
_108996_/Y                               10     15     -5 (VIOLATED)
_109368_/X                               10     15     -5 (VIOLATED)
_109908_/Y                               10     15     -5 (VIOLATED)
_115084_/X                               10     15     -5 (VIOLATED)
clkbuf_8_104__f_wb_clk_i/X               10     15     -5 (VIOLATED)
clkbuf_8_109__f_wb_clk_i/X               10     15     -5 (VIOLATED)
clkbuf_8_112__f_wb_clk_i/X               10     15     -5 (VIOLATED)
clkbuf_8_116__f_wb_clk_i/X               10     15     -5 (VIOLATED)
clkbuf_8_129__f_wb_clk_i/X               10     15     -5 (VIOLATED)
clkbuf_8_134__f_wb_clk_i/X               10     15     -5 (VIOLATED)
clkbuf_8_138__f_wb_clk_i/X               10     15     -5 (VIOLATED)
clkbuf_8_139__f_wb_clk_i/X               10     15     -5 (VIOLATED)
clkbuf_8_152__f_wb_clk_i/X               10     15     -5 (VIOLATED)
clkbuf_8_153__f_wb_clk_i/X               10     15     -5 (VIOLATED)
clkbuf_8_163__f_wb_clk_i/X               10     15     -5 (VIOLATED)
clkbuf_8_165__f_wb_clk_i/X               10     15     -5 (VIOLATED)
clkbuf_8_166__f_wb_clk_i/X               10     15     -5 (VIOLATED)
clkbuf_8_168__f_wb_clk_i/X               10     15     -5 (VIOLATED)
clkbuf_8_180__f_wb_clk_i/X               10     15     -5 (VIOLATED)
clkbuf_8_184__f_wb_clk_i/X               10     15     -5 (VIOLATED)
clkbuf_8_185__f_wb_clk_i/X               10     15     -5 (VIOLATED)
clkbuf_8_188__f_wb_clk_i/X               10     15     -5 (VIOLATED)
clkbuf_8_189__f_wb_clk_i/X               10     15     -5 (VIOLATED)
clkbuf_8_202__f_wb_clk_i/X               10     15     -5 (VIOLATED)
clkbuf_8_203__f_wb_clk_i/X               10     15     -5 (VIOLATED)
clkbuf_8_230__f_wb_clk_i/X               10     15     -5 (VIOLATED)
clkbuf_8_234__f_wb_clk_i/X               10     15     -5 (VIOLATED)
clkbuf_8_235__f_wb_clk_i/X               10     15     -5 (VIOLATED)
clkbuf_8_244__f_wb_clk_i/X               10     15     -5 (VIOLATED)
clkbuf_8_245__f_wb_clk_i/X               10     15     -5 (VIOLATED)
clkbuf_8_249__f_wb_clk_i/X               10     15     -5 (VIOLATED)
clkbuf_8_253__f_wb_clk_i/X               10     15     -5 (VIOLATED)
clkbuf_8_63__f_wb_clk_i/X                10     15     -5 (VIOLATED)
clkbuf_8_65__f_wb_clk_i/X                10     15     -5 (VIOLATED)
clkbuf_8_70__f_wb_clk_i/X                10     15     -5 (VIOLATED)
clkbuf_8_85__f_wb_clk_i/X                10     15     -5 (VIOLATED)
clkbuf_8_87__f_wb_clk_i/X                10     15     -5 (VIOLATED)
clkbuf_8_89__f_wb_clk_i/X                10     15     -5 (VIOLATED)
clkbuf_8_8__f_wb_clk_i/X                 10     15     -5 (VIOLATED)
fanout10009/X                            10     15     -5 (VIOLATED)
fanout10026/X                            10     15     -5 (VIOLATED)
fanout10034/X                            10     15     -5 (VIOLATED)
fanout10042/X                            10     15     -5 (VIOLATED)
fanout10092/X                            10     15     -5 (VIOLATED)
fanout10118/X                            10     15     -5 (VIOLATED)
fanout10192/X                            10     15     -5 (VIOLATED)
fanout10208/X                            10     15     -5 (VIOLATED)
fanout10229/X                            10     15     -5 (VIOLATED)
fanout10269/X                            10     15     -5 (VIOLATED)
fanout10273/X                            10     15     -5 (VIOLATED)
fanout10299/X                            10     15     -5 (VIOLATED)
fanout10307/X                            10     15     -5 (VIOLATED)
fanout10315/X                            10     15     -5 (VIOLATED)
fanout10316/X                            10     15     -5 (VIOLATED)
fanout10333/X                            10     15     -5 (VIOLATED)
fanout10335/X                            10     15     -5 (VIOLATED)
fanout10337/X                            10     15     -5 (VIOLATED)
fanout10359/X                            10     15     -5 (VIOLATED)
fanout10360/X                            10     15     -5 (VIOLATED)
fanout10368/X                            10     15     -5 (VIOLATED)
fanout10371/X                            10     15     -5 (VIOLATED)
fanout10385/X                            10     15     -5 (VIOLATED)
fanout10388/X                            10     15     -5 (VIOLATED)
fanout10439/X                            10     15     -5 (VIOLATED)
fanout10448/X                            10     15     -5 (VIOLATED)
fanout10451/X                            10     15     -5 (VIOLATED)
fanout10454/X                            10     15     -5 (VIOLATED)
fanout10499/X                            10     15     -5 (VIOLATED)
fanout10515/X                            10     15     -5 (VIOLATED)
fanout10583/X                            10     15     -5 (VIOLATED)
fanout10589/X                            10     15     -5 (VIOLATED)
fanout10594/X                            10     15     -5 (VIOLATED)
fanout10645/X                            10     15     -5 (VIOLATED)
fanout10664/X                            10     15     -5 (VIOLATED)
fanout10671/X                            10     15     -5 (VIOLATED)
fanout10678/X                            10     15     -5 (VIOLATED)
fanout10689/X                            10     15     -5 (VIOLATED)
fanout10700/X                            10     15     -5 (VIOLATED)
fanout10738/X                            10     15     -5 (VIOLATED)
fanout10739/X                            10     15     -5 (VIOLATED)
fanout10743/X                            10     15     -5 (VIOLATED)
fanout10746/X                            10     15     -5 (VIOLATED)
fanout10749/X                            10     15     -5 (VIOLATED)
fanout10768/X                            10     15     -5 (VIOLATED)
fanout10786/X                            10     15     -5 (VIOLATED)
fanout10803/X                            10     15     -5 (VIOLATED)
fanout10817/X                            10     15     -5 (VIOLATED)
fanout10827/X                            10     15     -5 (VIOLATED)
fanout10883/X                            10     15     -5 (VIOLATED)
fanout10937/X                            10     15     -5 (VIOLATED)
fanout10984/X                            10     15     -5 (VIOLATED)
fanout11017/X                            10     15     -5 (VIOLATED)
fanout11024/X                            10     15     -5 (VIOLATED)
fanout11025/X                            10     15     -5 (VIOLATED)
fanout11027/X                            10     15     -5 (VIOLATED)
fanout11057/X                            10     15     -5 (VIOLATED)
fanout11063/X                            10     15     -5 (VIOLATED)
fanout11065/X                            10     15     -5 (VIOLATED)
fanout11071/X                            10     15     -5 (VIOLATED)
fanout11079/X                            10     15     -5 (VIOLATED)
fanout11088/X                            10     15     -5 (VIOLATED)
fanout11132/X                            10     15     -5 (VIOLATED)
fanout11140/X                            10     15     -5 (VIOLATED)
fanout11157/X                            10     15     -5 (VIOLATED)
fanout11376/X                            10     15     -5 (VIOLATED)
fanout11538/X                            10     15     -5 (VIOLATED)
fanout11607/X                            10     15     -5 (VIOLATED)
fanout11625/X                            10     15     -5 (VIOLATED)
fanout11643/X                            10     15     -5 (VIOLATED)
fanout11649/X                            10     15     -5 (VIOLATED)
fanout11692/X                            10     15     -5 (VIOLATED)
fanout11701/X                            10     15     -5 (VIOLATED)
fanout11705/X                            10     15     -5 (VIOLATED)
fanout11822/X                            10     15     -5 (VIOLATED)
fanout11882/X                            10     15     -5 (VIOLATED)
fanout11904/X                            10     15     -5 (VIOLATED)
fanout1450/X                             10     15     -5 (VIOLATED)
fanout1456/X                             10     15     -5 (VIOLATED)
fanout1477/X                             10     15     -5 (VIOLATED)
fanout1661/X                             10     15     -5 (VIOLATED)
fanout1742/X                             10     15     -5 (VIOLATED)
fanout1746/X                             10     15     -5 (VIOLATED)
fanout1766/X                             10     15     -5 (VIOLATED)
fanout1783/X                             10     15     -5 (VIOLATED)
fanout1786/X                             10     15     -5 (VIOLATED)
fanout1796/X                             10     15     -5 (VIOLATED)
fanout1800/X                             10     15     -5 (VIOLATED)
fanout212/X                              10     15     -5 (VIOLATED)
fanout260/X                              10     15     -5 (VIOLATED)
fanout3516/X                             10     15     -5 (VIOLATED)
fanout3532/X                             10     15     -5 (VIOLATED)
fanout3537/X                             10     15     -5 (VIOLATED)
fanout3540/X                             10     15     -5 (VIOLATED)
fanout3544/X                             10     15     -5 (VIOLATED)
fanout4028/X                             10     15     -5 (VIOLATED)
fanout4060/X                             10     15     -5 (VIOLATED)
fanout4074/X                             10     15     -5 (VIOLATED)
fanout4076/X                             10     15     -5 (VIOLATED)
fanout4078/X                             10     15     -5 (VIOLATED)
fanout4134/X                             10     15     -5 (VIOLATED)
fanout4137/X                             10     15     -5 (VIOLATED)
fanout4142/X                             10     15     -5 (VIOLATED)
fanout4151/X                             10     15     -5 (VIOLATED)
fanout4170/X                             10     15     -5 (VIOLATED)
fanout4175/X                             10     15     -5 (VIOLATED)
fanout4178/X                             10     15     -5 (VIOLATED)
fanout4181/X                             10     15     -5 (VIOLATED)
fanout4220/X                             10     15     -5 (VIOLATED)
fanout4265/X                             10     15     -5 (VIOLATED)
fanout4336/X                             10     15     -5 (VIOLATED)
fanout4339/X                             10     15     -5 (VIOLATED)
fanout436/X                              10     15     -5 (VIOLATED)
fanout4397/X                             10     15     -5 (VIOLATED)
fanout4421/X                             10     15     -5 (VIOLATED)
fanout4445/X                             10     15     -5 (VIOLATED)
fanout4447/X                             10     15     -5 (VIOLATED)
fanout448/X                              10     15     -5 (VIOLATED)
fanout4481/X                             10     15     -5 (VIOLATED)
fanout4496/X                             10     15     -5 (VIOLATED)
fanout4507/X                             10     15     -5 (VIOLATED)
fanout4551/X                             10     15     -5 (VIOLATED)
fanout4559/X                             10     15     -5 (VIOLATED)
fanout456/X                              10     15     -5 (VIOLATED)
fanout4568/X                             10     15     -5 (VIOLATED)
fanout4585/X                             10     15     -5 (VIOLATED)
fanout4614/X                             10     15     -5 (VIOLATED)
fanout4664/X                             10     15     -5 (VIOLATED)
fanout4686/X                             10     15     -5 (VIOLATED)
fanout4715/X                             10     15     -5 (VIOLATED)
fanout4748/X                             10     15     -5 (VIOLATED)
fanout4773/X                             10     15     -5 (VIOLATED)
fanout4774/X                             10     15     -5 (VIOLATED)
fanout4796/X                             10     15     -5 (VIOLATED)
fanout487/X                              10     15     -5 (VIOLATED)
fanout4918/X                             10     15     -5 (VIOLATED)
fanout4928/X                             10     15     -5 (VIOLATED)
fanout4932/X                             10     15     -5 (VIOLATED)
fanout4940/X                             10     15     -5 (VIOLATED)
fanout4976/X                             10     15     -5 (VIOLATED)
fanout5002/X                             10     15     -5 (VIOLATED)
fanout5008/X                             10     15     -5 (VIOLATED)
fanout5009/X                             10     15     -5 (VIOLATED)
fanout507/X                              10     15     -5 (VIOLATED)
fanout5073/X                             10     15     -5 (VIOLATED)
fanout5194/X                             10     15     -5 (VIOLATED)
fanout5218/X                             10     15     -5 (VIOLATED)
fanout5225/X                             10     15     -5 (VIOLATED)
fanout5231/X                             10     15     -5 (VIOLATED)
fanout5250/X                             10     15     -5 (VIOLATED)
fanout5292/X                             10     15     -5 (VIOLATED)
fanout5318/X                             10     15     -5 (VIOLATED)
fanout5359/X                             10     15     -5 (VIOLATED)
fanout5365/X                             10     15     -5 (VIOLATED)
fanout5366/X                             10     15     -5 (VIOLATED)
fanout5409/X                             10     15     -5 (VIOLATED)
fanout5424/X                             10     15     -5 (VIOLATED)
fanout5426/X                             10     15     -5 (VIOLATED)
fanout5462/X                             10     15     -5 (VIOLATED)
fanout5482/X                             10     15     -5 (VIOLATED)
fanout5521/X                             10     15     -5 (VIOLATED)
fanout5584/X                             10     15     -5 (VIOLATED)
fanout5596/X                             10     15     -5 (VIOLATED)
fanout5640/X                             10     15     -5 (VIOLATED)
fanout5644/X                             10     15     -5 (VIOLATED)
fanout5647/X                             10     15     -5 (VIOLATED)
fanout5660/X                             10     15     -5 (VIOLATED)
fanout5684/X                             10     15     -5 (VIOLATED)
fanout5864/X                             10     15     -5 (VIOLATED)
fanout5954/X                             10     15     -5 (VIOLATED)
fanout5969/X                             10     15     -5 (VIOLATED)
fanout5978/X                             10     15     -5 (VIOLATED)
fanout6025/X                             10     15     -5 (VIOLATED)
fanout6035/X                             10     15     -5 (VIOLATED)
fanout6046/X                             10     15     -5 (VIOLATED)
fanout6049/X                             10     15     -5 (VIOLATED)
fanout6054/X                             10     15     -5 (VIOLATED)
fanout6065/X                             10     15     -5 (VIOLATED)
fanout6067/X                             10     15     -5 (VIOLATED)
fanout6070/X                             10     15     -5 (VIOLATED)
fanout6104/X                             10     15     -5 (VIOLATED)
fanout6160/X                             10     15     -5 (VIOLATED)
fanout628/X                              10     15     -5 (VIOLATED)
fanout687/X                              10     15     -5 (VIOLATED)
fanout696/X                              10     15     -5 (VIOLATED)
fanout740/X                              10     15     -5 (VIOLATED)
fanout7676/X                             10     15     -5 (VIOLATED)
fanout7702/X                             10     15     -5 (VIOLATED)
fanout7704/X                             10     15     -5 (VIOLATED)
fanout7727/X                             10     15     -5 (VIOLATED)
fanout7829/X                             10     15     -5 (VIOLATED)
fanout7880/X                             10     15     -5 (VIOLATED)
fanout7930/X                             10     15     -5 (VIOLATED)
fanout7942/X                             10     15     -5 (VIOLATED)
fanout7963/X                             10     15     -5 (VIOLATED)
fanout8008/X                             10     15     -5 (VIOLATED)
fanout801/X                              10     15     -5 (VIOLATED)
fanout8017/X                             10     15     -5 (VIOLATED)
fanout8036/X                             10     15     -5 (VIOLATED)
fanout8072/X                             10     15     -5 (VIOLATED)
fanout8144/X                             10     15     -5 (VIOLATED)
fanout8168/X                             10     15     -5 (VIOLATED)
fanout8177/X                             10     15     -5 (VIOLATED)
fanout8256/X                             10     15     -5 (VIOLATED)
fanout8304/X                             10     15     -5 (VIOLATED)
fanout8339/X                             10     15     -5 (VIOLATED)
fanout841/X                              10     15     -5 (VIOLATED)
fanout8410/X                             10     15     -5 (VIOLATED)
fanout8428/X                             10     15     -5 (VIOLATED)
fanout8490/X                             10     15     -5 (VIOLATED)
fanout8524/X                             10     15     -5 (VIOLATED)
fanout8539/X                             10     15     -5 (VIOLATED)
fanout854/X                              10     15     -5 (VIOLATED)
fanout8573/X                             10     15     -5 (VIOLATED)
fanout8581/X                             10     15     -5 (VIOLATED)
fanout8677/X                             10     15     -5 (VIOLATED)
fanout8739/X                             10     15     -5 (VIOLATED)
fanout8747/X                             10     15     -5 (VIOLATED)
fanout8748/X                             10     15     -5 (VIOLATED)
fanout8752/X                             10     15     -5 (VIOLATED)
fanout8808/X                             10     15     -5 (VIOLATED)
fanout8811/X                             10     15     -5 (VIOLATED)
fanout8814/X                             10     15     -5 (VIOLATED)
fanout8816/X                             10     15     -5 (VIOLATED)
fanout8837/X                             10     15     -5 (VIOLATED)
fanout8854/X                             10     15     -5 (VIOLATED)
fanout8857/X                             10     15     -5 (VIOLATED)
fanout891/X                              10     15     -5 (VIOLATED)
fanout8927/X                             10     15     -5 (VIOLATED)
fanout895/X                              10     15     -5 (VIOLATED)
fanout9004/X                             10     15     -5 (VIOLATED)
fanout9011/X                             10     15     -5 (VIOLATED)
fanout906/X                              10     15     -5 (VIOLATED)
fanout9064/X                             10     15     -5 (VIOLATED)
fanout9085/X                             10     15     -5 (VIOLATED)
fanout9169/X                             10     15     -5 (VIOLATED)
fanout9222/X                             10     15     -5 (VIOLATED)
fanout9266/X                             10     15     -5 (VIOLATED)
fanout9378/X                             10     15     -5 (VIOLATED)
fanout9405/X                             10     15     -5 (VIOLATED)
fanout9481/X                             10     15     -5 (VIOLATED)
fanout9540/X                             10     15     -5 (VIOLATED)
fanout9547/X                             10     15     -5 (VIOLATED)
fanout9605/X                             10     15     -5 (VIOLATED)
fanout9657/X                             10     15     -5 (VIOLATED)
fanout9669/X                             10     15     -5 (VIOLATED)
fanout9697/X                             10     15     -5 (VIOLATED)
fanout9701/X                             10     15     -5 (VIOLATED)
fanout9725/X                             10     15     -5 (VIOLATED)
fanout9748/X                             10     15     -5 (VIOLATED)
fanout9766/X                             10     15     -5 (VIOLATED)
fanout9769/X                             10     15     -5 (VIOLATED)
fanout9794/X                             10     15     -5 (VIOLATED)
fanout9814/X                             10     15     -5 (VIOLATED)
fanout9815/X                             10     15     -5 (VIOLATED)
fanout9830/X                             10     15     -5 (VIOLATED)
fanout9861/X                             10     15     -5 (VIOLATED)
fanout9940/X                             10     15     -5 (VIOLATED)
hold11907/X                              10     15     -5 (VIOLATED)
hold14179/X                              10     15     -5 (VIOLATED)
hold14471/X                              10     15     -5 (VIOLATED)
hold14487/X                              10     15     -5 (VIOLATED)
hold14602/X                              10     15     -5 (VIOLATED)
hold14689/X                              10     15     -5 (VIOLATED)
hold14930/X                              10     15     -5 (VIOLATED)
hold15000/X                              10     15     -5 (VIOLATED)
hold15035/X                              10     15     -5 (VIOLATED)
hold15114/X                              10     15     -5 (VIOLATED)
hold15136/X                              10     15     -5 (VIOLATED)
hold15142/X                              10     15     -5 (VIOLATED)
hold15155/X                              10     15     -5 (VIOLATED)
hold15181/X                              10     15     -5 (VIOLATED)
hold15229/X                              10     15     -5 (VIOLATED)
hold15235/X                              10     15     -5 (VIOLATED)
hold15319/X                              10     15     -5 (VIOLATED)
hold15364/X                              10     15     -5 (VIOLATED)
hold15378/X                              10     15     -5 (VIOLATED)
hold15400/X                              10     15     -5 (VIOLATED)
hold15469/X                              10     15     -5 (VIOLATED)
hold15563/X                              10     15     -5 (VIOLATED)
hold15636/X                              10     15     -5 (VIOLATED)
hold15670/X                              10     15     -5 (VIOLATED)
hold15726/X                              10     15     -5 (VIOLATED)
hold15779/X                              10     15     -5 (VIOLATED)
hold15789/X                              10     15     -5 (VIOLATED)
hold15812/X                              10     15     -5 (VIOLATED)
hold15827/X                              10     15     -5 (VIOLATED)
hold15919/X                              10     15     -5 (VIOLATED)
hold15922/X                              10     15     -5 (VIOLATED)
hold15958/X                              10     15     -5 (VIOLATED)
hold15961/X                              10     15     -5 (VIOLATED)
hold16083/X                              10     15     -5 (VIOLATED)
hold16094/X                              10     15     -5 (VIOLATED)
hold16128/X                              10     15     -5 (VIOLATED)
hold16152/X                              10     15     -5 (VIOLATED)
hold16310/X                              10     15     -5 (VIOLATED)
hold16382/X                              10     15     -5 (VIOLATED)
hold16397/X                              10     15     -5 (VIOLATED)
hold16422/X                              10     15     -5 (VIOLATED)
hold16434/X                              10     15     -5 (VIOLATED)
hold16438/X                              10     15     -5 (VIOLATED)
hold16532/X                              10     15     -5 (VIOLATED)
hold16750/X                              10     15     -5 (VIOLATED)
hold16758/X                              10     15     -5 (VIOLATED)
hold16808/X                              10     15     -5 (VIOLATED)
hold16944/X                              10     15     -5 (VIOLATED)
hold16996/X                              10     15     -5 (VIOLATED)
hold17371/X                              10     15     -5 (VIOLATED)
hold17392/X                              10     15     -5 (VIOLATED)
hold17551/X                              10     15     -5 (VIOLATED)
hold17614/X                              10     15     -5 (VIOLATED)
hold17685/X                              10     15     -5 (VIOLATED)
hold17693/X                              10     15     -5 (VIOLATED)
hold17821/X                              10     15     -5 (VIOLATED)
hold17846/X                              10     15     -5 (VIOLATED)
hold17854/X                              10     15     -5 (VIOLATED)
hold17934/X                              10     15     -5 (VIOLATED)
hold17946/X                              10     15     -5 (VIOLATED)
hold18042/X                              10     15     -5 (VIOLATED)
hold18053/X                              10     15     -5 (VIOLATED)
hold18078/X                              10     15     -5 (VIOLATED)
hold18098/X                              10     15     -5 (VIOLATED)
hold19738/X                              10     15     -5 (VIOLATED)
hold202/X                                10     15     -5 (VIOLATED)
hold25/X                                 10     15     -5 (VIOLATED)
hold25515/X                              10     15     -5 (VIOLATED)
hold30702/X                              10     15     -5 (VIOLATED)
hold31360/X                              10     15     -5 (VIOLATED)
hold32873/X                              10     15     -5 (VIOLATED)
hold3705/X                               10     15     -5 (VIOLATED)
hold39292/X                              10     15     -5 (VIOLATED)
hold54/X                                 10     15     -5 (VIOLATED)
hold7348/X                               10     15     -5 (VIOLATED)
hold8975/X                               10     15     -5 (VIOLATED)
max_length10697/X                        10     15     -5 (VIOLATED)
max_length10823/X                        10     15     -5 (VIOLATED)
max_length10956/X                        10     15     -5 (VIOLATED)
max_length11550/X                        10     15     -5 (VIOLATED)
max_length11591/X                        10     15     -5 (VIOLATED)
max_length11687/X                        10     15     -5 (VIOLATED)
max_length1175/X                         10     15     -5 (VIOLATED)
max_length3051/X                         10     15     -5 (VIOLATED)
wire10013/X                              10     15     -5 (VIOLATED)
wire10054/X                              10     15     -5 (VIOLATED)
wire10132/X                              10     15     -5 (VIOLATED)
wire10218/X                              10     15     -5 (VIOLATED)
wire10241/X                              10     15     -5 (VIOLATED)
wire10819/X                              10     15     -5 (VIOLATED)
wire10909/X                              10     15     -5 (VIOLATED)
wire10964/X                              10     15     -5 (VIOLATED)
wire11325/X                              10     15     -5 (VIOLATED)
wire11420/X                              10     15     -5 (VIOLATED)
wire11526/X                              10     15     -5 (VIOLATED)
wire11557/X                              10     15     -5 (VIOLATED)
wire11609/X                              10     15     -5 (VIOLATED)
wire11641/X                              10     15     -5 (VIOLATED)
wire11703/X                              10     15     -5 (VIOLATED)
wire1307/X                               10     15     -5 (VIOLATED)
wire1780/X                               10     15     -5 (VIOLATED)
wire2039/X                               10     15     -5 (VIOLATED)
wire2649/X                               10     15     -5 (VIOLATED)
wire267/X                                10     15     -5 (VIOLATED)
wire3526/X                               10     15     -5 (VIOLATED)
wire3535/X                               10     15     -5 (VIOLATED)
wire3698/X                               10     15     -5 (VIOLATED)
wire3703/X                               10     15     -5 (VIOLATED)
wire4173/X                               10     15     -5 (VIOLATED)
wire4626/X                               10     15     -5 (VIOLATED)
wire4958/X                               10     15     -5 (VIOLATED)
wire5072/X                               10     15     -5 (VIOLATED)
wire510/X                                10     15     -5 (VIOLATED)
wire5545/X                               10     15     -5 (VIOLATED)
wire5675/X                               10     15     -5 (VIOLATED)
wire5748/X                               10     15     -5 (VIOLATED)
wire5803/X                               10     15     -5 (VIOLATED)
wire5894/X                               10     15     -5 (VIOLATED)
wire5914/X                               10     15     -5 (VIOLATED)
wire6146/X                               10     15     -5 (VIOLATED)
wire6643/X                               10     15     -5 (VIOLATED)
wire722/X                                10     15     -5 (VIOLATED)
wire7687/X                               10     15     -5 (VIOLATED)
wire7793/X                               10     15     -5 (VIOLATED)
wire7805/X                               10     15     -5 (VIOLATED)
wire7824/X                               10     15     -5 (VIOLATED)
wire7980/X                               10     15     -5 (VIOLATED)
wire7997/X                               10     15     -5 (VIOLATED)
wire8067/X                               10     15     -5 (VIOLATED)
wire8070/X                               10     15     -5 (VIOLATED)
wire8215/X                               10     15     -5 (VIOLATED)
wire8546/X                               10     15     -5 (VIOLATED)
wire9114/X                               10     15     -5 (VIOLATED)
wire9357/X                               10     15     -5 (VIOLATED)
wire9416/X                               10     15     -5 (VIOLATED)
wire9429/X                               10     15     -5 (VIOLATED)
wire9458/X                               10     15     -5 (VIOLATED)
wire9490/X                               10     15     -5 (VIOLATED)
wire9569/X                               10     15     -5 (VIOLATED)
wire9708/X                               10     15     -5 (VIOLATED)
wire9804/X                               10     15     -5 (VIOLATED)
wire9926/X                               10     15     -5 (VIOLATED)
wire9957/X                               10     15     -5 (VIOLATED)
fanout9296/X                             10     14     -4 (VIOLATED)
wire3699/X                               10     14     -4 (VIOLATED)
wire3832/X                               10     14     -4 (VIOLATED)
wire6321/X                               10     14     -4 (VIOLATED)
wire8368/X                               10     14     -4 (VIOLATED)
wire8889/X                               10     14     -4 (VIOLATED)
_060728_/Y                               10     13     -3 (VIOLATED)
_060816_/Y                               10     13     -3 (VIOLATED)
_060870_/Y                               10     13     -3 (VIOLATED)
_060970_/Y                               10     13     -3 (VIOLATED)
_061339_/Y                               10     13     -3 (VIOLATED)
_061576_/Y                               10     13     -3 (VIOLATED)
_063002_/Y                               10     13     -3 (VIOLATED)
_063152_/Y                               10     13     -3 (VIOLATED)
_063184_/Y                               10     13     -3 (VIOLATED)
_063241_/Y                               10     13     -3 (VIOLATED)
_064237_/Y                               10     13     -3 (VIOLATED)
_065431_/Y                               10     13     -3 (VIOLATED)
_065515_/Y                               10     13     -3 (VIOLATED)
_065516_/X                               10     13     -3 (VIOLATED)
_065543_/Y                               10     13     -3 (VIOLATED)
_065656_/Y                               10     13     -3 (VIOLATED)
_067105_/Y                               10     13     -3 (VIOLATED)
_067764_/Y                               10     13     -3 (VIOLATED)
_067827_/Y                               10     13     -3 (VIOLATED)
_067828_/Y                               10     13     -3 (VIOLATED)
_067855_/Y                               10     13     -3 (VIOLATED)
_067944_/Y                               10     13     -3 (VIOLATED)
_068589_/Y                               10     13     -3 (VIOLATED)
_069193_/Y                               10     13     -3 (VIOLATED)
_069949_/Y                               10     13     -3 (VIOLATED)
_069980_/Y                               10     13     -3 (VIOLATED)
_070184_/Y                               10     13     -3 (VIOLATED)
_070940_/X                               10     13     -3 (VIOLATED)
_071690_/Y                               10     13     -3 (VIOLATED)
_072200_/Y                               10     13     -3 (VIOLATED)
_072460_/Y                               10     13     -3 (VIOLATED)
_073713_/Y                               10     13     -3 (VIOLATED)
_074450_/Y                               10     13     -3 (VIOLATED)
_074580_/X                               10     13     -3 (VIOLATED)
_074598_/Y                               10     13     -3 (VIOLATED)
_074630_/Y                               10     13     -3 (VIOLATED)
_075468_/X                               10     13     -3 (VIOLATED)
_076905_/X                               10     13     -3 (VIOLATED)
_076982_/Y                               10     13     -3 (VIOLATED)
_077189_/Y                               10     13     -3 (VIOLATED)
_077643_/Y                               10     13     -3 (VIOLATED)
_077785_/Y                               10     13     -3 (VIOLATED)
_077946_/Y                               10     13     -3 (VIOLATED)
_078386_/Y                               10     13     -3 (VIOLATED)
_078596_/Y                               10     13     -3 (VIOLATED)
_079384_/Y                               10     13     -3 (VIOLATED)
_080002_/Y                               10     13     -3 (VIOLATED)
_080117_/Y                               10     13     -3 (VIOLATED)
_080887_/Y                               10     13     -3 (VIOLATED)
_081499_/X                               10     13     -3 (VIOLATED)
_081633_/Y                               10     13     -3 (VIOLATED)
_082102_/X                               10     13     -3 (VIOLATED)
_082179_/Y                               10     13     -3 (VIOLATED)
_082399_/Y                               10     13     -3 (VIOLATED)
_083084_/Y                               10     13     -3 (VIOLATED)
_083203_/Y                               10     13     -3 (VIOLATED)
_083765_/X                               10     13     -3 (VIOLATED)
_085588_/X                               10     13     -3 (VIOLATED)
_085667_/Y                               10     13     -3 (VIOLATED)
_086673_/Y                               10     13     -3 (VIOLATED)
_087013_/Y                               10     13     -3 (VIOLATED)
_087843_/Y                               10     13     -3 (VIOLATED)
_087868_/Y                               10     13     -3 (VIOLATED)
_088278_/Y                               10     13     -3 (VIOLATED)
_090230_/Y                               10     13     -3 (VIOLATED)
_090302_/Y                               10     13     -3 (VIOLATED)
_090303_/Y                               10     13     -3 (VIOLATED)
_090476_/Y                               10     13     -3 (VIOLATED)
_090780_/Y                               10     13     -3 (VIOLATED)
_092000_/X                               10     13     -3 (VIOLATED)
_092544_/X                               10     13     -3 (VIOLATED)
_093056_/X                               10     13     -3 (VIOLATED)
_094384_/X                               10     13     -3 (VIOLATED)
_094586_/Y                               10     13     -3 (VIOLATED)
_095386_/Y                               10     13     -3 (VIOLATED)
_095411_/Y                               10     13     -3 (VIOLATED)
_095419_/Y                               10     13     -3 (VIOLATED)
_095497_/Y                               10     13     -3 (VIOLATED)
_096300_/Y                               10     13     -3 (VIOLATED)
_096309_/Y                               10     13     -3 (VIOLATED)
_096773_/Y                               10     13     -3 (VIOLATED)
_097086_/Y                               10     13     -3 (VIOLATED)
_097087_/Y                               10     13     -3 (VIOLATED)
_098092_/Y                               10     13     -3 (VIOLATED)
_098256_/Y                               10     13     -3 (VIOLATED)
_098451_/X                               10     13     -3 (VIOLATED)
_098826_/Y                               10     13     -3 (VIOLATED)
_098912_/Y                               10     13     -3 (VIOLATED)
_099054_/Y                               10     13     -3 (VIOLATED)
_099521_/X                               10     13     -3 (VIOLATED)
_099656_/Y                               10     13     -3 (VIOLATED)
_101669_/Y                               10     13     -3 (VIOLATED)
_102253_/Y                               10     13     -3 (VIOLATED)
_103076_/X                               10     13     -3 (VIOLATED)
_104853_/Y                               10     13     -3 (VIOLATED)
_104957_/Y                               10     13     -3 (VIOLATED)
_105277_/Y                               10     13     -3 (VIOLATED)
_105796_/Y                               10     13     -3 (VIOLATED)
_105880_/Y                               10     13     -3 (VIOLATED)
_106089_/Y                               10     13     -3 (VIOLATED)
_106249_/Y                               10     13     -3 (VIOLATED)
_106449_/Y                               10     13     -3 (VIOLATED)
_106921_/Y                               10     13     -3 (VIOLATED)
_108120_/Y                               10     13     -3 (VIOLATED)
_108144_/Y                               10     13     -3 (VIOLATED)
_108919_/Y                               10     13     -3 (VIOLATED)
_109366_/X                               10     13     -3 (VIOLATED)
_112166_/Y                               10     13     -3 (VIOLATED)
clkbuf_8_108__f_wb_clk_i/X               10     13     -3 (VIOLATED)
clkbuf_8_117__f_wb_clk_i/X               10     13     -3 (VIOLATED)
clkbuf_8_132__f_wb_clk_i/X               10     13     -3 (VIOLATED)
clkbuf_8_142__f_wb_clk_i/X               10     13     -3 (VIOLATED)
clkbuf_8_161__f_wb_clk_i/X               10     13     -3 (VIOLATED)
clkbuf_8_162__f_wb_clk_i/X               10     13     -3 (VIOLATED)
clkbuf_8_167__f_wb_clk_i/X               10     13     -3 (VIOLATED)
clkbuf_8_174__f_wb_clk_i/X               10     13     -3 (VIOLATED)
clkbuf_8_175__f_wb_clk_i/X               10     13     -3 (VIOLATED)
clkbuf_8_192__f_wb_clk_i/X               10     13     -3 (VIOLATED)
clkbuf_8_199__f_wb_clk_i/X               10     13     -3 (VIOLATED)
clkbuf_8_204__f_wb_clk_i/X               10     13     -3 (VIOLATED)
clkbuf_8_205__f_wb_clk_i/X               10     13     -3 (VIOLATED)
clkbuf_8_206__f_wb_clk_i/X               10     13     -3 (VIOLATED)
clkbuf_8_207__f_wb_clk_i/X               10     13     -3 (VIOLATED)
clkbuf_8_208__f_wb_clk_i/X               10     13     -3 (VIOLATED)
clkbuf_8_217__f_wb_clk_i/X               10     13     -3 (VIOLATED)
clkbuf_8_222__f_wb_clk_i/X               10     13     -3 (VIOLATED)
clkbuf_8_226__f_wb_clk_i/X               10     13     -3 (VIOLATED)
clkbuf_8_228__f_wb_clk_i/X               10     13     -3 (VIOLATED)
clkbuf_8_240__f_wb_clk_i/X               10     13     -3 (VIOLATED)
clkbuf_8_252__f_wb_clk_i/X               10     13     -3 (VIOLATED)
clkbuf_8_71__f_wb_clk_i/X                10     13     -3 (VIOLATED)
clkbuf_8_88__f_wb_clk_i/X                10     13     -3 (VIOLATED)
fanout10005/X                            10     13     -3 (VIOLATED)
fanout10007/X                            10     13     -3 (VIOLATED)
fanout10028/X                            10     13     -3 (VIOLATED)
fanout10046/X                            10     13     -3 (VIOLATED)
fanout10067/X                            10     13     -3 (VIOLATED)
fanout10087/X                            10     13     -3 (VIOLATED)
fanout10094/X                            10     13     -3 (VIOLATED)
fanout10105/X                            10     13     -3 (VIOLATED)
fanout10119/X                            10     13     -3 (VIOLATED)
fanout10194/X                            10     13     -3 (VIOLATED)
fanout10204/X                            10     13     -3 (VIOLATED)
fanout10264/X                            10     13     -3 (VIOLATED)
fanout10318/X                            10     13     -3 (VIOLATED)
fanout10326/X                            10     13     -3 (VIOLATED)
fanout10327/X                            10     13     -3 (VIOLATED)
fanout10329/X                            10     13     -3 (VIOLATED)
fanout10342/X                            10     13     -3 (VIOLATED)
fanout10374/X                            10     13     -3 (VIOLATED)
fanout10384/X                            10     13     -3 (VIOLATED)
fanout10458/X                            10     13     -3 (VIOLATED)
fanout10471/X                            10     13     -3 (VIOLATED)
fanout10489/X                            10     13     -3 (VIOLATED)
fanout10496/X                            10     13     -3 (VIOLATED)
fanout10502/X                            10     13     -3 (VIOLATED)
fanout10508/X                            10     13     -3 (VIOLATED)
fanout10513/X                            10     13     -3 (VIOLATED)
fanout10573/X                            10     13     -3 (VIOLATED)
fanout10606/X                            10     13     -3 (VIOLATED)
fanout10633/X                            10     13     -3 (VIOLATED)
fanout10648/X                            10     13     -3 (VIOLATED)
fanout10665/X                            10     13     -3 (VIOLATED)
fanout10673/X                            10     13     -3 (VIOLATED)
fanout10684/X                            10     13     -3 (VIOLATED)
fanout10709/X                            10     13     -3 (VIOLATED)
fanout10715/X                            10     13     -3 (VIOLATED)
fanout10717/X                            10     13     -3 (VIOLATED)
fanout10719/X                            10     13     -3 (VIOLATED)
fanout10751/X                            10     13     -3 (VIOLATED)
fanout10765/X                            10     13     -3 (VIOLATED)
fanout1078/X                             10     13     -3 (VIOLATED)
fanout10780/X                            10     13     -3 (VIOLATED)
fanout10784/X                            10     13     -3 (VIOLATED)
fanout10791/X                            10     13     -3 (VIOLATED)
fanout10793/X                            10     13     -3 (VIOLATED)
fanout10798/X                            10     13     -3 (VIOLATED)
fanout1080/X                             10     13     -3 (VIOLATED)
fanout1082/X                             10     13     -3 (VIOLATED)
fanout10840/X                            10     13     -3 (VIOLATED)
fanout10845/X                            10     13     -3 (VIOLATED)
fanout1090/X                             10     13     -3 (VIOLATED)
fanout10900/X                            10     13     -3 (VIOLATED)
fanout10906/X                            10     13     -3 (VIOLATED)
fanout10935/X                            10     13     -3 (VIOLATED)
fanout10946/X                            10     13     -3 (VIOLATED)
fanout10968/X                            10     13     -3 (VIOLATED)
fanout10989/X                            10     13     -3 (VIOLATED)
fanout11022/X                            10     13     -3 (VIOLATED)
fanout11034/X                            10     13     -3 (VIOLATED)
fanout11043/X                            10     13     -3 (VIOLATED)
fanout11061/X                            10     13     -3 (VIOLATED)
fanout11073/X                            10     13     -3 (VIOLATED)
fanout11076/X                            10     13     -3 (VIOLATED)
fanout11084/X                            10     13     -3 (VIOLATED)
fanout11087/X                            10     13     -3 (VIOLATED)
fanout11101/X                            10     13     -3 (VIOLATED)
fanout11115/X                            10     13     -3 (VIOLATED)
fanout11130/X                            10     13     -3 (VIOLATED)
fanout11145/X                            10     13     -3 (VIOLATED)
fanout11150/X                            10     13     -3 (VIOLATED)
fanout11156/X                            10     13     -3 (VIOLATED)
fanout11213/X                            10     13     -3 (VIOLATED)
fanout11242/X                            10     13     -3 (VIOLATED)
fanout11260/X                            10     13     -3 (VIOLATED)
fanout11269/X                            10     13     -3 (VIOLATED)
fanout11520/X                            10     13     -3 (VIOLATED)
fanout11522/X                            10     13     -3 (VIOLATED)
fanout11548/X                            10     13     -3 (VIOLATED)
fanout1157/X                             10     13     -3 (VIOLATED)
fanout11616/X                            10     13     -3 (VIOLATED)
fanout11617/X                            10     13     -3 (VIOLATED)
fanout1163/X                             10     13     -3 (VIOLATED)
fanout11684/X                            10     13     -3 (VIOLATED)
fanout11700/X                            10     13     -3 (VIOLATED)
fanout11707/X                            10     13     -3 (VIOLATED)
fanout11729/X                            10     13     -3 (VIOLATED)
fanout11735/X                            10     13     -3 (VIOLATED)
fanout11741/X                            10     13     -3 (VIOLATED)
fanout11750/X                            10     13     -3 (VIOLATED)
fanout1176/X                             10     13     -3 (VIOLATED)
fanout11807/X                            10     13     -3 (VIOLATED)
fanout1444/X                             10     13     -3 (VIOLATED)
fanout1446/X                             10     13     -3 (VIOLATED)
fanout1451/X                             10     13     -3 (VIOLATED)
fanout1459/X                             10     13     -3 (VIOLATED)
fanout1470/X                             10     13     -3 (VIOLATED)
fanout1474/X                             10     13     -3 (VIOLATED)
fanout1479/X                             10     13     -3 (VIOLATED)
fanout1723/X                             10     13     -3 (VIOLATED)
fanout1729/X                             10     13     -3 (VIOLATED)
fanout1733/X                             10     13     -3 (VIOLATED)
fanout1750/X                             10     13     -3 (VIOLATED)
fanout1753/X                             10     13     -3 (VIOLATED)
fanout1755/X                             10     13     -3 (VIOLATED)
fanout1758/X                             10     13     -3 (VIOLATED)
fanout1759/X                             10     13     -3 (VIOLATED)
fanout1763/X                             10     13     -3 (VIOLATED)
fanout1764/X                             10     13     -3 (VIOLATED)
fanout1791/X                             10     13     -3 (VIOLATED)
fanout1794/X                             10     13     -3 (VIOLATED)
fanout1970/X                             10     13     -3 (VIOLATED)
fanout2580/X                             10     13     -3 (VIOLATED)
fanout263/X                              10     13     -3 (VIOLATED)
fanout265/X                              10     13     -3 (VIOLATED)
fanout2684/X                             10     13     -3 (VIOLATED)
fanout282/X                              10     13     -3 (VIOLATED)
fanout2895/X                             10     13     -3 (VIOLATED)
fanout301/X                              10     13     -3 (VIOLATED)
fanout3298/X                             10     13     -3 (VIOLATED)
fanout3369/X                             10     13     -3 (VIOLATED)
fanout3511/X                             10     13     -3 (VIOLATED)
fanout3520/X                             10     13     -3 (VIOLATED)
fanout354/X                              10     13     -3 (VIOLATED)
fanout360/X                              10     13     -3 (VIOLATED)
fanout372/X                              10     13     -3 (VIOLATED)
fanout389/X                              10     13     -3 (VIOLATED)
fanout391/X                              10     13     -3 (VIOLATED)
fanout403/X                              10     13     -3 (VIOLATED)
fanout4047/X                             10     13     -3 (VIOLATED)
fanout4051/X                             10     13     -3 (VIOLATED)
fanout4069/X                             10     13     -3 (VIOLATED)
fanout4114/X                             10     13     -3 (VIOLATED)
fanout4116/X                             10     13     -3 (VIOLATED)
fanout4121/X                             10     13     -3 (VIOLATED)
fanout4128/X                             10     13     -3 (VIOLATED)
fanout4157/X                             10     13     -3 (VIOLATED)
fanout4163/X                             10     13     -3 (VIOLATED)
fanout4171/X                             10     13     -3 (VIOLATED)
fanout4179/X                             10     13     -3 (VIOLATED)
fanout418/X                              10     13     -3 (VIOLATED)
fanout4186/X                             10     13     -3 (VIOLATED)
fanout4190/X                             10     13     -3 (VIOLATED)
fanout4192/X                             10     13     -3 (VIOLATED)
fanout4198/X                             10     13     -3 (VIOLATED)
fanout4218/X                             10     13     -3 (VIOLATED)
fanout4242/X                             10     13     -3 (VIOLATED)
fanout4244/X                             10     13     -3 (VIOLATED)
fanout4247/X                             10     13     -3 (VIOLATED)
fanout4259/X                             10     13     -3 (VIOLATED)
fanout4270/X                             10     13     -3 (VIOLATED)
fanout4276/X                             10     13     -3 (VIOLATED)
fanout4313/X                             10     13     -3 (VIOLATED)
fanout4319/X                             10     13     -3 (VIOLATED)
fanout4356/X                             10     13     -3 (VIOLATED)
fanout4357/X                             10     13     -3 (VIOLATED)
fanout4403/X                             10     13     -3 (VIOLATED)
fanout4413/X                             10     13     -3 (VIOLATED)
fanout4414/X                             10     13     -3 (VIOLATED)
fanout4429/X                             10     13     -3 (VIOLATED)
fanout4432/X                             10     13     -3 (VIOLATED)
fanout4440/X                             10     13     -3 (VIOLATED)
fanout4448/X                             10     13     -3 (VIOLATED)
fanout4453/X                             10     13     -3 (VIOLATED)
fanout4467/X                             10     13     -3 (VIOLATED)
fanout4475/X                             10     13     -3 (VIOLATED)
fanout4488/X                             10     13     -3 (VIOLATED)
fanout4497/X                             10     13     -3 (VIOLATED)
fanout4504/X                             10     13     -3 (VIOLATED)
fanout4511/X                             10     13     -3 (VIOLATED)
fanout4521/X                             10     13     -3 (VIOLATED)
fanout4547/X                             10     13     -3 (VIOLATED)
fanout4565/X                             10     13     -3 (VIOLATED)
fanout4566/X                             10     13     -3 (VIOLATED)
fanout4570/X                             10     13     -3 (VIOLATED)
fanout4578/X                             10     13     -3 (VIOLATED)
fanout458/X                              10     13     -3 (VIOLATED)
fanout4603/X                             10     13     -3 (VIOLATED)
fanout4612/X                             10     13     -3 (VIOLATED)
fanout4634/X                             10     13     -3 (VIOLATED)
fanout4646/X                             10     13     -3 (VIOLATED)
fanout4650/X                             10     13     -3 (VIOLATED)
fanout4655/X                             10     13     -3 (VIOLATED)
fanout4669/X                             10     13     -3 (VIOLATED)
fanout4670/X                             10     13     -3 (VIOLATED)
fanout4685/X                             10     13     -3 (VIOLATED)
fanout4714/X                             10     13     -3 (VIOLATED)
fanout4723/X                             10     13     -3 (VIOLATED)
fanout4727/X                             10     13     -3 (VIOLATED)
fanout4750/X                             10     13     -3 (VIOLATED)
fanout4758/X                             10     13     -3 (VIOLATED)
fanout4788/X                             10     13     -3 (VIOLATED)
fanout4793/X                             10     13     -3 (VIOLATED)
fanout4852/X                             10     13     -3 (VIOLATED)
fanout4874/X                             10     13     -3 (VIOLATED)
fanout488/X                              10     13     -3 (VIOLATED)
fanout4883/X                             10     13     -3 (VIOLATED)
fanout4900/X                             10     13     -3 (VIOLATED)
fanout4904/X                             10     13     -3 (VIOLATED)
fanout4944/X                             10     13     -3 (VIOLATED)
fanout4948/X                             10     13     -3 (VIOLATED)
fanout4949/X                             10     13     -3 (VIOLATED)
fanout4983/X                             10     13     -3 (VIOLATED)
fanout4995/X                             10     13     -3 (VIOLATED)
fanout5000/X                             10     13     -3 (VIOLATED)
fanout5059/X                             10     13     -3 (VIOLATED)
fanout5160/X                             10     13     -3 (VIOLATED)
fanout5220/X                             10     13     -3 (VIOLATED)
fanout5229/X                             10     13     -3 (VIOLATED)
fanout5235/X                             10     13     -3 (VIOLATED)
fanout5247/X                             10     13     -3 (VIOLATED)
fanout5264/X                             10     13     -3 (VIOLATED)
fanout5269/X                             10     13     -3 (VIOLATED)
fanout5278/X                             10     13     -3 (VIOLATED)
fanout5281/X                             10     13     -3 (VIOLATED)
fanout5282/X                             10     13     -3 (VIOLATED)
fanout5298/X                             10     13     -3 (VIOLATED)
fanout5331/X                             10     13     -3 (VIOLATED)
fanout5355/X                             10     13     -3 (VIOLATED)
fanout5357/X                             10     13     -3 (VIOLATED)
fanout5363/X                             10     13     -3 (VIOLATED)
fanout5369/X                             10     13     -3 (VIOLATED)
fanout5380/X                             10     13     -3 (VIOLATED)
fanout5390/X                             10     13     -3 (VIOLATED)
fanout5405/X                             10     13     -3 (VIOLATED)
fanout5415/X                             10     13     -3 (VIOLATED)
fanout5417/X                             10     13     -3 (VIOLATED)
fanout5436/X                             10     13     -3 (VIOLATED)
fanout5440/X                             10     13     -3 (VIOLATED)
fanout5460/X                             10     13     -3 (VIOLATED)
fanout5532/X                             10     13     -3 (VIOLATED)
fanout5646/X                             10     13     -3 (VIOLATED)
fanout5668/X                             10     13     -3 (VIOLATED)
fanout5680/X                             10     13     -3 (VIOLATED)
fanout5695/X                             10     13     -3 (VIOLATED)
fanout5752/X                             10     13     -3 (VIOLATED)
fanout5754/X                             10     13     -3 (VIOLATED)
fanout5849/X                             10     13     -3 (VIOLATED)
fanout5866/X                             10     13     -3 (VIOLATED)
fanout5879/X                             10     13     -3 (VIOLATED)
fanout590/X                              10     13     -3 (VIOLATED)
fanout592/X                              10     13     -3 (VIOLATED)
fanout5924/X                             10     13     -3 (VIOLATED)
fanout5928/X                             10     13     -3 (VIOLATED)
fanout594/X                              10     13     -3 (VIOLATED)
fanout5948/X                             10     13     -3 (VIOLATED)
fanout5985/X                             10     13     -3 (VIOLATED)
fanout6001/X                             10     13     -3 (VIOLATED)
fanout6010/X                             10     13     -3 (VIOLATED)
fanout605/X                              10     13     -3 (VIOLATED)
fanout6100/X                             10     13     -3 (VIOLATED)
fanout6108/X                             10     13     -3 (VIOLATED)
fanout6152/X                             10     13     -3 (VIOLATED)
fanout6159/X                             10     13     -3 (VIOLATED)
fanout6179/X                             10     13     -3 (VIOLATED)
fanout646/X                              10     13     -3 (VIOLATED)
fanout649/X                              10     13     -3 (VIOLATED)
fanout655/X                              10     13     -3 (VIOLATED)
fanout726/X                              10     13     -3 (VIOLATED)
fanout734/X                              10     13     -3 (VIOLATED)
fanout746/X                              10     13     -3 (VIOLATED)
fanout747/X                              10     13     -3 (VIOLATED)
fanout7691/X                             10     13     -3 (VIOLATED)
fanout7693/X                             10     13     -3 (VIOLATED)
fanout7711/X                             10     13     -3 (VIOLATED)
fanout7739/X                             10     13     -3 (VIOLATED)
fanout7762/X                             10     13     -3 (VIOLATED)
fanout778/X                              10     13     -3 (VIOLATED)
fanout7794/X                             10     13     -3 (VIOLATED)
fanout7832/X                             10     13     -3 (VIOLATED)
fanout7886/X                             10     13     -3 (VIOLATED)
fanout790/X                              10     13     -3 (VIOLATED)
fanout7936/X                             10     13     -3 (VIOLATED)
fanout7956/X                             10     13     -3 (VIOLATED)
fanout7974/X                             10     13     -3 (VIOLATED)
fanout7999/X                             10     13     -3 (VIOLATED)
fanout8037/X                             10     13     -3 (VIOLATED)
fanout8060/X                             10     13     -3 (VIOLATED)
fanout8103/X                             10     13     -3 (VIOLATED)
fanout8169/X                             10     13     -3 (VIOLATED)
fanout8188/X                             10     13     -3 (VIOLATED)
fanout8202/X                             10     13     -3 (VIOLATED)
fanout8327/X                             10     13     -3 (VIOLATED)
fanout8343/X                             10     13     -3 (VIOLATED)
fanout8357/X                             10     13     -3 (VIOLATED)
fanout8365/X                             10     13     -3 (VIOLATED)
fanout8390/X                             10     13     -3 (VIOLATED)
fanout8396/X                             10     13     -3 (VIOLATED)
fanout8412/X                             10     13     -3 (VIOLATED)
fanout8418/X                             10     13     -3 (VIOLATED)
fanout8452/X                             10     13     -3 (VIOLATED)
fanout8456/X                             10     13     -3 (VIOLATED)
fanout8459/X                             10     13     -3 (VIOLATED)
fanout8474/X                             10     13     -3 (VIOLATED)
fanout8484/X                             10     13     -3 (VIOLATED)
fanout8506/X                             10     13     -3 (VIOLATED)
fanout8579/X                             10     13     -3 (VIOLATED)
fanout8586/X                             10     13     -3 (VIOLATED)
fanout861/X                              10     13     -3 (VIOLATED)
fanout8621/X                             10     13     -3 (VIOLATED)
fanout8634/X                             10     13     -3 (VIOLATED)
fanout8645/X                             10     13     -3 (VIOLATED)
fanout8652/X                             10     13     -3 (VIOLATED)
fanout8654/X                             10     13     -3 (VIOLATED)
fanout8689/X                             10     13     -3 (VIOLATED)
fanout8695/X                             10     13     -3 (VIOLATED)
fanout8705/X                             10     13     -3 (VIOLATED)
fanout8737/X                             10     13     -3 (VIOLATED)
fanout8758/X                             10     13     -3 (VIOLATED)
fanout8789/X                             10     13     -3 (VIOLATED)
fanout8821/X                             10     13     -3 (VIOLATED)
fanout8824/X                             10     13     -3 (VIOLATED)
fanout8914/X                             10     13     -3 (VIOLATED)
fanout8935/X                             10     13     -3 (VIOLATED)
fanout8938/X                             10     13     -3 (VIOLATED)
fanout8940/X                             10     13     -3 (VIOLATED)
fanout8947/X                             10     13     -3 (VIOLATED)
fanout8976/X                             10     13     -3 (VIOLATED)
fanout9006/X                             10     13     -3 (VIOLATED)
fanout9007/X                             10     13     -3 (VIOLATED)
fanout9021/X                             10     13     -3 (VIOLATED)
fanout9070/X                             10     13     -3 (VIOLATED)
fanout9073/X                             10     13     -3 (VIOLATED)
fanout9141/X                             10     13     -3 (VIOLATED)
fanout9157/X                             10     13     -3 (VIOLATED)
fanout9171/X                             10     13     -3 (VIOLATED)
fanout9175/X                             10     13     -3 (VIOLATED)
fanout9184/X                             10     13     -3 (VIOLATED)
fanout9190/X                             10     13     -3 (VIOLATED)
fanout9230/X                             10     13     -3 (VIOLATED)
fanout9236/X                             10     13     -3 (VIOLATED)
fanout9272/X                             10     13     -3 (VIOLATED)
fanout9280/X                             10     13     -3 (VIOLATED)
fanout9323/X                             10     13     -3 (VIOLATED)
fanout9339/X                             10     13     -3 (VIOLATED)
fanout9343/X                             10     13     -3 (VIOLATED)
fanout9371/X                             10     13     -3 (VIOLATED)
fanout9383/X                             10     13     -3 (VIOLATED)
fanout9410/X                             10     13     -3 (VIOLATED)
fanout9535/X                             10     13     -3 (VIOLATED)
fanout9572/X                             10     13     -3 (VIOLATED)
fanout9596/X                             10     13     -3 (VIOLATED)
fanout9606/X                             10     13     -3 (VIOLATED)
fanout9649/X                             10     13     -3 (VIOLATED)
fanout9660/X                             10     13     -3 (VIOLATED)
fanout9691/X                             10     13     -3 (VIOLATED)
fanout9706/X                             10     13     -3 (VIOLATED)
fanout9709/X                             10     13     -3 (VIOLATED)
fanout9713/X                             10     13     -3 (VIOLATED)
fanout9729/X                             10     13     -3 (VIOLATED)
fanout979/X                              10     13     -3 (VIOLATED)
fanout9808/X                             10     13     -3 (VIOLATED)
fanout982/X                              10     13     -3 (VIOLATED)
fanout9838/X                             10     13     -3 (VIOLATED)
fanout9851/X                             10     13     -3 (VIOLATED)
fanout9856/X                             10     13     -3 (VIOLATED)
fanout9874/X                             10     13     -3 (VIOLATED)
fanout9884/X                             10     13     -3 (VIOLATED)
fanout9888/X                             10     13     -3 (VIOLATED)
fanout9894/X                             10     13     -3 (VIOLATED)
fanout9899/X                             10     13     -3 (VIOLATED)
fanout9912/X                             10     13     -3 (VIOLATED)
fanout9923/X                             10     13     -3 (VIOLATED)
fanout9959/X                             10     13     -3 (VIOLATED)
fanout9990/X                             10     13     -3 (VIOLATED)
hold10486/X                              10     13     -3 (VIOLATED)
hold10536/X                              10     13     -3 (VIOLATED)
hold10606/X                              10     13     -3 (VIOLATED)
hold10639/X                              10     13     -3 (VIOLATED)
hold10812/X                              10     13     -3 (VIOLATED)
hold10827/X                              10     13     -3 (VIOLATED)
hold11273/X                              10     13     -3 (VIOLATED)
hold11557/X                              10     13     -3 (VIOLATED)
hold11640/X                              10     13     -3 (VIOLATED)
hold11736/X                              10     13     -3 (VIOLATED)
hold11880/X                              10     13     -3 (VIOLATED)
hold11991/X                              10     13     -3 (VIOLATED)
hold12244/X                              10     13     -3 (VIOLATED)
hold12835/X                              10     13     -3 (VIOLATED)
hold12871/X                              10     13     -3 (VIOLATED)
hold13318/X                              10     13     -3 (VIOLATED)
hold13353/X                              10     13     -3 (VIOLATED)
hold13424/X                              10     13     -3 (VIOLATED)
hold13664/X                              10     13     -3 (VIOLATED)
hold14049/X                              10     13     -3 (VIOLATED)
hold14224/X                              10     13     -3 (VIOLATED)
hold14277/X                              10     13     -3 (VIOLATED)
hold14740/X                              10     13     -3 (VIOLATED)
hold14807/X                              10     13     -3 (VIOLATED)
hold14838/X                              10     13     -3 (VIOLATED)
hold14851/X                              10     13     -3 (VIOLATED)
hold14863/X                              10     13     -3 (VIOLATED)
hold14968/X                              10     13     -3 (VIOLATED)
hold14997/X                              10     13     -3 (VIOLATED)
hold15028/X                              10     13     -3 (VIOLATED)
hold15061/X                              10     13     -3 (VIOLATED)
hold15084/X                              10     13     -3 (VIOLATED)
hold15239/X                              10     13     -3 (VIOLATED)
hold15336/X                              10     13     -3 (VIOLATED)
hold15348/X                              10     13     -3 (VIOLATED)
hold15390/X                              10     13     -3 (VIOLATED)
hold15431/X                              10     13     -3 (VIOLATED)
hold15560/X                              10     13     -3 (VIOLATED)
hold15575/X                              10     13     -3 (VIOLATED)
hold15597/X                              10     13     -3 (VIOLATED)
hold15621/X                              10     13     -3 (VIOLATED)
hold15653/X                              10     13     -3 (VIOLATED)
hold15756/X                              10     13     -3 (VIOLATED)
hold15768/X                              10     13     -3 (VIOLATED)
hold15776/X                              10     13     -3 (VIOLATED)
hold15831/X                              10     13     -3 (VIOLATED)
hold15838/X                              10     13     -3 (VIOLATED)
hold15845/X                              10     13     -3 (VIOLATED)
hold16059/X                              10     13     -3 (VIOLATED)
hold16072/X                              10     13     -3 (VIOLATED)
hold16110/X                              10     13     -3 (VIOLATED)
hold16118/X                              10     13     -3 (VIOLATED)
hold16141/X                              10     13     -3 (VIOLATED)
hold16144/X                              10     13     -3 (VIOLATED)
hold16156/X                              10     13     -3 (VIOLATED)
hold16189/X                              10     13     -3 (VIOLATED)
hold16294/X                              10     13     -3 (VIOLATED)
hold16345/X                              10     13     -3 (VIOLATED)
hold16391/X                              10     13     -3 (VIOLATED)
hold16694/X                              10     13     -3 (VIOLATED)
hold16956/X                              10     13     -3 (VIOLATED)
hold17152/X                              10     13     -3 (VIOLATED)
hold17217/X                              10     13     -3 (VIOLATED)
hold17319/X                              10     13     -3 (VIOLATED)
hold17351/X                              10     13     -3 (VIOLATED)
hold17407/X                              10     13     -3 (VIOLATED)
hold17442/X                              10     13     -3 (VIOLATED)
hold17492/X                              10     13     -3 (VIOLATED)
hold17495/X                              10     13     -3 (VIOLATED)
hold17518/X                              10     13     -3 (VIOLATED)
hold17586/X                              10     13     -3 (VIOLATED)
hold17622/X                              10     13     -3 (VIOLATED)
hold17644/X                              10     13     -3 (VIOLATED)
hold17839/X                              10     13     -3 (VIOLATED)
hold17858/X                              10     13     -3 (VIOLATED)
hold17905/X                              10     13     -3 (VIOLATED)
hold17984/X                              10     13     -3 (VIOLATED)
hold18004/X                              10     13     -3 (VIOLATED)
hold18162/X                              10     13     -3 (VIOLATED)
hold18192/X                              10     13     -3 (VIOLATED)
hold18927/X                              10     13     -3 (VIOLATED)
hold23842/X                              10     13     -3 (VIOLATED)
hold24602/X                              10     13     -3 (VIOLATED)
hold24764/X                              10     13     -3 (VIOLATED)
hold25106/X                              10     13     -3 (VIOLATED)
hold25281/X                              10     13     -3 (VIOLATED)
hold25373/X                              10     13     -3 (VIOLATED)
hold25540/X                              10     13     -3 (VIOLATED)
hold25795/X                              10     13     -3 (VIOLATED)
hold25863/X                              10     13     -3 (VIOLATED)
hold25981/X                              10     13     -3 (VIOLATED)
hold26002/X                              10     13     -3 (VIOLATED)
hold26161/X                              10     13     -3 (VIOLATED)
hold26228/X                              10     13     -3 (VIOLATED)
hold26236/X                              10     13     -3 (VIOLATED)
hold26440/X                              10     13     -3 (VIOLATED)
hold26457/X                              10     13     -3 (VIOLATED)
hold26505/X                              10     13     -3 (VIOLATED)
hold26545/X                              10     13     -3 (VIOLATED)
hold26586/X                              10     13     -3 (VIOLATED)
hold26674/X                              10     13     -3 (VIOLATED)
hold26735/X                              10     13     -3 (VIOLATED)
hold26996/X                              10     13     -3 (VIOLATED)
hold27008/X                              10     13     -3 (VIOLATED)
hold27043/X                              10     13     -3 (VIOLATED)
hold27263/X                              10     13     -3 (VIOLATED)
hold27374/X                              10     13     -3 (VIOLATED)
hold27392/X                              10     13     -3 (VIOLATED)
hold27423/X                              10     13     -3 (VIOLATED)
hold27510/X                              10     13     -3 (VIOLATED)
hold27601/X                              10     13     -3 (VIOLATED)
hold27734/X                              10     13     -3 (VIOLATED)
hold27819/X                              10     13     -3 (VIOLATED)
hold27838/X                              10     13     -3 (VIOLATED)
hold28038/X                              10     13     -3 (VIOLATED)
hold28091/X                              10     13     -3 (VIOLATED)
hold28280/X                              10     13     -3 (VIOLATED)
hold28656/X                              10     13     -3 (VIOLATED)
hold28840/X                              10     13     -3 (VIOLATED)
hold28902/X                              10     13     -3 (VIOLATED)
hold29404/X                              10     13     -3 (VIOLATED)
hold29594/X                              10     13     -3 (VIOLATED)
hold30043/X                              10     13     -3 (VIOLATED)
hold30103/X                              10     13     -3 (VIOLATED)
hold30172/X                              10     13     -3 (VIOLATED)
hold303/X                                10     13     -3 (VIOLATED)
hold30333/X                              10     13     -3 (VIOLATED)
hold30391/X                              10     13     -3 (VIOLATED)
hold30424/X                              10     13     -3 (VIOLATED)
hold30504/X                              10     13     -3 (VIOLATED)
hold30639/X                              10     13     -3 (VIOLATED)
hold30782/X                              10     13     -3 (VIOLATED)
hold31309/X                              10     13     -3 (VIOLATED)
hold31643/X                              10     13     -3 (VIOLATED)
hold31701/X                              10     13     -3 (VIOLATED)
hold31849/X                              10     13     -3 (VIOLATED)
hold32094/X                              10     13     -3 (VIOLATED)
hold32107/X                              10     13     -3 (VIOLATED)
hold32241/X                              10     13     -3 (VIOLATED)
hold32410/X                              10     13     -3 (VIOLATED)
hold33160/X                              10     13     -3 (VIOLATED)
hold33407/X                              10     13     -3 (VIOLATED)
hold336/X                                10     13     -3 (VIOLATED)
hold342/X                                10     13     -3 (VIOLATED)
hold38255/X                              10     13     -3 (VIOLATED)
hold38336/X                              10     13     -3 (VIOLATED)
hold38339/X                              10     13     -3 (VIOLATED)
hold39333/X                              10     13     -3 (VIOLATED)
hold4677/X                               10     13     -3 (VIOLATED)
hold4750/X                               10     13     -3 (VIOLATED)
hold5017/X                               10     13     -3 (VIOLATED)
hold5562/X                               10     13     -3 (VIOLATED)
hold6126/X                               10     13     -3 (VIOLATED)
hold6602/X                               10     13     -3 (VIOLATED)
hold6747/X                               10     13     -3 (VIOLATED)
hold69/X                                 10     13     -3 (VIOLATED)
hold7709/X                               10     13     -3 (VIOLATED)
hold8139/X                               10     13     -3 (VIOLATED)
hold8257/X                               10     13     -3 (VIOLATED)
hold8471/X                               10     13     -3 (VIOLATED)
hold8863/X                               10     13     -3 (VIOLATED)
hold9293/X                               10     13     -3 (VIOLATED)
hold9347/X                               10     13     -3 (VIOLATED)
hold9374/X                               10     13     -3 (VIOLATED)
hold95/X                                 10     13     -3 (VIOLATED)
max_length10771/X                        10     13     -3 (VIOLATED)
max_length11210/X                        10     13     -3 (VIOLATED)
max_length11228/X                        10     13     -3 (VIOLATED)
max_length11353/X                        10     13     -3 (VIOLATED)
max_length11418/X                        10     13     -3 (VIOLATED)
max_length11457/X                        10     13     -3 (VIOLATED)
max_length11540/X                        10     13     -3 (VIOLATED)
max_length11892/X                        10     13     -3 (VIOLATED)
max_length2078/X                         10     13     -3 (VIOLATED)
max_length4254/X                         10     13     -3 (VIOLATED)
max_length4391/X                         10     13     -3 (VIOLATED)
max_length4972/X                         10     13     -3 (VIOLATED)
max_length5054/X                         10     13     -3 (VIOLATED)
max_length5192/X                         10     13     -3 (VIOLATED)
max_length5682/X                         10     13     -3 (VIOLATED)
wire10017/X                              10     13     -3 (VIOLATED)
wire10169/X                              10     13     -3 (VIOLATED)
wire10212/X                              10     13     -3 (VIOLATED)
wire10215/X                              10     13     -3 (VIOLATED)
wire10567/X                              10     13     -3 (VIOLATED)
wire10872/X                              10     13     -3 (VIOLATED)
wire11281/X                              10     13     -3 (VIOLATED)
wire11297/X                              10     13     -3 (VIOLATED)
wire11312/X                              10     13     -3 (VIOLATED)
wire11387/X                              10     13     -3 (VIOLATED)
wire11439/X                              10     13     -3 (VIOLATED)
wire11552/X                              10     13     -3 (VIOLATED)
wire11679/X                              10     13     -3 (VIOLATED)
wire11850/X                              10     13     -3 (VIOLATED)
wire11879/X                              10     13     -3 (VIOLATED)
wire11895/X                              10     13     -3 (VIOLATED)
wire11924/X                              10     13     -3 (VIOLATED)
wire1740/X                               10     13     -3 (VIOLATED)
wire1807/X                               10     13     -3 (VIOLATED)
wire1837/X                               10     13     -3 (VIOLATED)
wire1909/X                               10     13     -3 (VIOLATED)
wire2167/X                               10     13     -3 (VIOLATED)
wire2275/X                               10     13     -3 (VIOLATED)
wire2430/X                               10     13     -3 (VIOLATED)
wire2728/X                               10     13     -3 (VIOLATED)
wire2747/X                               10     13     -3 (VIOLATED)
wire2912/X                               10     13     -3 (VIOLATED)
wire3009/X                               10     13     -3 (VIOLATED)
wire3245/X                               10     13     -3 (VIOLATED)
wire3486/X                               10     13     -3 (VIOLATED)
wire349/X                                10     13     -3 (VIOLATED)
wire3714/X                               10     13     -3 (VIOLATED)
wire4194/X                               10     13     -3 (VIOLATED)
wire4210/X                               10     13     -3 (VIOLATED)
wire4342/X                               10     13     -3 (VIOLATED)
wire4360/X                               10     13     -3 (VIOLATED)
wire4469/X                               10     13     -3 (VIOLATED)
wire4618/X                               10     13     -3 (VIOLATED)
wire4765/X                               10     13     -3 (VIOLATED)
wire4814/X                               10     13     -3 (VIOLATED)
wire4817/X                               10     13     -3 (VIOLATED)
wire4820/X                               10     13     -3 (VIOLATED)
wire5024/X                               10     13     -3 (VIOLATED)
wire5091/X                               10     13     -3 (VIOLATED)
wire5101/X                               10     13     -3 (VIOLATED)
wire5214/X                               10     13     -3 (VIOLATED)
wire5344/X                               10     13     -3 (VIOLATED)
wire5466/X                               10     13     -3 (VIOLATED)
wire5571/X                               10     13     -3 (VIOLATED)
wire5638/X                               10     13     -3 (VIOLATED)
wire5642/X                               10     13     -3 (VIOLATED)
wire5729/X                               10     13     -3 (VIOLATED)
wire5739/X                               10     13     -3 (VIOLATED)
wire5756/X                               10     13     -3 (VIOLATED)
wire5763/X                               10     13     -3 (VIOLATED)
wire589/X                                10     13     -3 (VIOLATED)
wire5917/X                               10     13     -3 (VIOLATED)
wire5952/X                               10     13     -3 (VIOLATED)
wire6089/X                               10     13     -3 (VIOLATED)
wire6601/X                               10     13     -3 (VIOLATED)
wire6621/X                               10     13     -3 (VIOLATED)
wire710/X                                10     13     -3 (VIOLATED)
wire762/X                                10     13     -3 (VIOLATED)
wire7697/X                               10     13     -3 (VIOLATED)
wire7731/X                               10     13     -3 (VIOLATED)
wire7766/X                               10     13     -3 (VIOLATED)
wire7817/X                               10     13     -3 (VIOLATED)
wire8029/X                               10     13     -3 (VIOLATED)
wire8063/X                               10     13     -3 (VIOLATED)
wire8113/X                               10     13     -3 (VIOLATED)
wire8126/X                               10     13     -3 (VIOLATED)
wire8355/X                               10     13     -3 (VIOLATED)
wire8398/X                               10     13     -3 (VIOLATED)
wire8522/X                               10     13     -3 (VIOLATED)
wire8611/X                               10     13     -3 (VIOLATED)
wire8639/X                               10     13     -3 (VIOLATED)
wire8882/X                               10     13     -3 (VIOLATED)
wire897/X                                10     13     -3 (VIOLATED)
wire9292/X                               10     13     -3 (VIOLATED)
wire9332/X                               10     13     -3 (VIOLATED)
wire9366/X                               10     13     -3 (VIOLATED)
wire9413/X                               10     13     -3 (VIOLATED)
wire9610/X                               10     13     -3 (VIOLATED)
wire9715/X                               10     13     -3 (VIOLATED)
wire9789/X                               10     13     -3 (VIOLATED)
wire9902/X                               10     13     -3 (VIOLATED)
fanout1959/X                             10     12     -2 (VIOLATED)
fanout7685/X                             10     12     -2 (VIOLATED)
hold27533/X                              10     12     -2 (VIOLATED)
hold32283/X                              10     12     -2 (VIOLATED)
wire3345/X                               10     12     -2 (VIOLATED)
wire422/X                                10     12     -2 (VIOLATED)
wire6769/X                               10     12     -2 (VIOLATED)
wire9524/X                               10     12     -2 (VIOLATED)
wire9638/X                               10     12     -2 (VIOLATED)
_060714_/Y                               10     11        (VIOLATED)
_060718_/Y                               10     11        (VIOLATED)
_060737_/Y                               10     11        (VIOLATED)
_060738_/Y                               10     11        (VIOLATED)
_060757_/Y                               10     11        (VIOLATED)
_060933_/Y                               10     11        (VIOLATED)
_061291_/X                               10     11        (VIOLATED)
_061349_/Y                               10     11        (VIOLATED)
_061451_/Y                               10     11        (VIOLATED)
_061462_/Y                               10     11        (VIOLATED)
_061592_/Y                               10     11        (VIOLATED)
_062125_/X                               10     11        (VIOLATED)
_062233_/Y                               10     11        (VIOLATED)
_063033_/Y                               10     11        (VIOLATED)
_063044_/X                               10     11        (VIOLATED)
_063070_/Y                               10     11        (VIOLATED)
_063133_/X                               10     11        (VIOLATED)
_063240_/X                               10     11        (VIOLATED)
_063428_/Y                               10     11        (VIOLATED)
_063704_/Y                               10     11        (VIOLATED)
_063747_/Y                               10     11        (VIOLATED)
_063802_/Y                               10     11        (VIOLATED)
_063853_/Y                               10     11        (VIOLATED)
_064235_/X                               10     11        (VIOLATED)
_064391_/Y                               10     11        (VIOLATED)
_064616_/Y                               10     11        (VIOLATED)
_065401_/Y                               10     11        (VIOLATED)
_066138_/Y                               10     11        (VIOLATED)
_066655_/X                               10     11        (VIOLATED)
_067376_/Y                               10     11        (VIOLATED)
_067421_/X                               10     11        (VIOLATED)
_067714_/X                               10     11        (VIOLATED)
_068868_/Y                               10     11        (VIOLATED)
_069451_/Y                               10     11        (VIOLATED)
_069951_/Y                               10     11        (VIOLATED)
_070196_/Y                               10     11        (VIOLATED)
_070289_/Y                               10     11        (VIOLATED)
_070371_/Y                               10     11        (VIOLATED)
_071127_/Y                               10     11        (VIOLATED)
_071451_/Y                               10     11        (VIOLATED)
_072017_/Y                               10     11        (VIOLATED)
_072202_/Y                               10     11        (VIOLATED)
_072231_/Y                               10     11        (VIOLATED)
_072330_/X                               10     11        (VIOLATED)
_072523_/Y                               10     11        (VIOLATED)
_072618_/Y                               10     11        (VIOLATED)
_073378_/Y                               10     11        (VIOLATED)
_073744_/Y                               10     11        (VIOLATED)
_074034_/X                               10     11        (VIOLATED)
_074127_/Y                               10     11        (VIOLATED)
_074481_/Y                               10     11        (VIOLATED)
_074518_/Y                               10     11        (VIOLATED)
_074874_/Y                               10     11        (VIOLATED)
_075244_/Y                               10     11        (VIOLATED)
_076110_/X                               10     11        (VIOLATED)
_076206_/X                               10     11        (VIOLATED)
_076546_/Y                               10     11        (VIOLATED)
_078013_/Y                               10     11        (VIOLATED)
_078592_/Y                               10     11        (VIOLATED)
_079543_/Y                               10     11        (VIOLATED)
_079590_/X                               10     11        (VIOLATED)
_079698_/Y                               10     11        (VIOLATED)
_081192_/Y                               10     11        (VIOLATED)
_081514_/X                               10     11        (VIOLATED)
_081551_/Y                               10     11        (VIOLATED)
_081616_/X                               10     11        (VIOLATED)
_081944_/Y                               10     11        (VIOLATED)
_082320_/X                               10     11        (VIOLATED)
_082599_/X                               10     11        (VIOLATED)
_082656_/Y                               10     11        (VIOLATED)
_083080_/X                               10     11        (VIOLATED)
_083746_/Y                               10     11        (VIOLATED)
_083773_/X                               10     11        (VIOLATED)
_083775_/Y                               10     11        (VIOLATED)
_084242_/X                               10     11        (VIOLATED)
_084599_/Y                               10     11        (VIOLATED)
_084701_/Y                               10     11        (VIOLATED)
_085092_/X                               10     11        (VIOLATED)
_085479_/Y                               10     11        (VIOLATED)
_086429_/X                               10     11        (VIOLATED)
_086943_/X                               10     11        (VIOLATED)
_087050_/Y                               10     11        (VIOLATED)
_087496_/X                               10     11        (VIOLATED)
_087996_/X                               10     11        (VIOLATED)
_088005_/Y                               10     11        (VIOLATED)
_088682_/Y                               10     11        (VIOLATED)
_089115_/X                               10     11        (VIOLATED)
_089270_/Y                               10     11        (VIOLATED)
_089619_/Y                               10     11        (VIOLATED)
_089939_/X                               10     11        (VIOLATED)
_090683_/X                               10     11        (VIOLATED)
_090815_/Y                               10     11        (VIOLATED)
_090829_/Y                               10     11        (VIOLATED)
_091109_/X                               10     11        (VIOLATED)
_091118_/Y                               10     11        (VIOLATED)
_091660_/X                               10     11        (VIOLATED)
_092067_/X                               10     11        (VIOLATED)
_092203_/Y                               10     11        (VIOLATED)
_092310_/X                               10     11        (VIOLATED)
_092935_/Y                               10     11        (VIOLATED)
_093343_/Y                               10     11        (VIOLATED)
_093644_/X                               10     11        (VIOLATED)
_093692_/Y                               10     11        (VIOLATED)
_093742_/Y                               10     11        (VIOLATED)
_093780_/Y                               10     11        (VIOLATED)
_094070_/Y                               10     11        (VIOLATED)
_094130_/X                               10     11        (VIOLATED)
_094631_/Y                               10     11        (VIOLATED)
_094812_/X                               10     11        (VIOLATED)
_094843_/Y                               10     11        (VIOLATED)
_095051_/X                               10     11        (VIOLATED)
_095365_/X                               10     11        (VIOLATED)
_095449_/Y                               10     11        (VIOLATED)
_095498_/Y                               10     11        (VIOLATED)
_095662_/Y                               10     11        (VIOLATED)
_096100_/Y                               10     11        (VIOLATED)
_096226_/X                               10     11        (VIOLATED)
_096346_/Y                               10     11        (VIOLATED)
_096350_/Y                               10     11        (VIOLATED)
_096531_/X                               10     11        (VIOLATED)
_096771_/X                               10     11        (VIOLATED)
_096989_/Y                               10     11        (VIOLATED)
_097070_/Y                               10     11        (VIOLATED)
_097073_/Y                               10     11        (VIOLATED)
_097372_/Y                               10     11        (VIOLATED)
_098455_/Y                               10     11        (VIOLATED)
_098617_/Y                               10     11        (VIOLATED)
_098620_/X                               10     11        (VIOLATED)
_098839_/Y                               10     11        (VIOLATED)
_098864_/Y                               10     11        (VIOLATED)
_098875_/Y                               10     11        (VIOLATED)
_099208_/Y                               10     11        (VIOLATED)
_099647_/Y                               10     11        (VIOLATED)
_100225_/X                               10     11        (VIOLATED)
_100570_/X                               10     11        (VIOLATED)
_100594_/X                               10     11        (VIOLATED)
_100718_/Y                               10     11        (VIOLATED)
_101406_/X                               10     11        (VIOLATED)
_101458_/Y                               10     11        (VIOLATED)
_101627_/X                               10     11        (VIOLATED)
_101742_/X                               10     11        (VIOLATED)
_101967_/Y                               10     11        (VIOLATED)
_102051_/Y                               10     11        (VIOLATED)
_102169_/X                               10     11        (VIOLATED)
_102179_/X                               10     11        (VIOLATED)
_102262_/Y                               10     11        (VIOLATED)
_102283_/X                               10     11        (VIOLATED)
_102299_/Y                               10     11        (VIOLATED)
_102725_/Y                               10     11        (VIOLATED)
_102747_/X                               10     11        (VIOLATED)
_103320_/X                               10     11        (VIOLATED)
_103393_/Y                               10     11        (VIOLATED)
_103893_/X                               10     11        (VIOLATED)
_103902_/Y                               10     11        (VIOLATED)
_103905_/X                               10     11        (VIOLATED)
_104860_/Y                               10     11        (VIOLATED)
_105028_/X                               10     11        (VIOLATED)
_105928_/X                               10     11        (VIOLATED)
_106382_/Y                               10     11        (VIOLATED)
_106479_/X                               10     11        (VIOLATED)
_106677_/X                               10     11        (VIOLATED)
_107072_/X                               10     11        (VIOLATED)
_107194_/X                               10     11        (VIOLATED)
_107206_/X                               10     11        (VIOLATED)
_107249_/Y                               10     11        (VIOLATED)
_107282_/X                               10     11        (VIOLATED)
_108264_/Y                               10     11        (VIOLATED)
_109364_/Y                               10     11        (VIOLATED)
_109405_/Y                               10     11        (VIOLATED)
_109628_/X                               10     11        (VIOLATED)
_109681_/Y                               10     11        (VIOLATED)
_109709_/X                               10     11        (VIOLATED)
_109711_/Y                               10     11        (VIOLATED)
_109732_/X                               10     11        (VIOLATED)
_109820_/Y                               10     11        (VIOLATED)
_110174_/X                               10     11        (VIOLATED)
_110331_/X                               10     11        (VIOLATED)
_110688_/Y                               10     11        (VIOLATED)
_110751_/X                               10     11        (VIOLATED)
_112093_/Y                               10     11        (VIOLATED)
_112140_/X                               10     11        (VIOLATED)
_112173_/X                               10     11        (VIOLATED)
_112196_/X                               10     11        (VIOLATED)
_112212_/Y                               10     11        (VIOLATED)
_115104_/X                               10     11        (VIOLATED)
_121509_/Q                               10     11        (VIOLATED)
_122916_/Q                               10     11        (VIOLATED)
_123104_/Q                               10     11        (VIOLATED)
_123106_/Q                               10     11        (VIOLATED)
_127304_/Q                               10     11        (VIOLATED)
clkbuf_1_1_1_wb_clk_i/X                  10     11        (VIOLATED)
clkbuf_8_133__f_wb_clk_i/X               10     11        (VIOLATED)
clkbuf_8_169__f_wb_clk_i/X               10     11        (VIOLATED)
clkbuf_8_171__f_wb_clk_i/X               10     11        (VIOLATED)
clkbuf_8_172__f_wb_clk_i/X               10     11        (VIOLATED)
clkbuf_8_173__f_wb_clk_i/X               10     11        (VIOLATED)
clkbuf_8_190__f_wb_clk_i/X               10     11        (VIOLATED)
clkbuf_8_194__f_wb_clk_i/X               10     11        (VIOLATED)
clkbuf_8_196__f_wb_clk_i/X               10     11        (VIOLATED)
clkbuf_8_197__f_wb_clk_i/X               10     11        (VIOLATED)
clkbuf_8_209__f_wb_clk_i/X               10     11        (VIOLATED)
clkbuf_8_220__f_wb_clk_i/X               10     11        (VIOLATED)
clkbuf_8_221__f_wb_clk_i/X               10     11        (VIOLATED)
clkbuf_8_227__f_wb_clk_i/X               10     11        (VIOLATED)
clkbuf_8_229__f_wb_clk_i/X               10     11        (VIOLATED)
clkbuf_8_232__f_wb_clk_i/X               10     11        (VIOLATED)
clkbuf_8_233__f_wb_clk_i/X               10     11        (VIOLATED)
clkbuf_8_248__f_wb_clk_i/X               10     11        (VIOLATED)
clkbuf_8_250__f_wb_clk_i/X               10     11        (VIOLATED)
clkbuf_8_251__f_wb_clk_i/X               10     11        (VIOLATED)
clkbuf_8_62__f_wb_clk_i/X                10     11        (VIOLATED)
fanout10010/X                            10     11        (VIOLATED)
fanout10032/X                            10     11        (VIOLATED)
fanout10039/X                            10     11        (VIOLATED)
fanout10055/X                            10     11        (VIOLATED)
fanout10072/X                            10     11        (VIOLATED)
fanout10085/X                            10     11        (VIOLATED)
fanout10114/X                            10     11        (VIOLATED)
fanout10142/X                            10     11        (VIOLATED)
fanout10184/X                            10     11        (VIOLATED)
fanout10196/X                            10     11        (VIOLATED)
fanout10228/X                            10     11        (VIOLATED)
fanout10231/X                            10     11        (VIOLATED)
fanout10258/X                            10     11        (VIOLATED)
fanout10279/X                            10     11        (VIOLATED)
fanout10310/X                            10     11        (VIOLATED)
fanout10344/X                            10     11        (VIOLATED)
fanout10381/X                            10     11        (VIOLATED)
fanout10397/X                            10     11        (VIOLATED)
fanout10407/X                            10     11        (VIOLATED)
fanout10505/X                            10     11        (VIOLATED)
fanout10525/X                            10     11        (VIOLATED)
fanout10529/X                            10     11        (VIOLATED)
fanout10562/X                            10     11        (VIOLATED)
fanout10564/X                            10     11        (VIOLATED)
fanout10592/X                            10     11        (VIOLATED)
fanout10602/X                            10     11        (VIOLATED)
fanout10610/X                            10     11        (VIOLATED)
fanout10615/X                            10     11        (VIOLATED)
fanout10624/X                            10     11        (VIOLATED)
fanout10632/X                            10     11        (VIOLATED)
fanout10637/X                            10     11        (VIOLATED)
fanout10651/X                            10     11        (VIOLATED)
fanout10655/X                            10     11        (VIOLATED)
fanout10681/X                            10     11        (VIOLATED)
fanout10686/X                            10     11        (VIOLATED)
fanout10692/X                            10     11        (VIOLATED)
fanout10722/X                            10     11        (VIOLATED)
fanout10730/X                            10     11        (VIOLATED)
fanout10734/X                            10     11        (VIOLATED)
fanout10735/X                            10     11        (VIOLATED)
fanout10762/X                            10     11        (VIOLATED)
fanout10764/X                            10     11        (VIOLATED)
fanout10770/X                            10     11        (VIOLATED)
fanout10789/X                            10     11        (VIOLATED)
fanout10799/X                            10     11        (VIOLATED)
fanout10801/X                            10     11        (VIOLATED)
fanout10808/X                            10     11        (VIOLATED)
fanout10816/X                            10     11        (VIOLATED)
fanout10820/X                            10     11        (VIOLATED)
fanout10836/X                            10     11        (VIOLATED)
fanout10841/X                            10     11        (VIOLATED)
fanout10853/X                            10     11        (VIOLATED)
fanout10870/X                            10     11        (VIOLATED)
fanout10874/X                            10     11        (VIOLATED)
fanout10881/X                            10     11        (VIOLATED)
fanout10886/X                            10     11        (VIOLATED)
fanout10981/X                            10     11        (VIOLATED)
fanout10987/X                            10     11        (VIOLATED)
fanout10991/X                            10     11        (VIOLATED)
fanout11007/X                            10     11        (VIOLATED)
fanout11019/X                            10     11        (VIOLATED)
fanout11028/X                            10     11        (VIOLATED)
fanout11030/X                            10     11        (VIOLATED)
fanout11033/X                            10     11        (VIOLATED)
fanout11042/X                            10     11        (VIOLATED)
fanout11069/X                            10     11        (VIOLATED)
fanout11078/X                            10     11        (VIOLATED)
fanout11081/X                            10     11        (VIOLATED)
fanout11090/X                            10     11        (VIOLATED)
fanout11120/X                            10     11        (VIOLATED)
fanout11126/X                            10     11        (VIOLATED)
fanout11129/X                            10     11        (VIOLATED)
fanout11136/X                            10     11        (VIOLATED)
fanout11137/X                            10     11        (VIOLATED)
fanout11142/X                            10     11        (VIOLATED)
fanout11147/X                            10     11        (VIOLATED)
fanout11153/X                            10     11        (VIOLATED)
fanout11159/X                            10     11        (VIOLATED)
fanout11209/X                            10     11        (VIOLATED)
fanout11212/X                            10     11        (VIOLATED)
fanout11227/X                            10     11        (VIOLATED)
fanout11230/X                            10     11        (VIOLATED)
fanout11231/X                            10     11        (VIOLATED)
fanout11255/X                            10     11        (VIOLATED)
fanout11280/X                            10     11        (VIOLATED)
fanout11302/X                            10     11        (VIOLATED)
fanout11311/X                            10     11        (VIOLATED)
fanout11337/X                            10     11        (VIOLATED)
fanout11375/X                            10     11        (VIOLATED)
fanout11434/X                            10     11        (VIOLATED)
fanout11461/X                            10     11        (VIOLATED)
fanout11528/X                            10     11        (VIOLATED)
fanout11534/X                            10     11        (VIOLATED)
fanout11539/X                            10     11        (VIOLATED)
fanout11559/X                            10     11        (VIOLATED)
fanout11585/X                            10     11        (VIOLATED)
fanout11606/X                            10     11        (VIOLATED)
fanout11651/X                            10     11        (VIOLATED)
fanout11676/X                            10     11        (VIOLATED)
fanout11727/X                            10     11        (VIOLATED)
fanout11737/X                            10     11        (VIOLATED)
fanout11746/X                            10     11        (VIOLATED)
fanout11753/X                            10     11        (VIOLATED)
fanout11852/X                            10     11        (VIOLATED)
fanout11853/X                            10     11        (VIOLATED)
fanout11881/X                            10     11        (VIOLATED)
fanout11891/X                            10     11        (VIOLATED)
fanout11894/X                            10     11        (VIOLATED)
fanout11923/X                            10     11        (VIOLATED)
fanout11929/X                            10     11        (VIOLATED)
fanout1448/X                             10     11        (VIOLATED)
fanout1472/X                             10     11        (VIOLATED)
fanout1721/X                             10     11        (VIOLATED)
fanout1735/X                             10     11        (VIOLATED)
fanout1737/X                             10     11        (VIOLATED)
fanout1738/X                             10     11        (VIOLATED)
fanout1739/X                             10     11        (VIOLATED)
fanout1744/X                             10     11        (VIOLATED)
fanout1761/X                             10     11        (VIOLATED)
fanout1939/X                             10     11        (VIOLATED)
fanout1964/X                             10     11        (VIOLATED)
fanout2015/X                             10     11        (VIOLATED)
fanout2061/X                             10     11        (VIOLATED)
fanout214/X                              10     11        (VIOLATED)
fanout2265/X                             10     11        (VIOLATED)
fanout2285/X                             10     11        (VIOLATED)
fanout2289/X                             10     11        (VIOLATED)
fanout2309/X                             10     11        (VIOLATED)
fanout2410/X                             10     11        (VIOLATED)
fanout2468/X                             10     11        (VIOLATED)
fanout2588/X                             10     11        (VIOLATED)
fanout264/X                              10     11        (VIOLATED)
fanout272/X                              10     11        (VIOLATED)
fanout2730/X                             10     11        (VIOLATED)
fanout2832/X                             10     11        (VIOLATED)
fanout2871/X                             10     11        (VIOLATED)
fanout2936/X                             10     11        (VIOLATED)
fanout3083/X                             10     11        (VIOLATED)
fanout3165/X                             10     11        (VIOLATED)
fanout3265/X                             10     11        (VIOLATED)
fanout348/X                              10     11        (VIOLATED)
fanout3484/X                             10     11        (VIOLATED)
fanout3501/X                             10     11        (VIOLATED)
fanout351/X                              10     11        (VIOLATED)
fanout3510/X                             10     11        (VIOLATED)
fanout3521/X                             10     11        (VIOLATED)
fanout3527/X                             10     11        (VIOLATED)
fanout3530/X                             10     11        (VIOLATED)
fanout3541/X                             10     11        (VIOLATED)
fanout362/X                              10     11        (VIOLATED)
fanout363/X                              10     11        (VIOLATED)
fanout370/X                              10     11        (VIOLATED)
fanout390/X                              10     11        (VIOLATED)
fanout399/X                              10     11        (VIOLATED)
fanout405/X                              10     11        (VIOLATED)
fanout4057/X                             10     11        (VIOLATED)
fanout4058/X                             10     11        (VIOLATED)
fanout4062/X                             10     11        (VIOLATED)
fanout4063/X                             10     11        (VIOLATED)
fanout4097/X                             10     11        (VIOLATED)
fanout4098/X                             10     11        (VIOLATED)
fanout4107/X                             10     11        (VIOLATED)
fanout4109/X                             10     11        (VIOLATED)
fanout4138/X                             10     11        (VIOLATED)
fanout4144/X                             10     11        (VIOLATED)
fanout4153/X                             10     11        (VIOLATED)
fanout4155/X                             10     11        (VIOLATED)
fanout4185/X                             10     11        (VIOLATED)
fanout4193/X                             10     11        (VIOLATED)
fanout4201/X                             10     11        (VIOLATED)
fanout4208/X                             10     11        (VIOLATED)
fanout4214/X                             10     11        (VIOLATED)
fanout4230/X                             10     11        (VIOLATED)
fanout4234/X                             10     11        (VIOLATED)
fanout4237/X                             10     11        (VIOLATED)
fanout4280/X                             10     11        (VIOLATED)
fanout4322/X                             10     11        (VIOLATED)
fanout433/X                              10     11        (VIOLATED)
fanout4422/X                             10     11        (VIOLATED)
fanout4436/X                             10     11        (VIOLATED)
fanout4439/X                             10     11        (VIOLATED)
fanout4450/X                             10     11        (VIOLATED)
fanout4456/X                             10     11        (VIOLATED)
fanout4457/X                             10     11        (VIOLATED)
fanout4458/X                             10     11        (VIOLATED)
fanout4468/X                             10     11        (VIOLATED)
fanout4473/X                             10     11        (VIOLATED)
fanout4483/X                             10     11        (VIOLATED)
fanout4484/X                             10     11        (VIOLATED)
fanout4491/X                             10     11        (VIOLATED)
fanout4509/X                             10     11        (VIOLATED)
fanout4514/X                             10     11        (VIOLATED)
fanout4515/X                             10     11        (VIOLATED)
fanout4528/X                             10     11        (VIOLATED)
fanout4533/X                             10     11        (VIOLATED)
fanout4536/X                             10     11        (VIOLATED)
fanout4552/X                             10     11        (VIOLATED)
fanout4555/X                             10     11        (VIOLATED)
fanout4562/X                             10     11        (VIOLATED)
fanout457/X                              10     11        (VIOLATED)
fanout4576/X                             10     11        (VIOLATED)
fanout4581/X                             10     11        (VIOLATED)
fanout4582/X                             10     11        (VIOLATED)
fanout4591/X                             10     11        (VIOLATED)
fanout4594/X                             10     11        (VIOLATED)
fanout4596/X                             10     11        (VIOLATED)
fanout4607/X                             10     11        (VIOLATED)
fanout4631/X                             10     11        (VIOLATED)
fanout4651/X                             10     11        (VIOLATED)
fanout4657/X                             10     11        (VIOLATED)
fanout4671/X                             10     11        (VIOLATED)
fanout4675/X                             10     11        (VIOLATED)
fanout4677/X                             10     11        (VIOLATED)
fanout4698/X                             10     11        (VIOLATED)
fanout4699/X                             10     11        (VIOLATED)
fanout4701/X                             10     11        (VIOLATED)
fanout4704/X                             10     11        (VIOLATED)
fanout4709/X                             10     11        (VIOLATED)
fanout4755/X                             10     11        (VIOLATED)
fanout4770/X                             10     11        (VIOLATED)
fanout4804/X                             10     11        (VIOLATED)
fanout4851/X                             10     11        (VIOLATED)
fanout4868/X                             10     11        (VIOLATED)
fanout4873/X                             10     11        (VIOLATED)
fanout4876/X                             10     11        (VIOLATED)
fanout4902/X                             10     11        (VIOLATED)
fanout4903/X                             10     11        (VIOLATED)
fanout4922/X                             10     11        (VIOLATED)
fanout4925/X                             10     11        (VIOLATED)
fanout4929/X                             10     11        (VIOLATED)
fanout4981/X                             10     11        (VIOLATED)
fanout4996/X                             10     11        (VIOLATED)
fanout5004/X                             10     11        (VIOLATED)
fanout5023/X                             10     11        (VIOLATED)
fanout5058/X                             10     11        (VIOLATED)
fanout5061/X                             10     11        (VIOLATED)
fanout5066/X                             10     11        (VIOLATED)
fanout5095/X                             10     11        (VIOLATED)
fanout5100/X                             10     11        (VIOLATED)
fanout5102/X                             10     11        (VIOLATED)
fanout5200/X                             10     11        (VIOLATED)
fanout5208/X                             10     11        (VIOLATED)
fanout5210/X                             10     11        (VIOLATED)
fanout5212/X                             10     11        (VIOLATED)
fanout5228/X                             10     11        (VIOLATED)
fanout5241/X                             10     11        (VIOLATED)
fanout5243/X                             10     11        (VIOLATED)
fanout5251/X                             10     11        (VIOLATED)
fanout5256/X                             10     11        (VIOLATED)
fanout5259/X                             10     11        (VIOLATED)
fanout5260/X                             10     11        (VIOLATED)
fanout5272/X                             10     11        (VIOLATED)
fanout5296/X                             10     11        (VIOLATED)
fanout5306/X                             10     11        (VIOLATED)
fanout5307/X                             10     11        (VIOLATED)
fanout5323/X                             10     11        (VIOLATED)
fanout5332/X                             10     11        (VIOLATED)
fanout5337/X                             10     11        (VIOLATED)
fanout5370/X                             10     11        (VIOLATED)
fanout5401/X                             10     11        (VIOLATED)
fanout5407/X                             10     11        (VIOLATED)
fanout5419/X                             10     11        (VIOLATED)
fanout5421/X                             10     11        (VIOLATED)
fanout5422/X                             10     11        (VIOLATED)
fanout5430/X                             10     11        (VIOLATED)
fanout5431/X                             10     11        (VIOLATED)
fanout5433/X                             10     11        (VIOLATED)
fanout5437/X                             10     11        (VIOLATED)
fanout5464/X                             10     11        (VIOLATED)
fanout5475/X                             10     11        (VIOLATED)
fanout5476/X                             10     11        (VIOLATED)
fanout5512/X                             10     11        (VIOLATED)
fanout5515/X                             10     11        (VIOLATED)
fanout5535/X                             10     11        (VIOLATED)
fanout5570/X                             10     11        (VIOLATED)
fanout5601/X                             10     11        (VIOLATED)
fanout5605/X                             10     11        (VIOLATED)
fanout5622/X                             10     11        (VIOLATED)
fanout5653/X                             10     11        (VIOLATED)
fanout5703/X                             10     11        (VIOLATED)
fanout571/X                              10     11        (VIOLATED)
fanout5723/X                             10     11        (VIOLATED)
fanout574/X                              10     11        (VIOLATED)
fanout5743/X                             10     11        (VIOLATED)
fanout5762/X                             10     11        (VIOLATED)
fanout5863/X                             10     11        (VIOLATED)
fanout5876/X                             10     11        (VIOLATED)
fanout5887/X                             10     11        (VIOLATED)
fanout5888/X                             10     11        (VIOLATED)
fanout5890/X                             10     11        (VIOLATED)
fanout5998/X                             10     11        (VIOLATED)
fanout603/X                              10     11        (VIOLATED)
fanout6041/X                             10     11        (VIOLATED)
fanout6062/X                             10     11        (VIOLATED)
fanout6113/X                             10     11        (VIOLATED)
fanout6173/X                             10     11        (VIOLATED)
fanout622/X                              10     11        (VIOLATED)
fanout624/X                              10     11        (VIOLATED)
fanout625/X                              10     11        (VIOLATED)
fanout626/X                              10     11        (VIOLATED)
fanout698/X                              10     11        (VIOLATED)
fanout707/X                              10     11        (VIOLATED)
fanout709/X                              10     11        (VIOLATED)
fanout749/X                              10     11        (VIOLATED)
fanout761/X                              10     11        (VIOLATED)
fanout7701/X                             10     11        (VIOLATED)
fanout771/X                              10     11        (VIOLATED)
fanout772/X                              10     11        (VIOLATED)
fanout7730/X                             10     11        (VIOLATED)
fanout7737/X                             10     11        (VIOLATED)
fanout7746/X                             10     11        (VIOLATED)
fanout7749/X                             10     11        (VIOLATED)
fanout7790/X                             10     11        (VIOLATED)
fanout7796/X                             10     11        (VIOLATED)
fanout7803/X                             10     11        (VIOLATED)
fanout7975/X                             10     11        (VIOLATED)
fanout7989/X                             10     11        (VIOLATED)
fanout7995/X                             10     11        (VIOLATED)
fanout8021/X                             10     11        (VIOLATED)
fanout8059/X                             10     11        (VIOLATED)
fanout8065/X                             10     11        (VIOLATED)
fanout8076/X                             10     11        (VIOLATED)
fanout8089/X                             10     11        (VIOLATED)
fanout8115/X                             10     11        (VIOLATED)
fanout8140/X                             10     11        (VIOLATED)
fanout8180/X                             10     11        (VIOLATED)
fanout8198/X                             10     11        (VIOLATED)
fanout8201/X                             10     11        (VIOLATED)
fanout8213/X                             10     11        (VIOLATED)
fanout8220/X                             10     11        (VIOLATED)
fanout8277/X                             10     11        (VIOLATED)
fanout8284/X                             10     11        (VIOLATED)
fanout8348/X                             10     11        (VIOLATED)
fanout8407/X                             10     11        (VIOLATED)
fanout8450/X                             10     11        (VIOLATED)
fanout8470/X                             10     11        (VIOLATED)
fanout8516/X                             10     11        (VIOLATED)
fanout8576/X                             10     11        (VIOLATED)
fanout8614/X                             10     11        (VIOLATED)
fanout863/X                              10     11        (VIOLATED)
fanout8630/X                             10     11        (VIOLATED)
fanout8633/X                             10     11        (VIOLATED)
fanout8649/X                             10     11        (VIOLATED)
fanout8683/X                             10     11        (VIOLATED)
fanout8702/X                             10     11        (VIOLATED)
fanout8761/X                             10     11        (VIOLATED)
fanout8769/X                             10     11        (VIOLATED)
fanout877/X                              10     11        (VIOLATED)
fanout8784/X                             10     11        (VIOLATED)
fanout8823/X                             10     11        (VIOLATED)
fanout8844/X                             10     11        (VIOLATED)
fanout8866/X                             10     11        (VIOLATED)
fanout8913/X                             10     11        (VIOLATED)
fanout8917/X                             10     11        (VIOLATED)
fanout8926/X                             10     11        (VIOLATED)
fanout8932/X                             10     11        (VIOLATED)
fanout8964/X                             10     11        (VIOLATED)
fanout8972/X                             10     11        (VIOLATED)
fanout9003/X                             10     11        (VIOLATED)
fanout9062/X                             10     11        (VIOLATED)
fanout9142/X                             10     11        (VIOLATED)
fanout9145/X                             10     11        (VIOLATED)
fanout9244/X                             10     11        (VIOLATED)
fanout9270/X                             10     11        (VIOLATED)
fanout9286/X                             10     11        (VIOLATED)
fanout9329/X                             10     11        (VIOLATED)
fanout9373/X                             10     11        (VIOLATED)
fanout9386/X                             10     11        (VIOLATED)
fanout9396/X                             10     11        (VIOLATED)
fanout9412/X                             10     11        (VIOLATED)
fanout9417/X                             10     11        (VIOLATED)
fanout9425/X                             10     11        (VIOLATED)
fanout9485/X                             10     11        (VIOLATED)
fanout9559/X                             10     11        (VIOLATED)
fanout9612/X                             10     11        (VIOLATED)
fanout9618/X                             10     11        (VIOLATED)
fanout9619/X                             10     11        (VIOLATED)
fanout9631/X                             10     11        (VIOLATED)
fanout9672/X                             10     11        (VIOLATED)
fanout9716/X                             10     11        (VIOLATED)
fanout9752/X                             10     11        (VIOLATED)
fanout9782/X                             10     11        (VIOLATED)
fanout9787/X                             10     11        (VIOLATED)
fanout9862/X                             10     11        (VIOLATED)
fanout9868/X                             10     11        (VIOLATED)
fanout9869/X                             10     11        (VIOLATED)
fanout9989/X                             10     11        (VIOLATED)
hold10435/X                              10     11        (VIOLATED)
hold10520/X                              10     11        (VIOLATED)
hold10632/X                              10     11        (VIOLATED)
hold10900/X                              10     11        (VIOLATED)
hold10932/X                              10     11        (VIOLATED)
hold11129/X                              10     11        (VIOLATED)
hold112/X                                10     11        (VIOLATED)
hold11292/X                              10     11        (VIOLATED)
hold11858/X                              10     11        (VIOLATED)
hold11884/X                              10     11        (VIOLATED)
hold11980/X                              10     11        (VIOLATED)
hold1204/X                               10     11        (VIOLATED)
hold12210/X                              10     11        (VIOLATED)
hold12318/X                              10     11        (VIOLATED)
hold12332/X                              10     11        (VIOLATED)
hold12486/X                              10     11        (VIOLATED)
hold12510/X                              10     11        (VIOLATED)
hold12535/X                              10     11        (VIOLATED)
hold12776/X                              10     11        (VIOLATED)
hold12819/X                              10     11        (VIOLATED)
hold12973/X                              10     11        (VIOLATED)
hold13074/X                              10     11        (VIOLATED)
hold13118/X                              10     11        (VIOLATED)
hold13134/X                              10     11        (VIOLATED)
hold13153/X                              10     11        (VIOLATED)
hold13208/X                              10     11        (VIOLATED)
hold13265/X                              10     11        (VIOLATED)
hold13524/X                              10     11        (VIOLATED)
hold13686/X                              10     11        (VIOLATED)
hold13945/X                              10     11        (VIOLATED)
hold14086/X                              10     11        (VIOLATED)
hold14255/X                              10     11        (VIOLATED)
hold14595/X                              10     11        (VIOLATED)
hold14650/X                              10     11        (VIOLATED)
hold14835/X                              10     11        (VIOLATED)
hold14994/X                              10     11        (VIOLATED)
hold15021/X                              10     11        (VIOLATED)
hold15050/X                              10     11        (VIOLATED)
hold15192/X                              10     11        (VIOLATED)
hold15195/X                              10     11        (VIOLATED)
hold15226/X                              10     11        (VIOLATED)
hold15242/X                              10     11        (VIOLATED)
hold15246/X                              10     11        (VIOLATED)
hold15393/X                              10     11        (VIOLATED)
hold15426/X                              10     11        (VIOLATED)
hold15461/X                              10     11        (VIOLATED)
hold15495/X                              10     11        (VIOLATED)
hold15504/X                              10     11        (VIOLATED)
hold15507/X                              10     11        (VIOLATED)
hold15525/X                              10     11        (VIOLATED)
hold15545/X                              10     11        (VIOLATED)
hold15546/X                              10     11        (VIOLATED)
hold15559/X                              10     11        (VIOLATED)
hold15603/X                              10     11        (VIOLATED)
hold15640/X                              10     11        (VIOLATED)
hold15657/X                              10     11        (VIOLATED)
hold15701/X                              10     11        (VIOLATED)
hold15884/X                              10     11        (VIOLATED)
hold15910/X                              10     11        (VIOLATED)
hold15916/X                              10     11        (VIOLATED)
hold15969/X                              10     11        (VIOLATED)
hold15978/X                              10     11        (VIOLATED)
hold16008/X                              10     11        (VIOLATED)
hold16014/X                              10     11        (VIOLATED)
hold16015/X                              10     11        (VIOLATED)
hold16027/X                              10     11        (VIOLATED)
hold16046/X                              10     11        (VIOLATED)
hold16050/X                              10     11        (VIOLATED)
hold16063/X                              10     11        (VIOLATED)
hold16082/X                              10     11        (VIOLATED)
hold16104/X                              10     11        (VIOLATED)
hold16109/X                              10     11        (VIOLATED)
hold16122/X                              10     11        (VIOLATED)
hold16147/X                              10     11        (VIOLATED)
hold16219/X                              10     11        (VIOLATED)
hold16227/X                              10     11        (VIOLATED)
hold16287/X                              10     11        (VIOLATED)
hold16520/X                              10     11        (VIOLATED)
hold16537/X                              10     11        (VIOLATED)
hold16544/X                              10     11        (VIOLATED)
hold16564/X                              10     11        (VIOLATED)
hold16587/X                              10     11        (VIOLATED)
hold16650/X                              10     11        (VIOLATED)
hold16654/X                              10     11        (VIOLATED)
hold16713/X                              10     11        (VIOLATED)
hold16722/X                              10     11        (VIOLATED)
hold16755/X                              10     11        (VIOLATED)
hold16828/X                              10     11        (VIOLATED)
hold16878/X                              10     11        (VIOLATED)
hold16948/X                              10     11        (VIOLATED)
hold16952/X                              10     11        (VIOLATED)
hold16986/X                              10     11        (VIOLATED)
hold17015/X                              10     11        (VIOLATED)
hold17062/X                              10     11        (VIOLATED)
hold17109/X                              10     11        (VIOLATED)
hold17169/X                              10     11        (VIOLATED)
hold17177/X                              10     11        (VIOLATED)
hold17197/X                              10     11        (VIOLATED)
hold17213/X                              10     11        (VIOLATED)
hold17226/X                              10     11        (VIOLATED)
hold17247/X                              10     11        (VIOLATED)
hold17284/X                              10     11        (VIOLATED)
hold17332/X                              10     11        (VIOLATED)
hold17384/X                              10     11        (VIOLATED)
hold17387/X                              10     11        (VIOLATED)
hold17430/X                              10     11        (VIOLATED)
hold17506/X                              10     11        (VIOLATED)
hold17657/X                              10     11        (VIOLATED)
hold17682/X                              10     11        (VIOLATED)
hold17692/X                              10     11        (VIOLATED)
hold17726/X                              10     11        (VIOLATED)
hold17770/X                              10     11        (VIOLATED)
hold17806/X                              10     11        (VIOLATED)
hold17814/X                              10     11        (VIOLATED)
hold17867/X                              10     11        (VIOLATED)
hold17888/X                              10     11        (VIOLATED)
hold179/X                                10     11        (VIOLATED)
hold17903/X                              10     11        (VIOLATED)
hold17956/X                              10     11        (VIOLATED)
hold17991/X                              10     11        (VIOLATED)
hold17997/X                              10     11        (VIOLATED)
hold18000/X                              10     11        (VIOLATED)
hold18010/X                              10     11        (VIOLATED)
hold18026/X                              10     11        (VIOLATED)
hold18044/X                              10     11        (VIOLATED)
hold18051/X                              10     11        (VIOLATED)
hold18092/X                              10     11        (VIOLATED)
hold18115/X                              10     11        (VIOLATED)
hold18161/X                              10     11        (VIOLATED)
hold18515/X                              10     11        (VIOLATED)
hold18645/X                              10     11        (VIOLATED)
hold19003/X                              10     11        (VIOLATED)
hold19145/X                              10     11        (VIOLATED)
hold19307/X                              10     11        (VIOLATED)
hold19318/X                              10     11        (VIOLATED)
hold19900/X                              10     11        (VIOLATED)
hold20468/X                              10     11        (VIOLATED)
hold216/X                                10     11        (VIOLATED)
hold22267/X                              10     11        (VIOLATED)
hold223/X                                10     11        (VIOLATED)
hold236/X                                10     11        (VIOLATED)
hold23898/X                              10     11        (VIOLATED)
hold23997/X                              10     11        (VIOLATED)
hold24064/X                              10     11        (VIOLATED)
hold24271/X                              10     11        (VIOLATED)
hold243/X                                10     11        (VIOLATED)
hold24304/X                              10     11        (VIOLATED)
hold24324/X                              10     11        (VIOLATED)
hold24377/X                              10     11        (VIOLATED)
hold24407/X                              10     11        (VIOLATED)
hold24431/X                              10     11        (VIOLATED)
hold24446/X                              10     11        (VIOLATED)
hold24468/X                              10     11        (VIOLATED)
hold2450/X                               10     11        (VIOLATED)
hold24500/X                              10     11        (VIOLATED)
hold24555/X                              10     11        (VIOLATED)
hold24582/X                              10     11        (VIOLATED)
hold24594/X                              10     11        (VIOLATED)
hold24647/X                              10     11        (VIOLATED)
hold24655/X                              10     11        (VIOLATED)
hold24747/X                              10     11        (VIOLATED)
hold24759/X                              10     11        (VIOLATED)
hold24783/X                              10     11        (VIOLATED)
hold24815/X                              10     11        (VIOLATED)
hold24857/X                              10     11        (VIOLATED)
hold24948/X                              10     11        (VIOLATED)
hold24952/X                              10     11        (VIOLATED)
hold24956/X                              10     11        (VIOLATED)
hold24976/X                              10     11        (VIOLATED)
hold250/X                                10     11        (VIOLATED)
hold25027/X                              10     11        (VIOLATED)
hold25029/X                              10     11        (VIOLATED)
hold25058/X                              10     11        (VIOLATED)
hold25082/X                              10     11        (VIOLATED)
hold25098/X                              10     11        (VIOLATED)
hold25112/X                              10     11        (VIOLATED)
hold25120/X                              10     11        (VIOLATED)
hold25171/X                              10     11        (VIOLATED)
hold25255/X                              10     11        (VIOLATED)
hold25262/X                              10     11        (VIOLATED)
hold25270/X                              10     11        (VIOLATED)
hold25292/X                              10     11        (VIOLATED)
hold25300/X                              10     11        (VIOLATED)
hold25336/X                              10     11        (VIOLATED)
hold25427/X                              10     11        (VIOLATED)
hold25464/X                              10     11        (VIOLATED)
hold25492/X                              10     11        (VIOLATED)
hold25496/X                              10     11        (VIOLATED)
hold25544/X                              10     11        (VIOLATED)
hold25562/X                              10     11        (VIOLATED)
hold25618/X                              10     11        (VIOLATED)
hold25634/X                              10     11        (VIOLATED)
hold25638/X                              10     11        (VIOLATED)
hold25672/X                              10     11        (VIOLATED)
hold25686/X                              10     11        (VIOLATED)
hold25704/X                              10     11        (VIOLATED)
hold25723/X                              10     11        (VIOLATED)
hold25760/X                              10     11        (VIOLATED)
hold25770/X                              10     11        (VIOLATED)
hold25782/X                              10     11        (VIOLATED)
hold25826/X                              10     11        (VIOLATED)
hold25838/X                              10     11        (VIOLATED)
hold25859/X                              10     11        (VIOLATED)
hold25883/X                              10     11        (VIOLATED)
hold25906/X                              10     11        (VIOLATED)
hold25924/X                              10     11        (VIOLATED)
hold25969/X                              10     11        (VIOLATED)
hold25973/X                              10     11        (VIOLATED)
hold26013/X                              10     11        (VIOLATED)
hold26028/X                              10     11        (VIOLATED)
hold26057/X                              10     11        (VIOLATED)
hold26069/X                              10     11        (VIOLATED)
hold26073/X                              10     11        (VIOLATED)
hold26077/X                              10     11        (VIOLATED)
hold26080/X                              10     11        (VIOLATED)
hold26084/X                              10     11        (VIOLATED)
hold26087/X                              10     11        (VIOLATED)
hold26095/X                              10     11        (VIOLATED)
hold26129/X                              10     11        (VIOLATED)
hold26142/X                              10     11        (VIOLATED)
hold26174/X                              10     11        (VIOLATED)
hold2620/X                               10     11        (VIOLATED)
hold26217/X                              10     11        (VIOLATED)
hold26244/X                              10     11        (VIOLATED)
hold26257/X                              10     11        (VIOLATED)
hold26314/X                              10     11        (VIOLATED)
hold26330/X                              10     11        (VIOLATED)
hold26357/X                              10     11        (VIOLATED)
hold26395/X                              10     11        (VIOLATED)
hold26416/X                              10     11        (VIOLATED)
hold26420/X                              10     11        (VIOLATED)
hold26428/X                              10     11        (VIOLATED)
hold26448/X                              10     11        (VIOLATED)
hold26475/X                              10     11        (VIOLATED)
hold26479/X                              10     11        (VIOLATED)
hold26516/X                              10     11        (VIOLATED)
hold26537/X                              10     11        (VIOLATED)
hold26600/X                              10     11        (VIOLATED)
hold26631/X                              10     11        (VIOLATED)
hold26639/X                              10     11        (VIOLATED)
hold26643/X                              10     11        (VIOLATED)
hold26650/X                              10     11        (VIOLATED)
hold26653/X                              10     11        (VIOLATED)
hold26657/X                              10     11        (VIOLATED)
hold26661/X                              10     11        (VIOLATED)
hold26678/X                              10     11        (VIOLATED)
hold26682/X                              10     11        (VIOLATED)
hold26714/X                              10     11        (VIOLATED)
hold26728/X                              10     11        (VIOLATED)
hold26749/X                              10     11        (VIOLATED)
hold26753/X                              10     11        (VIOLATED)
hold26761/X                              10     11        (VIOLATED)
hold26793/X                              10     11        (VIOLATED)
hold26817/X                              10     11        (VIOLATED)
hold26833/X                              10     11        (VIOLATED)
hold26882/X                              10     11        (VIOLATED)
hold26925/X                              10     11        (VIOLATED)
hold26929/X                              10     11        (VIOLATED)
hold26937/X                              10     11        (VIOLATED)
hold26968/X                              10     11        (VIOLATED)
hold26978/X                              10     11        (VIOLATED)
hold26981/X                              10     11        (VIOLATED)
hold26988/X                              10     11        (VIOLATED)
hold27051/X                              10     11        (VIOLATED)
hold27105/X                              10     11        (VIOLATED)
hold27135/X                              10     11        (VIOLATED)
hold27139/X                              10     11        (VIOLATED)
hold27192/X                              10     11        (VIOLATED)
hold27205/X                              10     11        (VIOLATED)
hold27213/X                              10     11        (VIOLATED)
hold27231/X                              10     11        (VIOLATED)
hold27240/X                              10     11        (VIOLATED)
hold27259/X                              10     11        (VIOLATED)
hold27278/X                              10     11        (VIOLATED)
hold27310/X                              10     11        (VIOLATED)
hold27339/X                              10     11        (VIOLATED)
hold27382/X                              10     11        (VIOLATED)
hold27402/X                              10     11        (VIOLATED)
hold27406/X                              10     11        (VIOLATED)
hold27414/X                              10     11        (VIOLATED)
hold27440/X                              10     11        (VIOLATED)
hold27452/X                              10     11        (VIOLATED)
hold27460/X                              10     11        (VIOLATED)
hold27491/X                              10     11        (VIOLATED)
hold27494/X                              10     11        (VIOLATED)
hold27506/X                              10     11        (VIOLATED)
hold27549/X                              10     11        (VIOLATED)
hold27553/X                              10     11        (VIOLATED)
hold27587/X                              10     11        (VIOLATED)
hold27614/X                              10     11        (VIOLATED)
hold27652/X                              10     11        (VIOLATED)
hold27690/X                              10     11        (VIOLATED)
hold27773/X                              10     11        (VIOLATED)
hold27845/X                              10     11        (VIOLATED)
hold27902/X                              10     11        (VIOLATED)
hold27942/X                              10     11        (VIOLATED)
hold27983/X                              10     11        (VIOLATED)
hold2799/X                               10     11        (VIOLATED)
hold27994/X                              10     11        (VIOLATED)
hold28046/X                              10     11        (VIOLATED)
hold28054/X                              10     11        (VIOLATED)
hold28121/X                              10     11        (VIOLATED)
hold28132/X                              10     11        (VIOLATED)
hold28142/X                              10     11        (VIOLATED)
hold28206/X                              10     11        (VIOLATED)
hold28266/X                              10     11        (VIOLATED)
hold28323/X                              10     11        (VIOLATED)
hold28373/X                              10     11        (VIOLATED)
hold28398/X                              10     11        (VIOLATED)
hold28404/X                              10     11        (VIOLATED)
hold28438/X                              10     11        (VIOLATED)
hold2845/X                               10     11        (VIOLATED)
hold28565/X                              10     11        (VIOLATED)
hold28631/X                              10     11        (VIOLATED)
hold28719/X                              10     11        (VIOLATED)
hold28750/X                              10     11        (VIOLATED)
hold28756/X                              10     11        (VIOLATED)
hold28855/X                              10     11        (VIOLATED)
hold29021/X                              10     11        (VIOLATED)
hold29250/X                              10     11        (VIOLATED)
hold29256/X                              10     11        (VIOLATED)
hold294/X                                10     11        (VIOLATED)
hold29444/X                              10     11        (VIOLATED)
hold29461/X                              10     11        (VIOLATED)
hold29546/X                              10     11        (VIOLATED)
hold29577/X                              10     11        (VIOLATED)
hold29657/X                              10     11        (VIOLATED)
hold29736/X                              10     11        (VIOLATED)
hold29770/X                              10     11        (VIOLATED)
hold29789/X                              10     11        (VIOLATED)
hold29799/X                              10     11        (VIOLATED)
hold29839/X                              10     11        (VIOLATED)
hold29844/X                              10     11        (VIOLATED)
hold29854/X                              10     11        (VIOLATED)
hold29901/X                              10     11        (VIOLATED)
hold29913/X                              10     11        (VIOLATED)
hold29948/X                              10     11        (VIOLATED)
hold29960/X                              10     11        (VIOLATED)
hold29982/X                              10     11        (VIOLATED)
hold30014/X                              10     11        (VIOLATED)
hold30024/X                              10     11        (VIOLATED)
hold30029/X                              10     11        (VIOLATED)
hold30059/X                              10     11        (VIOLATED)
hold30087/X                              10     11        (VIOLATED)
hold30143/X                              10     11        (VIOLATED)
hold30162/X                              10     11        (VIOLATED)
hold30204/X                              10     11        (VIOLATED)
hold30233/X                              10     11        (VIOLATED)
hold30242/X                              10     11        (VIOLATED)
hold30268/X                              10     11        (VIOLATED)
hold30300/X                              10     11        (VIOLATED)
hold30322/X                              10     11        (VIOLATED)
hold30344/X                              10     11        (VIOLATED)
hold30354/X                              10     11        (VIOLATED)
hold30376/X                              10     11        (VIOLATED)
hold30385/X                              10     11        (VIOLATED)
hold30431/X                              10     11        (VIOLATED)
hold30437/X                              10     11        (VIOLATED)
hold30498/X                              10     11        (VIOLATED)
hold30517/X                              10     11        (VIOLATED)
hold30552/X                              10     11        (VIOLATED)
hold30568/X                              10     11        (VIOLATED)
hold30576/X                              10     11        (VIOLATED)
hold30621/X                              10     11        (VIOLATED)
hold30655/X                              10     11        (VIOLATED)
hold30677/X                              10     11        (VIOLATED)
hold30743/X                              10     11        (VIOLATED)
hold30750/X                              10     11        (VIOLATED)
hold30757/X                              10     11        (VIOLATED)
hold30761/X                              10     11        (VIOLATED)
hold30856/X                              10     11        (VIOLATED)
hold30933/X                              10     11        (VIOLATED)
hold30946/X                              10     11        (VIOLATED)
hold30993/X                              10     11        (VIOLATED)
hold31014/X                              10     11        (VIOLATED)
hold31069/X                              10     11        (VIOLATED)
hold31098/X                              10     11        (VIOLATED)
hold31118/X                              10     11        (VIOLATED)
hold31133/X                              10     11        (VIOLATED)
hold31222/X                              10     11        (VIOLATED)
hold31319/X                              10     11        (VIOLATED)
hold31443/X                              10     11        (VIOLATED)
hold31472/X                              10     11        (VIOLATED)
hold31504/X                              10     11        (VIOLATED)
hold31527/X                              10     11        (VIOLATED)
hold31541/X                              10     11        (VIOLATED)
hold31652/X                              10     11        (VIOLATED)
hold31657/X                              10     11        (VIOLATED)
hold31779/X                              10     11        (VIOLATED)
hold31889/X                              10     11        (VIOLATED)
hold31911/X                              10     11        (VIOLATED)
hold31922/X                              10     11        (VIOLATED)
hold32024/X                              10     11        (VIOLATED)
hold32194/X                              10     11        (VIOLATED)
hold32420/X                              10     11        (VIOLATED)
hold356/X                                10     11        (VIOLATED)
hold367/X                                10     11        (VIOLATED)
hold38290/X                              10     11        (VIOLATED)
hold38348/X                              10     11        (VIOLATED)
hold38665/X                              10     11        (VIOLATED)
hold39381/X                              10     11        (VIOLATED)
hold406/X                                10     11        (VIOLATED)
hold4492/X                               10     11        (VIOLATED)
hold4519/X                               10     11        (VIOLATED)
hold467/X                                10     11        (VIOLATED)
hold4865/X                               10     11        (VIOLATED)
hold511/X                                10     11        (VIOLATED)
hold5403/X                               10     11        (VIOLATED)
hold5492/X                               10     11        (VIOLATED)
hold7/X                                  10     11        (VIOLATED)
hold7015/X                               10     11        (VIOLATED)
hold7050/X                               10     11        (VIOLATED)
hold7347/X                               10     11        (VIOLATED)
hold7465/X                               10     11        (VIOLATED)
hold7526/X                               10     11        (VIOLATED)
hold756/X                                10     11        (VIOLATED)
hold7623/X                               10     11        (VIOLATED)
hold8110/X                               10     11        (VIOLATED)
hold8115/X                               10     11        (VIOLATED)
hold8385/X                               10     11        (VIOLATED)
hold8447/X                               10     11        (VIOLATED)
hold8516/X                               10     11        (VIOLATED)
hold8683/X                               10     11        (VIOLATED)
hold9528/X                               10     11        (VIOLATED)
hold9611/X                               10     11        (VIOLATED)
hold9701/X                               10     11        (VIOLATED)
hold9844/X                               10     11        (VIOLATED)
hold993/X                                10     11        (VIOLATED)
hold9993/X                               10     11        (VIOLATED)
max_length11373/X                        10     11        (VIOLATED)
max_length11492/X                        10     11        (VIOLATED)
max_length11715/X                        10     11        (VIOLATED)
max_length11732/X                        10     11        (VIOLATED)
max_length1452/X                         10     11        (VIOLATED)
max_length1931/X                         10     11        (VIOLATED)
max_length2021/X                         10     11        (VIOLATED)
max_length2288/X                         10     11        (VIOLATED)
max_length2605/X                         10     11        (VIOLATED)
max_length2671/X                         10     11        (VIOLATED)
max_length3568/X                         10     11        (VIOLATED)
max_length4282/X                         10     11        (VIOLATED)
max_length4681/X                         10     11        (VIOLATED)
max_length5035/X                         10     11        (VIOLATED)
max_length5651/X                         10     11        (VIOLATED)
max_length5669/X                         10     11        (VIOLATED)
max_length5734/X                         10     11        (VIOLATED)
max_length5745/X                         10     11        (VIOLATED)
max_length5751/X                         10     11        (VIOLATED)
max_length735/X                          10     11        (VIOLATED)
max_length7795/X                         10     11        (VIOLATED)
wire10097/X                              10     11        (VIOLATED)
wire10166/X                              10     11        (VIOLATED)
wire10912/X                              10     11        (VIOLATED)
wire11341/X                              10     11        (VIOLATED)
wire11509/X                              10     11        (VIOLATED)
wire11618/X                              10     11        (VIOLATED)
wire11647/X                              10     11        (VIOLATED)
wire11657/X                              10     11        (VIOLATED)
wire11742/X                              10     11        (VIOLATED)
wire11754/X                              10     11        (VIOLATED)
wire11790/X                              10     11        (VIOLATED)
wire11803/X                              10     11        (VIOLATED)
wire11826/X                              10     11        (VIOLATED)
wire11837/X                              10     11        (VIOLATED)
wire11867/X                              10     11        (VIOLATED)
wire11980/X                              10     11        (VIOLATED)
wire12004/X                              10     11        (VIOLATED)
wire1287/X                               10     11        (VIOLATED)
wire1296/X                               10     11        (VIOLATED)
wire1828/X                               10     11        (VIOLATED)
wire1878/X                               10     11        (VIOLATED)
wire1898/X                               10     11        (VIOLATED)
wire1922/X                               10     11        (VIOLATED)
wire195/X                                10     11        (VIOLATED)
wire1991/X                               10     11        (VIOLATED)
wire2001/X                               10     11        (VIOLATED)
wire2037/X                               10     11        (VIOLATED)
wire2106/X                               10     11        (VIOLATED)
wire2135/X                               10     11        (VIOLATED)
wire216/X                                10     11        (VIOLATED)
wire2190/X                               10     11        (VIOLATED)
wire2267/X                               10     11        (VIOLATED)
wire2384/X                               10     11        (VIOLATED)
wire2415/X                               10     11        (VIOLATED)
wire2454/X                               10     11        (VIOLATED)
wire2513/X                               10     11        (VIOLATED)
wire2528/X                               10     11        (VIOLATED)
wire2532/X                               10     11        (VIOLATED)
wire2547/X                               10     11        (VIOLATED)
wire2572/X                               10     11        (VIOLATED)
wire2629/X                               10     11        (VIOLATED)
wire2646/X                               10     11        (VIOLATED)
wire2664/X                               10     11        (VIOLATED)
wire2701/X                               10     11        (VIOLATED)
wire2732/X                               10     11        (VIOLATED)
wire2814/X                               10     11        (VIOLATED)
wire2923/X                               10     11        (VIOLATED)
wire3026/X                               10     11        (VIOLATED)
wire3046/X                               10     11        (VIOLATED)
wire3081/X                               10     11        (VIOLATED)
wire3118/X                               10     11        (VIOLATED)
wire3211/X                               10     11        (VIOLATED)
wire3256/X                               10     11        (VIOLATED)
wire3264/X                               10     11        (VIOLATED)
wire3275/X                               10     11        (VIOLATED)
wire3386/X                               10     11        (VIOLATED)
wire3551/X                               10     11        (VIOLATED)
wire3556/X                               10     11        (VIOLATED)
wire3592/X                               10     11        (VIOLATED)
wire3598/X                               10     11        (VIOLATED)
wire3600/X                               10     11        (VIOLATED)
wire3770/X                               10     11        (VIOLATED)
wire4264/X                               10     11        (VIOLATED)
wire4320/X                               10     11        (VIOLATED)
wire4358/X                               10     11        (VIOLATED)
wire4636/X                               10     11        (VIOLATED)
wire4688/X                               10     11        (VIOLATED)
wire4865/X                               10     11        (VIOLATED)
wire4896/X                               10     11        (VIOLATED)
wire4899/X                               10     11        (VIOLATED)
wire5012/X                               10     11        (VIOLATED)
wire5013/X                               10     11        (VIOLATED)
wire5093/X                               10     11        (VIOLATED)
wire5146/X                               10     11        (VIOLATED)
wire5151/X                               10     11        (VIOLATED)
wire527/X                                10     11        (VIOLATED)
wire5399/X                               10     11        (VIOLATED)
wire5452/X                               10     11        (VIOLATED)
wire5652/X                               10     11        (VIOLATED)
wire5672/X                               10     11        (VIOLATED)
wire5678/X                               10     11        (VIOLATED)
wire5753/X                               10     11        (VIOLATED)
wire5925/X                               10     11        (VIOLATED)
wire5929/X                               10     11        (VIOLATED)
wire6086/X                               10     11        (VIOLATED)
wire6092/X                               10     11        (VIOLATED)
wire6906/X                               10     11        (VIOLATED)
wire700/X                                10     11        (VIOLATED)
wire7692/X                               10     11        (VIOLATED)
wire7729/X                               10     11        (VIOLATED)
wire7740/X                               10     11        (VIOLATED)
wire7743/X                               10     11        (VIOLATED)
wire7763/X                               10     11        (VIOLATED)
wire7771/X                               10     11        (VIOLATED)
wire7798/X                               10     11        (VIOLATED)
wire7843/X                               10     11        (VIOLATED)
wire8082/X                               10     11        (VIOLATED)
wire8208/X                               10     11        (VIOLATED)
wire8211/X                               10     11        (VIOLATED)
wire8222/X                               10     11        (VIOLATED)
wire8363/X                               10     11        (VIOLATED)
wire8404/X                               10     11        (VIOLATED)
wire8440/X                               10     11        (VIOLATED)
wire8454/X                               10     11        (VIOLATED)
wire8492/X                               10     11        (VIOLATED)
wire8627/X                               10     11        (VIOLATED)
wire865/X                                10     11        (VIOLATED)
wire8892/X                               10     11        (VIOLATED)
wire9078/X                               10     11        (VIOLATED)
wire9155/X                               10     11        (VIOLATED)
wire917/X                                10     11        (VIOLATED)
wire9314/X                               10     11        (VIOLATED)
wire9327/X                               10     11        (VIOLATED)
wire9345/X                               10     11        (VIOLATED)
wire9483/X                               10     11        (VIOLATED)
wire9557/X                               10     11        (VIOLATED)
wire9561/X                               10     11        (VIOLATED)
wire9574/X                               10     11        (VIOLATED)
wire9772/X                               10     11        (VIOLATED)
wire9870/X                               10     11        (VIOLATED)
wire9895/X                               10     11        (VIOLATED)
wire9910/X                               10     11        (VIOLATED)
wire9914/X                               10     11        (VIOLATED)
wire9961/X                               10     11        (VIOLATED)

max capacitance

Pin                                        Limit         Cap       Slack
------------------------------------------------------------------------
_113464_/X                              0.185862    0.259158   -0.073296 (VIOLATED)
_113266_/X                              0.185862    0.238350   -0.052488 (VIOLATED)
hold17087/X                             0.100718    0.152896   -0.052178 (VIOLATED)
hold17128/X                             0.100718    0.152273   -0.051555 (VIOLATED)
wire3108/X                              0.181284    0.224403   -0.043119 (VIOLATED)
hold15011/X                             0.100718    0.142935   -0.042217 (VIOLATED)
hold18656/X                             0.100718    0.142373   -0.041655 (VIOLATED)
hold294/X                               0.100718    0.139896   -0.039178 (VIOLATED)
hold32087/X                             0.100718    0.137139   -0.036421 (VIOLATED)
_113952_/X                              0.187693    0.223543   -0.035850 (VIOLATED)
hold54/X                                0.100718    0.133860   -0.033142 (VIOLATED)
hold14627/X                             0.100718    0.131592   -0.030874 (VIOLATED)
wire5809/X                              0.181284    0.209551   -0.028267 (VIOLATED)
wire6601/X                              0.181284    0.209053   -0.027769 (VIOLATED)
hold8938/X                              0.100718    0.128187   -0.027469 (VIOLATED)
hold1174/X                              0.100718    0.127056   -0.026338 (VIOLATED)
wire3660/X                              0.181284    0.205103   -0.023819 (VIOLATED)
hold17775/X                             0.100718    0.124369   -0.023651 (VIOLATED)
hold11880/X                             0.100718    0.122793   -0.022075 (VIOLATED)
hold18584/X                             0.100718    0.122682   -0.021964 (VIOLATED)
hold15786/X                             0.100718    0.121458   -0.020740 (VIOLATED)
wire6774/X                              0.181284    0.201765   -0.020481 (VIOLATED)
hold17184/X                             0.100718    0.119865   -0.019147 (VIOLATED)
hold16350/X                             0.100718    0.118565   -0.017847 (VIOLATED)
hold112/X                               0.100718    0.117834   -0.017116 (VIOLATED)
hold17909/X                             0.100718    0.117610   -0.016892 (VIOLATED)
hold17507/X                             0.100718    0.117269   -0.016551 (VIOLATED)
hold15853/X                             0.100718    0.117112   -0.016394 (VIOLATED)
hold95/X                                0.100718    0.116776   -0.016058 (VIOLATED)
hold18089/X                             0.100718    0.116477   -0.015759 (VIOLATED)
hold17793/X                             0.100718    0.116438   -0.015720 (VIOLATED)
hold17193/X                             0.100718    0.116431   -0.015713 (VIOLATED)
wire3664/X                              0.181284    0.196364   -0.015080 (VIOLATED)
hold10870/X                             0.100718    0.115192   -0.014474 (VIOLATED)
hold14930/X                             0.100718    0.115184   -0.014466 (VIOLATED)
_102038_/Y                              0.054942    0.069093   -0.014151 (VIOLATED)
hold16376/X                             0.100718    0.114853   -0.014135 (VIOLATED)
hold16454/X                             0.100718    0.114835   -0.014117 (VIOLATED)
hold15857/X                             0.100718    0.114247   -0.013529 (VIOLATED)
hold16808/X                             0.100718    0.113940   -0.013222 (VIOLATED)
hold16849/X                             0.100718    0.113380   -0.012662 (VIOLATED)
hold15302/X                             0.100718    0.112796   -0.012078 (VIOLATED)
hold17303/X                             0.100718    0.111749   -0.011031 (VIOLATED)
hold14022/X                             0.100718    0.111310   -0.010592 (VIOLATED)
hold28081/X                             0.100718    0.110768   -0.010050 (VIOLATED)
hold13865/X                             0.100718    0.110754   -0.010036 (VIOLATED)
hold7139/X                              0.100718    0.109936   -0.009218 (VIOLATED)
hold16231/X                             0.100718    0.109491   -0.008773 (VIOLATED)
hold17540/X                             0.100718    0.109119   -0.008401 (VIOLATED)
hold15028/X                             0.100718    0.108694   -0.007976 (VIOLATED)
hold17004/X                             0.100718    0.108485   -0.007767 (VIOLATED)
hold15232/X                             0.100718    0.108474   -0.007756 (VIOLATED)
hold17323/X                             0.100718    0.108202   -0.007484 (VIOLATED)
hold18065/X                             0.100718    0.108064   -0.007346 (VIOLATED)
hold17636/X                             0.100718    0.108022   -0.007304 (VIOLATED)
wire2998/X                              0.181284    0.188315   -0.007031 (VIOLATED)
hold18047/X                             0.100718    0.107209   -0.006491 (VIOLATED)
hold16438/X                             0.100718    0.106124   -0.005406 (VIOLATED)
hold8531/X                              0.100718    0.106035   -0.005317 (VIOLATED)
hold12918/X                             0.100718    0.105850   -0.005132 (VIOLATED)
hold29246/X                             0.100718    0.105717   -0.004999 (VIOLATED)
hold25/X                                0.100718    0.104705   -0.003987 (VIOLATED)
_082872_/Y                              0.086070    0.089991   -0.003921 (VIOLATED)
hold17605/X                             0.100718    0.104571   -0.003853 (VIOLATED)
hold14034/X                             0.100718    0.104047   -0.003329 (VIOLATED)
hold16903/X                             0.100718    0.103712   -0.002994 (VIOLATED)
hold14882/X                             0.100718    0.103662   -0.002944 (VIOLATED)
hold15740/X                             0.100718    0.103612   -0.002894 (VIOLATED)
hold16866/X                             0.100718    0.103244   -0.002526 (VIOLATED)
hold16730/X                             0.100718    0.102970   -0.002252 (VIOLATED)
hold15999/X                             0.100718    0.102844   -0.002126 (VIOLATED)
hold17722/X                             0.100718    0.102454   -0.001736 (VIOLATED)
hold17578/X                             0.100718    0.102181   -0.001463 (VIOLATED)
hold16323/X                             0.100718    0.101983   -0.001265 (VIOLATED)
_113194_/X                              0.187693    0.188793   -0.001100 (VIOLATED)
hold15243/X                             0.100718    0.101662   -0.000944 (VIOLATED)
hold17839/X                             0.100718    0.101602   -0.000884 (VIOLATED)
hold16442/X                             0.100718    0.101583   -0.000865 (VIOLATED)
hold16977/X                             0.100718    0.101526   -0.000808 (VIOLATED)
_113942_/X                              0.187693    0.188014   -0.000321 (VIOLATED)



===========================================================================
report_parasitic_annotation -report_unannotated
============================================================================
Found 2074 unannotated drivers.
 analog_io[14]
 analog_io[15]
 analog_io[16]
 analog_io[17]
 analog_io[18]
 analog_io[19]
 analog_io[20]
 analog_io[21]
 analog_io[22]
 analog_io[23]
 analog_io[24]
 analog_io[25]
 analog_io[26]
 analog_io[27]
 analog_io[28]
 analog_io[4]
 io_in[0]
 io_in[10]
 io_in[11]
 io_in[12]
 io_in[13]
 io_in[14]
 io_in[15]
 io_in[16]
 io_in[17]
 io_in[18]
 io_in[19]
 io_in[1]
 io_in[20]
 io_in[21]
 io_in[23]
 io_in[27]
 io_in[28]
 io_in[29]
 io_in[2]
 io_in[30]
 io_in[31]
 io_in[32]
 io_in[33]
 io_in[34]
 io_in[35]
 io_in[36]
 io_in[37]
 io_in[3]
 io_in[4]
 io_in[5]
 io_in[6]
 io_in[7]
 io_in[8]
 io_in[9]
 la_data_in[0]
 la_data_in[100]
 la_data_in[101]
 la_data_in[102]
 la_data_in[103]
 la_data_in[104]
 la_data_in[105]
 la_data_in[106]
 la_data_in[107]
 la_data_in[108]
 la_data_in[109]
 la_data_in[10]
 la_data_in[110]
 la_data_in[111]
 la_data_in[112]
 la_data_in[113]
 la_data_in[114]
 la_data_in[115]
 la_data_in[116]
 la_data_in[117]
 la_data_in[118]
 la_data_in[119]
 la_data_in[11]
 la_data_in[120]
 la_data_in[121]
 la_data_in[122]
 la_data_in[123]
 la_data_in[124]
 la_data_in[125]
 la_data_in[126]
 la_data_in[127]
 la_data_in[12]
 la_data_in[13]
 la_data_in[14]
 la_data_in[15]
 la_data_in[16]
 la_data_in[17]
 la_data_in[18]
 la_data_in[19]
 la_data_in[1]
 la_data_in[20]
 la_data_in[21]
 la_data_in[22]
 la_data_in[23]
 la_data_in[24]
 la_data_in[25]
 la_data_in[26]
 la_data_in[27]
 la_data_in[28]
 la_data_in[29]
 la_data_in[2]
 la_data_in[30]
 la_data_in[31]
 la_data_in[32]
 la_data_in[33]
 la_data_in[34]
 la_data_in[35]
 la_data_in[36]
 la_data_in[37]
 la_data_in[38]
 la_data_in[39]
 la_data_in[3]
 la_data_in[40]
 la_data_in[41]
 la_data_in[42]
 la_data_in[43]
 la_data_in[44]
 la_data_in[45]
 la_data_in[46]
 la_data_in[47]
 la_data_in[48]
 la_data_in[49]
 la_data_in[4]
 la_data_in[50]
 la_data_in[51]
 la_data_in[52]
 la_data_in[53]
 la_data_in[54]
 la_data_in[55]
 la_data_in[56]
 la_data_in[57]
 la_data_in[58]
 la_data_in[59]
 la_data_in[5]
 la_data_in[60]
 la_data_in[61]
 la_data_in[62]
 la_data_in[63]
 la_data_in[64]
 la_data_in[65]
 la_data_in[66]
 la_data_in[67]
 la_data_in[68]
 la_data_in[69]
 la_data_in[6]
 la_data_in[70]
 la_data_in[71]
 la_data_in[72]
 la_data_in[73]
 la_data_in[74]
 la_data_in[75]
 la_data_in[76]
 la_data_in[77]
 la_data_in[78]
 la_data_in[79]
 la_data_in[7]
 la_data_in[80]
 la_data_in[81]
 la_data_in[82]
 la_data_in[83]
 la_data_in[84]
 la_data_in[85]
 la_data_in[86]
 la_data_in[87]
 la_data_in[88]
 la_data_in[89]
 la_data_in[8]
 la_data_in[90]
 la_data_in[91]
 la_data_in[92]
 la_data_in[93]
 la_data_in[94]
 la_data_in[95]
 la_data_in[96]
 la_data_in[97]
 la_data_in[98]
 la_data_in[99]
 la_data_in[9]
 la_oenb[0]
 la_oenb[100]
 la_oenb[101]
 la_oenb[102]
 la_oenb[103]
 la_oenb[104]
 la_oenb[105]
 la_oenb[106]
 la_oenb[107]
 la_oenb[108]
 la_oenb[109]
 la_oenb[10]
 la_oenb[110]
 la_oenb[111]
 la_oenb[112]
 la_oenb[113]
 la_oenb[114]
 la_oenb[115]
 la_oenb[116]
 la_oenb[117]
 la_oenb[118]
 la_oenb[119]
 la_oenb[11]
 la_oenb[120]
 la_oenb[121]
 la_oenb[122]
 la_oenb[123]
 la_oenb[124]
 la_oenb[125]
 la_oenb[126]
 la_oenb[127]
 la_oenb[12]
 la_oenb[13]
 la_oenb[14]
 la_oenb[15]
 la_oenb[16]
 la_oenb[17]
 la_oenb[18]
 la_oenb[19]
 la_oenb[1]
 la_oenb[20]
 la_oenb[21]
 la_oenb[22]
 la_oenb[23]
 la_oenb[24]
 la_oenb[25]
 la_oenb[26]
 la_oenb[27]
 la_oenb[28]
 la_oenb[29]
 la_oenb[2]
 la_oenb[30]
 la_oenb[31]
 la_oenb[32]
 la_oenb[33]
 la_oenb[34]
 la_oenb[35]
 la_oenb[36]
 la_oenb[37]
 la_oenb[38]
 la_oenb[39]
 la_oenb[3]
 la_oenb[40]
 la_oenb[41]
 la_oenb[42]
 la_oenb[43]
 la_oenb[44]
 la_oenb[45]
 la_oenb[46]
 la_oenb[47]
 la_oenb[48]
 la_oenb[49]
 la_oenb[4]
 la_oenb[50]
 la_oenb[51]
 la_oenb[52]
 la_oenb[53]
 la_oenb[54]
 la_oenb[55]
 la_oenb[56]
 la_oenb[57]
 la_oenb[58]
 la_oenb[59]
 la_oenb[5]
 la_oenb[60]
 la_oenb[61]
 la_oenb[62]
 la_oenb[63]
 la_oenb[64]
 la_oenb[65]
 la_oenb[66]
 la_oenb[67]
 la_oenb[68]
 la_oenb[69]
 la_oenb[6]
 la_oenb[70]
 la_oenb[71]
 la_oenb[72]
 la_oenb[73]
 la_oenb[74]
 la_oenb[75]
 la_oenb[76]
 la_oenb[77]
 la_oenb[78]
 la_oenb[79]
 la_oenb[7]
 la_oenb[80]
 la_oenb[81]
 la_oenb[82]
 la_oenb[83]
 la_oenb[84]
 la_oenb[85]
 la_oenb[86]
 la_oenb[87]
 la_oenb[88]
 la_oenb[89]
 la_oenb[8]
 la_oenb[90]
 la_oenb[91]
 la_oenb[92]
 la_oenb[93]
 la_oenb[94]
 la_oenb[95]
 la_oenb[96]
 la_oenb[97]
 la_oenb[98]
 la_oenb[99]
 la_oenb[9]
 user_clock2
 clkload0/Y
 clkload1/Y
 clkload10/Y
 clkload100/Y
 clkload1000/X
 clkload1001/X
 clkload1002/X
 clkload1003/X
 clkload1004/X
 clkload1005/X
 clkload1006/X
 clkload1007/X
 clkload1008/X
 clkload1009/X
 clkload101/Y
 clkload1010/X
 clkload1011/Y
 clkload1012/X
 clkload1013/Y
 clkload1014/Y
 clkload1015/X
 clkload1016/Y
 clkload1017/X
 clkload1018/X
 clkload1019/Y
 clkload102/X
 clkload1020/X
 clkload1021/Y
 clkload1022/Y
 clkload1023/Y
 clkload1024/X
 clkload1025/X
 clkload1026/X
 clkload1027/X
 clkload1028/X
 clkload1029/X
 clkload103/X
 clkload1030/X
 clkload1031/X
 clkload1032/Y
 clkload1033/Y
 clkload1034/Y
 clkload1035/X
 clkload1036/X
 clkload1037/Y
 clkload1038/X
 clkload1039/Y
 clkload104/X
 clkload1040/Y
 clkload1041/X
 clkload1042/Y
 clkload1043/X
 clkload1044/X
 clkload1045/X
 clkload1046/Y
 clkload1047/X
 clkload1048/Y
 clkload1049/X
 clkload105/X
 clkload1050/Y
 clkload1051/X
 clkload1052/X
 clkload1053/X
 clkload1054/X
 clkload1055/Y
 clkload1056/Y
 clkload1057/X
 clkload1058/Y
 clkload1059/Y
 clkload106/Y
 clkload1060/X
 clkload1061/Y
 clkload1062/Y
 clkload1063/Y
 clkload1064/X
 clkload1065/X
 clkload1066/X
 clkload1067/X
 clkload1068/X
 clkload1069/X
 clkload107/X
 clkload1070/Y
 clkload1071/X
 clkload1072/Y
 clkload1073/X
 clkload1074/Y
 clkload1075/X
 clkload1076/X
 clkload1077/X
 clkload1078/X
 clkload1079/X
 clkload108/Y
 clkload1080/X
 clkload1081/X
 clkload1082/X
 clkload1083/X
 clkload1084/X
 clkload1085/X
 clkload1086/X
 clkload1087/Y
 clkload1088/Y
 clkload1089/X
 clkload109/Y
 clkload1090/Y
 clkload1091/X
 clkload1092/X
 clkload1093/X
 clkload1094/X
 clkload1095/X
 clkload1096/X
 clkload1097/X
 clkload1098/X
 clkload1099/X
 clkload11/Y
 clkload110/Y
 clkload1100/X
 clkload1101/X
 clkload1102/X
 clkload1103/X
 clkload1104/Y
 clkload1105/X
 clkload1106/X
 clkload1107/X
 clkload1108/X
 clkload1109/X
 clkload111/Y
 clkload1110/Y
 clkload1111/X
 clkload1112/X
 clkload1113/X
 clkload1114/X
 clkload1115/X
 clkload1116/X
 clkload1117/X
 clkload1118/Y
 clkload1119/Y
 clkload112/X
 clkload1120/Y
 clkload1121/Y
 clkload1122/X
 clkload1123/X
 clkload1124/Y
 clkload1125/Y
 clkload1126/Y
 clkload1127/X
 clkload1128/X
 clkload1129/Y
 clkload113/X
 clkload1130/Y
 clkload1131/X
 clkload1132/Y
 clkload1133/Y
 clkload1134/Y
 clkload1135/X
 clkload1136/X
 clkload1137/X
 clkload1138/Y
 clkload1139/Y
 clkload114/X
 clkload1140/Y
 clkload1141/X
 clkload1142/X
 clkload1143/X
 clkload1144/Y
 clkload1145/X
 clkload1146/X
 clkload1147/X
 clkload1148/X
 clkload1149/X
 clkload115/Y
 clkload1150/X
 clkload1151/Y
 clkload1152/Y
 clkload1153/Y
 clkload1154/Y
 clkload1155/Y
 clkload1156/Y
 clkload1157/Y
 clkload1158/Y
 clkload1159/X
 clkload116/Y
 clkload1160/X
 clkload1161/X
 clkload1162/X
 clkload1163/X
 clkload1164/X
 clkload1165/X
 clkload1166/Y
 clkload1167/X
 clkload1168/Y
 clkload1169/X
 clkload117/Y
 clkload1170/X
 clkload1171/X
 clkload1172/X
 clkload1173/X
 clkload1174/X
 clkload1175/X
 clkload1176/X
 clkload1177/X
 clkload1178/Y
 clkload1179/Y
 clkload118/X
 clkload1180/Y
 clkload1181/Y
 clkload1182/X
 clkload1183/X
 clkload1184/Y
 clkload1185/Y
 clkload1186/X
 clkload1187/X
 clkload1188/X
 clkload1189/X
 clkload119/Y
 clkload1190/Y
 clkload1191/Y
 clkload1192/X
 clkload1193/Y
 clkload1194/Y
 clkload1195/Y
 clkload1196/Y
 clkload1197/X
 clkload1198/X
 clkload1199/Y
 clkload12/X
 clkload120/Y
 clkload1200/Y
 clkload1201/Y
 clkload1202/X
 clkload1203/Y
 clkload1204/Y
 clkload1205/Y
 clkload1206/Y
 clkload1207/Y
 clkload1208/X
 clkload1209/Y
 clkload121/Y
 clkload1210/X
 clkload1211/X
 clkload1212/Y
 clkload1213/X
 clkload1214/Y
 clkload1215/X
 clkload1216/Y
 clkload1217/Y
 clkload1218/Y
 clkload1219/X
 clkload122/X
 clkload1220/Y
 clkload1221/Y
 clkload1222/X
 clkload1223/Y
 clkload1224/Y
 clkload1225/Y
 clkload1226/Y
 clkload1227/Y
 clkload1228/Y
 clkload1229/Y
 clkload123/X
 clkload1230/X
 clkload1231/Y
 clkload1232/X
 clkload1233/X
 clkload1234/X
 clkload1235/Y
 clkload1236/X
 clkload1237/Y
 clkload1238/Y
 clkload1239/Y
 clkload124/X
 clkload1240/X
 clkload1241/X
 clkload1242/X
 clkload1243/X
 clkload1244/X
 clkload1245/Y
 clkload1246/X
 clkload1247/X
 clkload1248/Y
 clkload1249/Y
 clkload125/X
 clkload1250/Y
 clkload1251/Y
 clkload1252/X
 clkload1253/X
 clkload1254/X
 clkload1255/X
 clkload1256/X
 clkload1257/Y
 clkload1258/Y
 clkload1259/X
 clkload126/X
 clkload1260/X
 clkload1261/Y
 clkload1262/X
 clkload1263/X
 clkload1264/X
 clkload1265/X
 clkload1266/Y
 clkload1267/X
 clkload1268/X
 clkload1269/X
 clkload127/X
 clkload1270/X
 clkload1271/Y
 clkload1272/Y
 clkload1273/Y
 clkload1274/Y
 clkload1275/Y
 clkload1276/X
 clkload1277/X
 clkload1278/X
 clkload1279/X
 clkload128/X
 clkload1280/X
 clkload1281/X
 clkload1282/X
 clkload1283/X
 clkload1284/X
 clkload1285/X
 clkload1286/X
 clkload1287/Y
 clkload1288/Y
 clkload1289/X
 clkload129/Y
 clkload1290/X
 clkload1291/X
 clkload1292/Y
 clkload1293/X
 clkload1294/Y
 clkload1295/X
 clkload1296/X
 clkload1297/X
 clkload1298/X
 clkload1299/X
 clkload13/Y
 clkload130/X
 clkload1300/X
 clkload1301/X
 clkload1302/Y
 clkload1303/X
 clkload1304/X
 clkload1305/X
 clkload1306/X
 clkload1307/X
 clkload1308/X
 clkload1309/X
 clkload131/Y
 clkload1310/X
 clkload1311/X
 clkload1312/X
 clkload1313/X
 clkload1314/X
 clkload1315/X
 clkload1316/X
 clkload1317/X
 clkload1318/X
 clkload1319/X
 clkload132/Y
 clkload1320/X
 clkload1321/X
 clkload1322/X
 clkload1323/X
 clkload1324/X
 clkload1325/X
 clkload1326/X
 clkload1327/X
 clkload1328/X
 clkload1329/X
 clkload133/X
 clkload1330/X
 clkload1331/X
 clkload1332/Y
 clkload1333/X
 clkload1334/Y
 clkload1335/X
 clkload1336/Y
 clkload1337/X
 clkload1338/X
 clkload1339/Y
 clkload134/X
 clkload1340/X
 clkload1341/Y
 clkload1342/Y
 clkload1343/X
 clkload1344/Y
 clkload1345/Y
 clkload1346/Y
 clkload1347/Y
 clkload1348/Y
 clkload1349/Y
 clkload135/X
 clkload1350/X
 clkload1351/X
 clkload1352/X
 clkload1353/X
 clkload1354/X
 clkload1355/X
 clkload1356/X
 clkload1357/X
 clkload1358/X
 clkload1359/X
 clkload136/Y
 clkload1360/X
 clkload1361/X
 clkload1362/X
 clkload1363/X
 clkload1364/X
 clkload1365/X
 clkload1366/X
 clkload1367/X
 clkload1368/X
 clkload1369/X
 clkload137/X
 clkload1370/X
 clkload1371/X
 clkload1372/X
 clkload1373/X
 clkload1374/X
 clkload1375/X
 clkload1376/X
 clkload1377/X
 clkload1378/X
 clkload1379/X
 clkload138/X
 clkload1380/X
 clkload1381/X
 clkload1382/X
 clkload1383/X
 clkload1384/Y
 clkload1385/Y
 clkload1386/X
 clkload1387/X
 clkload1388/X
 clkload1389/Y
 clkload139/Y
 clkload1390/Y
 clkload1391/Y
 clkload1392/X
 clkload1393/X
 clkload1394/X
 clkload1395/X
 clkload1396/Y
 clkload1397/Y
 clkload1398/X
 clkload1399/Y
 clkload14/Y
 clkload140/X
 clkload1400/Y
 clkload1401/Y
 clkload1402/Y
 clkload1403/Y
 clkload1404/Y
 clkload1405/X
 clkload1406/Y
 clkload1407/X
 clkload1408/Y
 clkload1409/Y
 clkload141/Y
 clkload1410/Y
 clkload1411/X
 clkload1412/X
 clkload1413/Y
 clkload1414/X
 clkload1415/X
 clkload1416/X
 clkload1417/X
 clkload1418/X
 clkload1419/X
 clkload142/Y
 clkload1420/X
 clkload1421/X
 clkload1422/X
 clkload1423/X
 clkload1424/X
 clkload1425/X
 clkload1426/X
 clkload1427/X
 clkload1428/X
 clkload1429/X
 clkload143/X
 clkload1430/X
 clkload1431/X
 clkload1432/Y
 clkload1433/X
 clkload1434/X
 clkload1435/X
 clkload1436/X
 clkload1437/X
 clkload1438/Y
 clkload1439/X
 clkload144/Y
 clkload1440/X
 clkload1441/X
 clkload1442/X
 clkload1443/X
 clkload1444/X
 clkload1445/X
 clkload1446/X
 clkload1447/X
 clkload1448/Y
 clkload1449/Y
 clkload145/X
 clkload1450/Y
 clkload1451/X
 clkload1452/X
 clkload1453/X
 clkload1454/X
 clkload1455/X
 clkload1456/X
 clkload1457/X
 clkload1458/X
 clkload1459/X
 clkload146/X
 clkload1460/X
 clkload1461/X
 clkload1462/X
 clkload1463/X
 clkload1464/X
 clkload1465/X
 clkload1466/X
 clkload1467/X
 clkload1468/X
 clkload1469/X
 clkload147/X
 clkload1470/X
 clkload1471/X
 clkload1472/X
 clkload1473/X
 clkload1474/X
 clkload1475/X
 clkload1476/Y
 clkload1477/Y
 clkload1478/Y
 clkload1479/X
 clkload148/Y
 clkload1480/X
 clkload1481/X
 clkload1482/X
 clkload1483/X
 clkload1484/X
 clkload1485/Y
 clkload1486/X
 clkload1487/X
 clkload1488/X
 clkload1489/X
 clkload149/X
 clkload1490/X
 clkload1491/X
 clkload1492/X
 clkload1493/X
 clkload1494/X
 clkload1495/X
 clkload1496/X
 clkload1497/X
 clkload1498/Y
 clkload1499/Y
 clkload15/Y
 clkload150/X
 clkload1500/X
 clkload1501/Y
 clkload1502/Y
 clkload1503/Y
 clkload1504/Y
 clkload1505/Y
 clkload1506/X
 clkload1507/X
 clkload1508/X
 clkload1509/X
 clkload151/X
 clkload1510/Y
 clkload1511/Y
 clkload1512/Y
 clkload1513/Y
 clkload1514/Y
 clkload1515/X
 clkload1516/Y
 clkload1517/Y
 clkload1518/Y
 clkload1519/Y
 clkload152/Y
 clkload1520/X
 clkload1521/Y
 clkload1522/X
 clkload1523/Y
 clkload1524/Y
 clkload1525/X
 clkload1526/X
 clkload1527/X
 clkload1528/X
 clkload1529/X
 clkload153/X
 clkload1530/X
 clkload1531/Y
 clkload1532/Y
 clkload1533/Y
 clkload1534/X
 clkload1535/X
 clkload1536/X
 clkload1537/X
 clkload1538/X
 clkload1539/Y
 clkload154/X
 clkload1540/X
 clkload1541/Y
 clkload1542/X
 clkload1543/X
 clkload1544/X
 clkload1545/X
 clkload1546/Y
 clkload1547/Y
 clkload1548/X
 clkload1549/X
 clkload155/X
 clkload1550/X
 clkload1551/X
 clkload1552/X
 clkload1553/Y
 clkload1554/Y
 clkload1555/Y
 clkload1556/Y
 clkload1557/Y
 clkload1558/Y
 clkload156/X
 clkload157/X
 clkload158/Y
 clkload159/Y
 clkload16/Y
 clkload160/X
 clkload161/X
 clkload162/Y
 clkload163/Y
 clkload164/X
 clkload165/X
 clkload166/X
 clkload167/X
 clkload168/X
 clkload169/Y
 clkload17/Y
 clkload170/X
 clkload171/X
 clkload172/Y
 clkload173/X
 clkload174/X
 clkload175/X
 clkload176/Y
 clkload177/Y
 clkload178/X
 clkload179/Y
 clkload18/Y
 clkload180/Y
 clkload181/X
 clkload182/X
 clkload183/Y
 clkload184/Y
 clkload185/X
 clkload186/Y
 clkload187/Y
 clkload188/Y
 clkload189/Y
 clkload19/Y
 clkload190/Y
 clkload191/Y
 clkload192/X
 clkload193/X
 clkload194/X
 clkload195/X
 clkload196/Y
 clkload197/Y
 clkload198/X
 clkload199/X
 clkload2/Y
 clkload20/Y
 clkload200/Y
 clkload201/X
 clkload202/Y
 clkload203/X
 clkload204/Y
 clkload205/Y
 clkload206/X
 clkload207/Y
 clkload208/Y
 clkload209/X
 clkload21/Y
 clkload210/X
 clkload211/X
 clkload212/X
 clkload213/X
 clkload214/X
 clkload215/X
 clkload216/X
 clkload217/Y
 clkload218/Y
 clkload219/Y
 clkload22/Y
 clkload220/X
 clkload221/X
 clkload222/Y
 clkload223/Y
 clkload224/Y
 clkload225/Y
 clkload226/X
 clkload227/X
 clkload228/X
 clkload229/X
 clkload23/Y
 clkload230/X
 clkload231/X
 clkload232/X
 clkload233/X
 clkload234/X
 clkload235/Y
 clkload236/Y
 clkload237/Y
 clkload238/X
 clkload239/Y
 clkload24/Y
 clkload240/X
 clkload241/Y
 clkload242/Y
 clkload243/X
 clkload244/Y
 clkload245/X
 clkload246/X
 clkload247/Y
 clkload248/X
 clkload249/X
 clkload25/Y
 clkload250/X
 clkload251/X
 clkload252/X
 clkload253/X
 clkload254/X
 clkload255/X
 clkload256/X
 clkload257/X
 clkload258/X
 clkload259/Y
 clkload26/Y
 clkload260/Y
 clkload261/Y
 clkload262/Y
 clkload263/X
 clkload264/Y
 clkload265/Y
 clkload266/Y
 clkload267/X
 clkload268/Y
 clkload269/X
 clkload27/Y
 clkload270/X
 clkload271/X
 clkload272/X
 clkload273/Y
 clkload274/X
 clkload275/X
 clkload276/Y
 clkload277/Y
 clkload278/X
 clkload279/X
 clkload28/Y
 clkload280/Y
 clkload281/Y
 clkload282/Y
 clkload283/Y
 clkload284/Y
 clkload285/Y
 clkload286/X
 clkload287/Y
 clkload288/Y
 clkload289/Y
 clkload29/Y
 clkload290/Y
 clkload291/Y
 clkload292/Y
 clkload293/Y
 clkload294/Y
 clkload295/Y
 clkload296/Y
 clkload297/Y
 clkload298/X
 clkload299/X
 clkload3/Y
 clkload30/X
 clkload300/Y
 clkload301/Y
 clkload302/Y
 clkload303/X
 clkload304/X
 clkload305/Y
 clkload306/Y
 clkload307/Y
 clkload308/Y
 clkload309/Y
 clkload31/X
 clkload310/Y
 clkload311/Y
 clkload312/Y
 clkload313/Y
 clkload314/Y
 clkload315/X
 clkload316/X
 clkload317/X
 clkload318/X
 clkload319/X
 clkload32/Y
 clkload320/X
 clkload321/X
 clkload322/X
 clkload323/Y
 clkload324/X
 clkload325/X
 clkload326/Y
 clkload327/X
 clkload328/Y
 clkload329/Y
 clkload33/Y
 clkload330/X
 clkload331/X
 clkload332/Y
 clkload333/X
 clkload334/X
 clkload335/Y
 clkload336/Y
 clkload337/X
 clkload338/Y
 clkload339/Y
 clkload34/Y
 clkload340/Y
 clkload341/Y
 clkload342/Y
 clkload343/Y
 clkload344/Y
 clkload345/Y
 clkload346/Y
 clkload347/Y
 clkload348/X
 clkload349/Y
 clkload35/Y
 clkload350/X
 clkload351/X
 clkload352/X
 clkload353/X
 clkload354/X
 clkload355/X
 clkload356/X
 clkload357/X
 clkload358/X
 clkload359/X
 clkload36/Y
 clkload360/Y
 clkload361/Y
 clkload362/Y
 clkload363/X
 clkload364/X
 clkload365/X
 clkload366/X
 clkload367/X
 clkload368/X
 clkload369/X
 clkload37/Y
 clkload370/Y
 clkload371/Y
 clkload372/X
 clkload373/X
 clkload374/X
 clkload375/X
 clkload376/Y
 clkload377/Y
 clkload378/X
 clkload379/Y
 clkload38/Y
 clkload380/Y
 clkload381/Y
 clkload382/Y
 clkload383/Y
 clkload384/Y
 clkload385/Y
 clkload386/Y
 clkload387/X
 clkload388/X
 clkload389/X
 clkload39/X
 clkload390/Y
 clkload391/X
 clkload392/X
 clkload393/X
 clkload394/X
 clkload395/X
 clkload396/X
 clkload397/X
 clkload398/X
 clkload399/X
 clkload4/Y
 clkload40/Y
 clkload400/X
 clkload401/X
 clkload402/X
 clkload403/X
 clkload404/X
 clkload405/X
 clkload406/X
 clkload407/X
 clkload408/X
 clkload409/Y
 clkload41/Y
 clkload410/Y
 clkload411/Y
 clkload412/Y
 clkload413/Y
 clkload414/X
 clkload415/Y
 clkload416/X
 clkload417/X
 clkload418/Y
 clkload419/Y
 clkload42/X
 clkload420/Y
 clkload421/Y
 clkload422/Y
 clkload423/Y
 clkload424/X
 clkload425/X
 clkload426/Y
 clkload427/X
 clkload428/Y
 clkload429/Y
 clkload43/Y
 clkload430/Y
 clkload431/Y
 clkload432/Y
 clkload433/X
 clkload434/X
 clkload435/Y
 clkload436/X
 clkload437/Y
 clkload438/X
 clkload439/X
 clkload44/X
 clkload440/X
 clkload441/X
 clkload442/X
 clkload443/Y
 clkload444/Y
 clkload445/X
 clkload446/X
 clkload447/X
 clkload448/Y
 clkload449/X
 clkload45/Y
 clkload450/Y
 clkload451/X
 clkload452/X
 clkload453/X
 clkload454/X
 clkload455/X
 clkload456/X
 clkload457/X
 clkload458/X
 clkload459/X
 clkload46/Y
 clkload460/Y
 clkload461/Y
 clkload462/X
 clkload463/X
 clkload464/Y
 clkload465/X
 clkload466/X
 clkload467/X
 clkload468/X
 clkload469/X
 clkload47/Y
 clkload470/X
 clkload471/X
 clkload472/Y
 clkload473/X
 clkload474/X
 clkload475/Y
 clkload476/Y
 clkload477/X
 clkload478/Y
 clkload479/Y
 clkload48/Y
 clkload480/Y
 clkload481/Y
 clkload482/Y
 clkload483/Y
 clkload484/Y
 clkload485/Y
 clkload486/Y
 clkload487/Y
 clkload488/X
 clkload489/Y
 clkload49/Y
 clkload490/Y
 clkload491/Y
 clkload492/Y
 clkload493/Y
 clkload494/X
 clkload495/Y
 clkload496/Y
 clkload497/X
 clkload498/Y
 clkload499/Y
 clkload5/Y
 clkload50/Y
 clkload500/Y
 clkload501/Y
 clkload502/Y
 clkload503/Y
 clkload504/Y
 clkload505/Y
 clkload506/Y
 clkload507/Y
 clkload508/X
 clkload509/X
 clkload51/Y
 clkload510/X
 clkload511/X
 clkload512/Y
 clkload513/X
 clkload514/X
 clkload515/X
 clkload516/Y
 clkload517/Y
 clkload518/X
 clkload519/Y
 clkload52/Y
 clkload520/Y
 clkload521/X
 clkload522/Y
 clkload523/Y
 clkload524/X
 clkload525/X
 clkload526/X
 clkload527/Y
 clkload528/X
 clkload529/Y
 clkload53/X
 clkload530/X
 clkload531/Y
 clkload532/X
 clkload533/Y
 clkload534/X
 clkload535/Y
 clkload536/Y
 clkload537/X
 clkload538/Y
 clkload539/Y
 clkload54/Y
 clkload540/Y
 clkload541/Y
 clkload542/Y
 clkload543/Y
 clkload544/Y
 clkload545/X
 clkload546/Y
 clkload547/X
 clkload548/Y
 clkload549/Y
 clkload55/Y
 clkload550/X
 clkload551/X
 clkload552/Y
 clkload553/Y
 clkload554/X
 clkload555/Y
 clkload556/Y
 clkload557/Y
 clkload558/Y
 clkload559/Y
 clkload56/Y
 clkload560/Y
 clkload561/Y
 clkload562/Y
 clkload563/Y
 clkload564/X
 clkload565/Y
 clkload566/Y
 clkload567/Y
 clkload568/X
 clkload569/Y
 clkload57/Y
 clkload570/Y
 clkload571/Y
 clkload572/Y
 clkload573/Y
 clkload574/X
 clkload575/X
 clkload576/Y
 clkload577/X
 clkload578/Y
 clkload579/Y
 clkload58/X
 clkload580/Y
 clkload581/Y
 clkload582/X
 clkload583/Y
 clkload584/X
 clkload585/X
 clkload586/Y
 clkload587/Y
 clkload588/Y
 clkload589/Y
 clkload59/X
 clkload590/X
 clkload591/X
 clkload592/Y
 clkload593/Y
 clkload594/Y
 clkload595/X
 clkload596/X
 clkload597/Y
 clkload598/X
 clkload599/Y
 clkload6/Y
 clkload60/Y
 clkload600/X
 clkload601/Y
 clkload602/X
 clkload603/Y
 clkload604/Y
 clkload605/X
 clkload606/X
 clkload607/X
 clkload608/Y
 clkload609/X
 clkload61/Y
 clkload610/X
 clkload611/X
 clkload612/Y
 clkload613/Y
 clkload614/Y
 clkload615/X
 clkload616/Y
 clkload617/X
 clkload618/Y
 clkload619/Y
 clkload62/X
 clkload620/X
 clkload621/Y
 clkload622/Y
 clkload623/X
 clkload624/Y
 clkload625/X
 clkload626/X
 clkload627/X
 clkload628/Y
 clkload629/Y
 clkload63/X
 clkload630/Y
 clkload631/X
 clkload632/X
 clkload633/X
 clkload634/Y
 clkload635/Y
 clkload636/Y
 clkload637/X
 clkload638/Y
 clkload639/Y
 clkload64/Y
 clkload640/X
 clkload641/Y
 clkload642/X
 clkload643/Y
 clkload644/Y
 clkload645/Y
 clkload646/X
 clkload647/X
 clkload648/X
 clkload649/X
 clkload65/Y
 clkload650/X
 clkload651/X
 clkload652/X
 clkload653/X
 clkload654/X
 clkload655/X
 clkload656/Y
 clkload657/X
 clkload658/Y
 clkload659/Y
 clkload66/X
 clkload660/X
 clkload661/X
 clkload662/X
 clkload663/X
 clkload664/X
 clkload665/X
 clkload666/X
 clkload667/X
 clkload668/X
 clkload669/X
 clkload67/Y
 clkload670/X
 clkload671/Y
 clkload672/X
 clkload673/X
 clkload674/X
 clkload675/X
 clkload676/X
 clkload677/X
 clkload678/X
 clkload679/X
 clkload68/Y
 clkload680/X
 clkload681/X
 clkload682/X
 clkload683/X
 clkload684/X
 clkload685/X
 clkload686/X
 clkload687/X
 clkload688/Y
 clkload689/X
 clkload69/X
 clkload690/X
 clkload691/X
 clkload692/X
 clkload693/X
 clkload694/Y
 clkload695/X
 clkload696/Y
 clkload697/X
 clkload698/Y
 clkload699/X
 clkload7/Y
 clkload70/Y
 clkload700/Y
 clkload701/X
 clkload702/Y
 clkload703/Y
 clkload704/Y
 clkload705/X
 clkload706/Y
 clkload707/X
 clkload708/Y
 clkload709/Y
 clkload71/Y
 clkload710/Y
 clkload711/X
 clkload712/X
 clkload713/X
 clkload714/X
 clkload715/X
 clkload716/X
 clkload717/X
 clkload718/X
 clkload719/Y
 clkload72/Y
 clkload720/Y
 clkload721/Y
 clkload722/X
 clkload723/X
 clkload724/X
 clkload725/X
 clkload726/X
 clkload727/X
 clkload728/X
 clkload729/X
 clkload73/Y
 clkload730/X
 clkload731/Y
 clkload732/Y
 clkload733/X
 clkload734/X
 clkload735/X
 clkload736/X
 clkload737/X
 clkload738/X
 clkload739/X
 clkload74/Y
 clkload740/X
 clkload741/X
 clkload742/X
 clkload743/X
 clkload744/X
 clkload745/X
 clkload746/X
 clkload747/X
 clkload748/X
 clkload749/X
 clkload75/Y
 clkload750/X
 clkload751/X
 clkload752/X
 clkload753/X
 clkload754/X
 clkload755/X
 clkload756/Y
 clkload757/X
 clkload758/X
 clkload759/Y
 clkload76/Y
 clkload760/X
 clkload761/Y
 clkload762/X
 clkload763/X
 clkload764/X
 clkload765/X
 clkload766/Y
 clkload767/Y
 clkload768/Y
 clkload769/Y
 clkload77/Y
 clkload770/Y
 clkload771/Y
 clkload772/X
 clkload773/X
 clkload774/X
 clkload775/X
 clkload776/X
 clkload777/X
 clkload778/X
 clkload779/X
 clkload78/X
 clkload780/X
 clkload781/X
 clkload782/X
 clkload783/Y
 clkload784/Y
 clkload785/Y
 clkload786/Y
 clkload787/Y
 clkload788/Y
 clkload789/X
 clkload79/Y
 clkload790/Y
 clkload791/X
 clkload792/X
 clkload793/X
 clkload794/X
 clkload795/X
 clkload796/X
 clkload797/X
 clkload798/X
 clkload799/X
 clkload8/Y
 clkload80/Y
 clkload800/X
 clkload801/X
 clkload802/X
 clkload803/X
 clkload804/X
 clkload805/X
 clkload806/X
 clkload807/X
 clkload808/X
 clkload809/Y
 clkload81/X
 clkload810/Y
 clkload811/Y
 clkload812/Y
 clkload813/Y
 clkload814/Y
 clkload815/Y
 clkload816/Y
 clkload817/Y
 clkload818/Y
 clkload819/Y
 clkload82/Y
 clkload820/X
 clkload821/X
 clkload822/Y
 clkload823/X
 clkload824/X
 clkload825/X
 clkload826/X
 clkload827/X
 clkload828/X
 clkload829/X
 clkload83/Y
 clkload830/X
 clkload831/X
 clkload832/X
 clkload833/X
 clkload834/X
 clkload835/X
 clkload836/X
 clkload837/X
 clkload838/X
 clkload839/Y
 clkload84/X
 clkload840/X
 clkload841/Y
 clkload842/Y
 clkload843/Y
 clkload844/Y
 clkload845/X
 clkload846/Y
 clkload847/Y
 clkload848/Y
 clkload849/X
 clkload85/Y
 clkload850/X
 clkload851/X
 clkload852/X
 clkload853/X
 clkload854/X
 clkload855/X
 clkload856/Y
 clkload857/X
 clkload858/Y
 clkload859/X
 clkload86/Y
 clkload860/X
 clkload861/X
 clkload862/Y
 clkload863/X
 clkload864/X
 clkload865/X
 clkload866/X
 clkload867/X
 clkload868/X
 clkload869/X
 clkload87/Y
 clkload870/X
 clkload871/X
 clkload872/X
 clkload873/X
 clkload874/X
 clkload875/X
 clkload876/X
 clkload877/X
 clkload878/X
 clkload879/X
 clkload88/Y
 clkload880/X
 clkload881/X
 clkload882/X
 clkload883/X
 clkload884/X
 clkload885/X
 clkload886/X
 clkload887/X
 clkload888/X
 clkload889/X
 clkload89/X
 clkload890/X
 clkload891/X
 clkload892/Y
 clkload893/X
 clkload894/X
 clkload895/Y
 clkload896/X
 clkload897/X
 clkload898/Y
 clkload899/X
 clkload9/Y
 clkload90/X
 clkload900/X
 clkload901/X
 clkload902/Y
 clkload903/Y
 clkload904/X
 clkload905/X
 clkload906/Y
 clkload907/Y
 clkload908/Y
 clkload909/Y
 clkload91/X
 clkload910/Y
 clkload911/Y
 clkload912/Y
 clkload913/Y
 clkload914/Y
 clkload915/X
 clkload916/X
 clkload917/X
 clkload918/Y
 clkload919/X
 clkload92/X
 clkload920/Y
 clkload921/Y
 clkload922/X
 clkload923/X
 clkload924/Y
 clkload925/X
 clkload926/Y
 clkload927/Y
 clkload928/Y
 clkload929/X
 clkload93/Y
 clkload930/X
 clkload931/X
 clkload932/X
 clkload933/X
 clkload934/X
 clkload935/X
 clkload936/X
 clkload937/X
 clkload938/X
 clkload939/X
 clkload94/Y
 clkload940/X
 clkload941/Y
 clkload942/X
 clkload943/X
 clkload944/X
 clkload945/Y
 clkload946/X
 clkload947/X
 clkload948/X
 clkload949/X
 clkload95/Y
 clkload950/Y
 clkload951/X
 clkload952/X
 clkload953/X
 clkload954/Y
 clkload955/Y
 clkload956/Y
 clkload957/X
 clkload958/X
 clkload959/X
 clkload96/Y
 clkload960/X
 clkload961/X
 clkload962/X
 clkload963/X
 clkload964/X
 clkload965/Y
 clkload966/X
 clkload967/X
 clkload968/X
 clkload969/X
 clkload97/X
 clkload970/X
 clkload971/X
 clkload972/Y
 clkload973/Y
 clkload974/Y
 clkload975/X
 clkload976/X
 clkload977/X
 clkload978/X
 clkload979/X
 clkload98/X
 clkload980/X
 clkload981/X
 clkload982/X
 clkload983/X
 clkload984/X
 clkload985/X
 clkload986/Y
 clkload987/Y
 clkload988/X
 clkload989/X
 clkload99/X
 clkload990/Y
 clkload991/Y
 clkload992/Y
 clkload993/X
 clkload994/X
 clkload995/X
 clkload996/X
 clkload997/X
 clkload998/X
 clkload999/X
 neuro_inst/VDDA
 neuro_inst/VDDC
 neuro_inst/VSS
 user_project_wrapper_12183/HI
 user_project_wrapper_12184/HI
 user_project_wrapper_12185/HI
 user_project_wrapper_12186/HI
 user_project_wrapper_12187/HI
 user_project_wrapper_12188/HI
 user_project_wrapper_12189/HI
 user_project_wrapper_12190/HI
 user_project_wrapper_12191/HI
 user_project_wrapper_12192/HI
 user_project_wrapper_12193/HI
 user_project_wrapper_12194/HI
 user_project_wrapper_12195/HI
 user_project_wrapper_12196/HI
 user_project_wrapper_12197/HI
 user_project_wrapper_12198/HI
 user_project_wrapper_12199/HI
 user_project_wrapper_12200/HI
 user_project_wrapper_12201/HI
 user_project_wrapper_12202/HI
 user_project_wrapper_12203/HI
 user_project_wrapper_12204/HI
 user_project_wrapper_12205/HI
 user_project_wrapper_12206/HI
 user_project_wrapper_12207/HI
 user_project_wrapper_12208/HI
 user_project_wrapper_12209/HI
 user_project_wrapper_12210/HI
 user_project_wrapper_12211/HI
 user_project_wrapper_12212/HI
 user_project_wrapper_12213/HI
 user_project_wrapper_12214/HI
 user_project_wrapper_12215/HI
 user_project_wrapper_12216/HI
 user_project_wrapper_12217/HI
 user_project_wrapper_12218/HI
 user_project_wrapper_12219/HI
 user_project_wrapper_12220/HI
 user_project_wrapper_12221/HI
 user_project_wrapper_12222/HI
 user_project_wrapper_12223/HI
 user_project_wrapper_12224/HI
 user_project_wrapper_12225/HI
 user_project_wrapper_12226/HI
 user_project_wrapper_12227/HI
 user_project_wrapper_12228/HI
 user_project_wrapper_12229/HI
 user_project_wrapper_12230/HI
 user_project_wrapper_12231/HI
 user_project_wrapper_12232/HI
 user_project_wrapper_12233/HI
 user_project_wrapper_12234/HI
 user_project_wrapper_12235/HI
 user_project_wrapper_12236/HI
 user_project_wrapper_12237/HI
 user_project_wrapper_12238/HI
 user_project_wrapper_12239/HI
 user_project_wrapper_12240/HI
 user_project_wrapper_12241/HI
 user_project_wrapper_12242/HI
 user_project_wrapper_12243/HI
 user_project_wrapper_12244/HI
 user_project_wrapper_12245/HI
 user_project_wrapper_12246/HI
 user_project_wrapper_12247/HI
 user_project_wrapper_12248/HI
 user_project_wrapper_12249/HI
 user_project_wrapper_12250/HI
 user_project_wrapper_12251/HI
 user_project_wrapper_12252/HI
 user_project_wrapper_12253/HI
 user_project_wrapper_12254/HI
 user_project_wrapper_12255/HI
 user_project_wrapper_12256/HI
 user_project_wrapper_12257/HI
 user_project_wrapper_12258/HI
 user_project_wrapper_12259/HI
 user_project_wrapper_12260/HI
 user_project_wrapper_12261/HI
 user_project_wrapper_12262/HI
 user_project_wrapper_12263/HI
 user_project_wrapper_12264/HI
 user_project_wrapper_12265/HI
 user_project_wrapper_12266/HI
 user_project_wrapper_12267/HI
 user_project_wrapper_12268/HI
 user_project_wrapper_12269/HI
 user_project_wrapper_12270/HI
 user_project_wrapper_12271/HI
 user_project_wrapper_12272/HI
 user_project_wrapper_12273/HI
 user_project_wrapper_12274/HI
 user_project_wrapper_12275/HI
 user_project_wrapper_12276/HI
 user_project_wrapper_12277/HI
 user_project_wrapper_12278/HI
 user_project_wrapper_12279/HI
 user_project_wrapper_12280/HI
 user_project_wrapper_12281/HI
 user_project_wrapper_12282/HI
 user_project_wrapper_12283/HI
 user_project_wrapper_12284/HI
 user_project_wrapper_12285/HI
 user_project_wrapper_12286/HI
 user_project_wrapper_12287/HI
 user_project_wrapper_12288/HI
 user_project_wrapper_12289/HI
 user_project_wrapper_12290/HI
 user_project_wrapper_12291/HI
 user_project_wrapper_12292/HI
 user_project_wrapper_12293/HI
 user_project_wrapper_12294/HI
 user_project_wrapper_12295/HI
 user_project_wrapper_12296/HI
 user_project_wrapper_12297/HI
 user_project_wrapper_12298/HI
 user_project_wrapper_12299/HI
 user_project_wrapper_12300/HI
 user_project_wrapper_12301/HI
 user_project_wrapper_12302/HI
 user_project_wrapper_12303/HI
 user_project_wrapper_12304/HI
 user_project_wrapper_12305/HI
 user_project_wrapper_12306/HI
 user_project_wrapper_12307/HI
 user_project_wrapper_12308/HI
 user_project_wrapper_12309/HI
 user_project_wrapper_12310/HI
 user_project_wrapper_12311/HI
 user_project_wrapper_12312/HI
 user_project_wrapper_12313/HI
 user_project_wrapper_12314/HI
 user_project_wrapper_12315/HI
 user_project_wrapper_12316/HI
 user_project_wrapper_12317/HI
 user_project_wrapper_12318/HI
 user_project_wrapper_12319/HI
 user_project_wrapper_12320/HI
 user_project_wrapper_12321/HI
 user_project_wrapper_12322/HI
 user_project_wrapper_12323/HI
 user_project_wrapper_12324/HI
 user_project_wrapper_12325/HI
 user_project_wrapper_12326/HI
 user_project_wrapper_12327/HI
 user_project_wrapper_12328/HI
 user_project_wrapper_12329/HI
 user_project_wrapper_12330/HI
 user_project_wrapper_12331/HI
 user_project_wrapper_12332/HI
 user_project_wrapper_12333/HI
 user_project_wrapper_12334/HI
 user_project_wrapper_12335/HI
 user_project_wrapper_12336/HI
 user_project_wrapper_12337/HI
 user_project_wrapper_12338/HI
 user_project_wrapper_12339/HI
 user_project_wrapper_12340/HI
 user_project_wrapper_12341/HI
 user_project_wrapper_12342/HI
 user_project_wrapper_12343/HI
 user_project_wrapper_12344/HI
 user_project_wrapper_12345/HI
 user_project_wrapper_12346/HI
 user_project_wrapper_12347/HI
 user_project_wrapper_12348/HI
 user_project_wrapper_12349/HI
 user_project_wrapper_12350/HI
 user_project_wrapper_12351/LO
 user_project_wrapper_12352/LO
 user_project_wrapper_12353/LO
 user_project_wrapper_12354/LO
 user_project_wrapper_12355/LO
 user_project_wrapper_12356/LO
 user_project_wrapper_12357/LO
 user_project_wrapper_12358/LO
 user_project_wrapper_12359/LO
 user_project_wrapper_12360/LO
 user_project_wrapper_12361/LO
 user_project_wrapper_12362/LO
 user_project_wrapper_12363/LO
 user_project_wrapper_12364/LO
 user_project_wrapper_12365/LO
 user_project_wrapper_12366/LO
 user_project_wrapper_12367/LO
 user_project_wrapper_12368/LO
 user_project_wrapper_12369/LO
 user_project_wrapper_12370/LO
 user_project_wrapper_12371/LO
 user_project_wrapper_12372/LO
 user_project_wrapper_12373/LO
 user_project_wrapper_12374/LO
 user_project_wrapper_12375/LO
 user_project_wrapper_12376/LO
 user_project_wrapper_12377/LO
 user_project_wrapper_12378/LO
 user_project_wrapper_12379/LO
 user_project_wrapper_12380/LO
 user_project_wrapper_12381/LO
 user_project_wrapper_12382/LO
 user_project_wrapper_12383/LO
 user_project_wrapper_12384/LO
 user_project_wrapper_12385/LO
 user_project_wrapper_12386/LO
 user_project_wrapper_12387/LO
Found 0 partially unannotated drivers.

===========================================================================
max slew violation count 1237
max fanout violation count 5866
max cap violation count 80
============================================================================

===========================================================================
check_setup -verbose -unconstrained_endpoints -multiple_clock -no_clock -no_input_delay -loops -generated_clocks
===========================================================================
Warning: There are 68 input ports missing set_input_delay.
  analog_io[0]
  analog_io[10]
  analog_io[11]
  analog_io[12]
  analog_io[13]
  analog_io[14]
  analog_io[15]
  analog_io[16]
  analog_io[17]
  analog_io[18]
  analog_io[19]
  analog_io[1]
  analog_io[20]
  analog_io[21]
  analog_io[22]
  analog_io[23]
  analog_io[24]
  analog_io[25]
  analog_io[26]
  analog_io[27]
  analog_io[28]
  analog_io[2]
  analog_io[3]
  analog_io[4]
  analog_io[5]
  analog_io[6]
  analog_io[7]
  analog_io[8]
  analog_io[9]
  io_in[0]
  io_in[10]
  io_in[11]
  io_in[12]
  io_in[13]
  io_in[14]
  io_in[15]
  io_in[16]
  io_in[17]
  io_in[18]
  io_in[19]
  io_in[1]
  io_in[20]
  io_in[21]
  io_in[22]
  io_in[23]
  io_in[24]
  io_in[25]
  io_in[26]
  io_in[27]
  io_in[28]
  io_in[29]
  io_in[2]
  io_in[30]
  io_in[31]
  io_in[32]
  io_in[33]
  io_in[34]
  io_in[35]
  io_in[36]
  io_in[37]
  io_in[3]
  io_in[4]
  io_in[5]
  io_in[6]
  io_in[7]
  io_in[8]
  io_in[9]
  user_clock2
Warning: There are 235 unconstrained endpoints.
  analog_io[0]
  analog_io[10]
  analog_io[11]
  analog_io[12]
  analog_io[13]
  analog_io[14]
  analog_io[15]
  analog_io[16]
  analog_io[17]
  analog_io[18]
  analog_io[19]
  analog_io[1]
  analog_io[20]
  analog_io[21]
  analog_io[22]
  analog_io[23]
  analog_io[24]
  analog_io[25]
  analog_io[26]
  analog_io[27]
  analog_io[28]
  analog_io[2]
  analog_io[3]
  analog_io[4]
  analog_io[5]
  analog_io[6]
  analog_io[7]
  analog_io[8]
  analog_io[9]
  io_oeb[0]
  io_oeb[10]
  io_oeb[11]
  io_oeb[12]
  io_oeb[13]
  io_oeb[14]
  io_oeb[15]
  io_oeb[16]
  io_oeb[17]
  io_oeb[18]
  io_oeb[19]
  io_oeb[1]
  io_oeb[20]
  io_oeb[21]
  io_oeb[22]
  io_oeb[23]
  io_oeb[24]
  io_oeb[25]
  io_oeb[26]
  io_oeb[27]
  io_oeb[28]
  io_oeb[29]
  io_oeb[2]
  io_oeb[30]
  io_oeb[31]
  io_oeb[32]
  io_oeb[33]
  io_oeb[34]
  io_oeb[35]
  io_oeb[36]
  io_oeb[37]
  io_oeb[3]
  io_oeb[4]
  io_oeb[5]
  io_oeb[6]
  io_oeb[7]
  io_oeb[8]
  io_oeb[9]
  io_out[0]
  io_out[10]
  io_out[11]
  io_out[12]
  io_out[13]
  io_out[14]
  io_out[15]
  io_out[16]
  io_out[17]
  io_out[18]
  io_out[19]
  io_out[1]
  io_out[20]
  io_out[21]
  io_out[22]
  io_out[23]
  io_out[24]
  io_out[25]
  io_out[26]
  io_out[27]
  io_out[28]
  io_out[29]
  io_out[2]
  io_out[30]
  io_out[31]
  io_out[32]
  io_out[33]
  io_out[34]
  io_out[35]
  io_out[36]
  io_out[37]
  io_out[3]
  io_out[4]
  io_out[5]
  io_out[6]
  io_out[7]
  io_out[8]
  io_out[9]
  la_data_out[0]
  la_data_out[100]
  la_data_out[101]
  la_data_out[102]
  la_data_out[103]
  la_data_out[104]
  la_data_out[105]
  la_data_out[106]
  la_data_out[107]
  la_data_out[108]
  la_data_out[109]
  la_data_out[10]
  la_data_out[110]
  la_data_out[111]
  la_data_out[112]
  la_data_out[113]
  la_data_out[114]
  la_data_out[115]
  la_data_out[116]
  la_data_out[117]
  la_data_out[118]
  la_data_out[119]
  la_data_out[11]
  la_data_out[120]
  la_data_out[121]
  la_data_out[122]
  la_data_out[123]
  la_data_out[124]
  la_data_out[125]
  la_data_out[126]
  la_data_out[127]
  la_data_out[12]
  la_data_out[13]
  la_data_out[14]
  la_data_out[15]
  la_data_out[16]
  la_data_out[17]
  la_data_out[18]
  la_data_out[19]
  la_data_out[1]
  la_data_out[20]
  la_data_out[21]
  la_data_out[22]
  la_data_out[23]
  la_data_out[24]
  la_data_out[25]
  la_data_out[26]
  la_data_out[27]
  la_data_out[28]
  la_data_out[29]
  la_data_out[2]
  la_data_out[30]
  la_data_out[31]
  la_data_out[32]
  la_data_out[33]
  la_data_out[34]
  la_data_out[35]
  la_data_out[36]
  la_data_out[37]
  la_data_out[38]
  la_data_out[39]
  la_data_out[3]
  la_data_out[40]
  la_data_out[41]
  la_data_out[42]
  la_data_out[43]
  la_data_out[44]
  la_data_out[45]
  la_data_out[46]
  la_data_out[47]
  la_data_out[48]
  la_data_out[49]
  la_data_out[4]
  la_data_out[50]
  la_data_out[51]
  la_data_out[52]
  la_data_out[53]
  la_data_out[54]
  la_data_out[55]
  la_data_out[56]
  la_data_out[57]
  la_data_out[58]
  la_data_out[59]
  la_data_out[5]
  la_data_out[60]
  la_data_out[61]
  la_data_out[62]
  la_data_out[63]
  la_data_out[64]
  la_data_out[65]
  la_data_out[66]
  la_data_out[67]
  la_data_out[68]
  la_data_out[69]
  la_data_out[6]
  la_data_out[70]
  la_data_out[71]
  la_data_out[72]
  la_data_out[73]
  la_data_out[74]
  la_data_out[75]
  la_data_out[76]
  la_data_out[77]
  la_data_out[78]
  la_data_out[79]
  la_data_out[7]
  la_data_out[80]
  la_data_out[81]
  la_data_out[82]
  la_data_out[83]
  la_data_out[84]
  la_data_out[85]
  la_data_out[86]
  la_data_out[87]
  la_data_out[88]
  la_data_out[89]
  la_data_out[8]
  la_data_out[90]
  la_data_out[91]
  la_data_out[92]
  la_data_out[93]
  la_data_out[94]
  la_data_out[95]
  la_data_out[96]
  la_data_out[97]
  la_data_out[98]
  la_data_out[99]
  la_data_out[9]
  user_irq[1]
  user_irq[2]
